{
	"credit": "Made with Blockbench",
	"parent": "minecraft:block/cube_bottom_top",
	"textures": {
		"2": "block/anvil",
		"3": "block/stripped_spruce_log",
		"4": "block/barrel_top",
		"particle": "block/anvil",
		"bottom": "block/barrel_bottom",
		"side": "block/barrel_side"
	},
	"elements": [
		{
			"from": [15, 0, 0],
			"to": [16, 16, 16],
			"faces": {
				"north": {"uv": [0, 0, 1, 16], "texture": "#side"},
				"east": {"uv": [0, 0, 16, 16], "texture": "#side"},
				"south": {"uv": [0, 0, 1, 16], "texture": "#side"},
				"west": {"uv": [0, 0, 16, 16], "texture": "#side"},
				"up": {"uv": [0, 9, 16, 10], "rotation": 90, "texture": "#side"},
				"down": {"uv": [0, 9, 16, 10], "rotation": 90, "texture": "#side"}
			}
		},
		{
			"from": [14.95, 1, 1],
			"to": [14.95, 15, 15],
			"rotation": {"angle": 0, "axis": "y", "origin": [-0.05, 0, 0]},
			"faces": {
				"north": {"uv": [0, 0, 1, 16], "texture": "#bottom"},
				"east": {"uv": [0, 0, 16, 16], "texture": "#bottom"},
				"south": {"uv": [0, 0, 1, 16], "texture": "#bottom"},
				"west": {"uv": [1, 1, 15, 15], "texture": "#bottom"},
				"up": {"uv": [0, 9, 16, 10], "rotation": 90, "texture": "#bottom"},
				"down": {"uv": [0, 9, 16, 10], "rotation": 90, "texture": "#bottom"}
			}
		},
		{
			"from": [1.05, 1, 14.925],
			"to": [15.05, 15, 14.925],
			"rotation": {"angle": 0, "axis": "y", "origin": [0.05, 0, -0.075]},
			"faces": {
				"north": {"uv": [15, 1, 1, 15], "texture": "#bottom"},
				"east": {"uv": [1, 0, 0, 16], "texture": "#bottom"},
				"south": {"uv": [16, 0, 0, 16], "texture": "#bottom"},
				"west": {"uv": [1, 0, 0, 16], "texture": "#bottom"},
				"up": {"uv": [0, 10, 16, 9], "texture": "#bottom"},
				"down": {"uv": [0, 10, 16, 9], "rotation": 180, "texture": "#bottom"}
			}
		},
		{
			"from": [1.05, 1, 1],
			"to": [1.05, 15, 15],
			"rotation": {"angle": 0, "axis": "y", "origin": [16.05, 0, 0]},
			"faces": {
				"north": {"uv": [1, 0, 0, 16], "texture": "#bottom"},
				"east": {"uv": [15, 1, 1, 15], "texture": "#bottom"},
				"south": {"uv": [1, 0, 0, 16], "texture": "#bottom"},
				"west": {"uv": [16, 0, 0, 16], "texture": "#bottom"},
				"up": {"uv": [0, 10, 16, 9], "rotation": 90, "texture": "#bottom"},
				"down": {"uv": [0, 10, 16, 9], "rotation": 90, "texture": "#bottom"}
			}
		},
		{
			"from": [0, 0, 0],
			"to": [1, 16, 16],
			"rotation": {"angle": 0, "axis": "y", "origin": [16, 0, 0]},
			"faces": {
				"north": {"uv": [1, 0, 0, 16], "texture": "#side"},
				"east": {"uv": [16, 0, 0, 16], "texture": "#side"},
				"south": {"uv": [1, 0, 0, 16], "texture": "#side"},
				"west": {"uv": [16, 0, 0, 16], "texture": "#side"},
				"up": {"uv": [16, 6, 0, 7], "rotation": 90, "texture": "#side"},
				"down": {"uv": [0, 15, 16, 14], "rotation": 90, "texture": "#side"}
			}
		},
		{
			"from": [1, 0, 0],
			"to": [15, 16, 1],
			"rotation": {"angle": 0, "axis": "y", "origin": [16, 0, 16]},
			"faces": {
				"north": {"uv": [0, 0, 14, 16], "texture": "#side"},
				"east": {"uv": [1, 0, 2, 16], "texture": "#side"},
				"south": {"uv": [0, 0, 14, 16], "texture": "#side"},
				"west": {"uv": [1, 0, 2, 16], "texture": "#side"},
				"up": {"uv": [1, 7, 15, 8], "texture": "#side"},
				"down": {"uv": [0, 9, 14, 10], "rotation": 180, "texture": "#side"}
			}
		},
		{
			"from": [1, 0, 15],
			"to": [15, 16, 16],
			"rotation": {"angle": 0, "axis": "y", "origin": [16, 0, 31]},
			"faces": {
				"north": {"uv": [0, 0, 14, 16], "texture": "#side"},
				"east": {"uv": [1, 0, 2, 16], "texture": "#side"},
				"south": {"uv": [0, 0, 14, 16], "texture": "#side"},
				"west": {"uv": [1, 0, 2, 16], "texture": "#side"},
				"up": {"uv": [1, 1, 15, 2], "texture": "#side"},
				"down": {"uv": [0, 5, 14, 6], "rotation": 180, "texture": "#side"}
			}
		},
		{
			"from": [1, 0, 1],
			"to": [15, 1, 15],
			"rotation": {"angle": 0, "axis": "y", "origin": [16, 0, 31]},
			"faces": {
				"north": {"uv": [0, 0, 14, 1], "texture": "#bottom"},
				"east": {"uv": [1, 0, 15, 1], "texture": "#bottom"},
				"south": {"uv": [0, 0, 14, 1], "texture": "#bottom"},
				"west": {"uv": [1, 0, 15, 1], "texture": "#bottom"},
				"up": {"uv": [1, 0, 15, 14], "rotation": 90, "texture": "#bottom"},
				"down": {"uv": [1, 1, 15, 15], "rotation": 270, "texture": "#bottom"}
			}
		},
		{
			"from": [13, 1, 13],
			"to": [15, 3, 15],
			"rotation": {"angle": 0, "axis": "y", "origin": [16, 0, 31]},
			"faces": {
				"north": {"uv": [0, 0, 2, 2], "texture": "#3"},
				"east": {"uv": [1, 0, 3, 2], "texture": "#3"},
				"south": {"uv": [0, 0, 2, 2], "texture": "#3"},
				"west": {"uv": [1, 0, 3, 2], "texture": "#3"},
				"up": {"uv": [1, 0, 3, 2], "rotation": 90, "texture": "#3"},
				"down": {"uv": [1, 0, 3, 2], "rotation": 270, "texture": "#3"}
			}
		},
		{
			"from": [13.5, 3, 13.5],
			"to": [15, 6, 15],
			"rotation": {"angle": 0, "axis": "y", "origin": [16, 0, 31]},
			"faces": {
				"north": {"uv": [0, 0, 1.5, 3], "texture": "#3"},
				"east": {"uv": [1, 0, 2.5, 3], "texture": "#3"},
				"south": {"uv": [0, 0, 1.5, 3], "texture": "#3"},
				"west": {"uv": [1, 0, 2.5, 3], "texture": "#3"},
				"up": {"uv": [1, 0, 2.5, 1.5], "rotation": 90, "texture": "#3"},
				"down": {"uv": [1, 0, 2.5, 1.5], "rotation": 270, "texture": "#3"}
			}
		},
		{
			"from": [1, 1, 13],
			"to": [3, 3, 15],
			"rotation": {"angle": 0, "axis": "y", "origin": [0, 0, 31]},
			"faces": {
				"north": {"uv": [2, 0, 0, 2], "texture": "#3"},
				"east": {"uv": [3, 0, 1, 2], "texture": "#3"},
				"south": {"uv": [2, 0, 0, 2], "texture": "#3"},
				"west": {"uv": [3, 0, 1, 2], "texture": "#3"},
				"up": {"uv": [1, 2, 3, 0], "rotation": 90, "texture": "#3"},
				"down": {"uv": [1, 2, 3, 0], "rotation": 270, "texture": "#3"}
			}
		},
		{
			"from": [1, 3, 13.5],
			"to": [2.5, 6, 15],
			"rotation": {"angle": 0, "axis": "y", "origin": [0, 0, 31]},
			"faces": {
				"north": {"uv": [1.5, 0, 0, 3], "texture": "#3"},
				"east": {"uv": [2.5, 0, 1, 3], "texture": "#3"},
				"south": {"uv": [1.5, 0, 0, 3], "texture": "#3"},
				"west": {"uv": [2.5, 0, 1, 3], "texture": "#3"},
				"up": {"uv": [1, 1.5, 2.5, 0], "rotation": 90, "texture": "#3"},
				"down": {"uv": [1, 1.5, 2.5, 0], "rotation": 270, "texture": "#3"}
			}
		},
		{
			"from": [1, 1, 1],
			"to": [3, 3, 3],
			"rotation": {"angle": 0, "axis": "y", "origin": [0, 0, -15]},
			"faces": {
				"north": {"uv": [0, 0, 2, 2], "texture": "#3"},
				"east": {"uv": [1, 0, 3, 2], "texture": "#3"},
				"south": {"uv": [0, 0, 2, 2], "texture": "#3"},
				"west": {"uv": [1, 0, 3, 2], "texture": "#3"},
				"up": {"uv": [3, 2, 1, 0], "rotation": 90, "texture": "#3"},
				"down": {"uv": [3, 2, 1, 0], "rotation": 270, "texture": "#3"}
			}
		},
		{
			"from": [1, 3, 1],
			"to": [2.5, 6, 2.5],
			"rotation": {"angle": 0, "axis": "y", "origin": [0, 0, -15]},
			"faces": {
				"north": {"uv": [0, 0, 1.5, 3], "texture": "#3"},
				"east": {"uv": [1, 0, 2.5, 3], "texture": "#3"},
				"south": {"uv": [0, 0, 1.5, 3], "texture": "#3"},
				"west": {"uv": [1, 0, 2.5, 3], "texture": "#3"},
				"up": {"uv": [2.5, 1.5, 1, 0], "rotation": 90, "texture": "#3"},
				"down": {"uv": [2.5, 1.5, 1, 0], "rotation": 270, "texture": "#3"}
			}
		},
		{
			"from": [13, 1, 1],
			"to": [15, 3, 3],
			"rotation": {"angle": 0, "axis": "y", "origin": [16, 0, -15]},
			"faces": {
				"north": {"uv": [2, 0, 0, 2], "texture": "#3"},
				"east": {"uv": [3, 0, 1, 2], "texture": "#3"},
				"south": {"uv": [2, 0, 0, 2], "texture": "#3"},
				"west": {"uv": [3, 0, 1, 2], "texture": "#3"},
				"up": {"uv": [3, 0, 1, 2], "rotation": 90, "texture": "#3"},
				"down": {"uv": [3, 0, 1, 2], "rotation": 270, "texture": "#3"}
			}
		},
		{
			"from": [13.5, 3, 1],
			"to": [15, 6, 2.5],
			"rotation": {"angle": 0, "axis": "y", "origin": [16, 0, -15]},
			"faces": {
				"north": {"uv": [1.5, 0, 0, 3], "texture": "#3"},
				"east": {"uv": [2.5, 0, 1, 3], "texture": "#3"},
				"south": {"uv": [1.5, 0, 0, 3], "texture": "#3"},
				"west": {"uv": [2.5, 0, 1, 3], "texture": "#3"},
				"up": {"uv": [2.5, 0, 1, 1.5], "rotation": 90, "texture": "#3"},
				"down": {"uv": [2.5, 0, 1, 1.5], "rotation": 270, "texture": "#3"}
			}
		},
		{
			"from": [13.7, 1, 2.5],
			"to": [15, 3, 13],
			"rotation": {"angle": 0, "axis": "y", "origin": [16, 0, 13]},
			"faces": {
				"north": {"uv": [0, 0, 1.3, 2], "texture": "#3"},
				"east": {"uv": [1, 0, 11.5, 2], "texture": "#3"},
				"south": {"uv": [0, 0, 1.3, 2], "texture": "#3"},
				"west": {"uv": [1, 0, 11.5, 2], "texture": "#3"},
				"up": {"uv": [1, 0, 11.5, 1.3], "rotation": 90, "texture": "#3"},
				"down": {"uv": [1, 0, 11.5, 1.3], "rotation": 270, "texture": "#3"}
			}
		},
		{
			"from": [14.2, 3, 2],
			"to": [15, 5, 13.5],
			"rotation": {"angle": 0, "axis": "y", "origin": [16, 0, 13]},
			"faces": {
				"north": {"uv": [0, 0, 0.8, 2], "texture": "#3"},
				"east": {"uv": [1, 0, 12.5, 2], "texture": "#3"},
				"south": {"uv": [0, 0, 0.8, 2], "texture": "#3"},
				"west": {"uv": [1, 0, 12.5, 2], "texture": "#3"},
				"up": {"uv": [1, 0, 12.5, 0.8], "rotation": 90, "texture": "#3"},
				"down": {"uv": [1, 0, 12.5, 0.8], "rotation": 270, "texture": "#3"}
			}
		},
		{
			"from": [3, 1, 13.7],
			"to": [13, 3, 15],
			"rotation": {"angle": 0, "axis": "y", "origin": [7.5, 0, 16]},
			"faces": {
				"north": {"uv": [1, 0, 11, 2], "texture": "#3"},
				"east": {"uv": [0, 0, 1.3, 2], "texture": "#3"},
				"south": {"uv": [1, 0, 11, 2], "texture": "#3"},
				"west": {"uv": [0, 0, 1.3, 2], "texture": "#3"},
				"up": {"uv": [1, 0, 11, 1.3], "rotation": 180, "texture": "#3"},
				"down": {"uv": [1, 0, 11, 1.3], "rotation": 180, "texture": "#3"}
			}
		},
		{
			"from": [2.5, 3, 14.2],
			"to": [13.5, 5, 15],
			"rotation": {"angle": 0, "axis": "y", "origin": [8, 0, 16]},
			"faces": {
				"north": {"uv": [1, 0, 12, 2], "texture": "#3"},
				"east": {"uv": [0, 0, 0.8, 2], "texture": "#3"},
				"south": {"uv": [1, 0, 12, 2], "texture": "#3"},
				"west": {"uv": [0, 0, 0.8, 2], "texture": "#3"},
				"up": {"uv": [1, 0, 12, 0.8], "rotation": 180, "texture": "#3"},
				"down": {"uv": [1, 0, 12, 0.8], "rotation": 180, "texture": "#3"}
			}
		},
		{
			"from": [1, 3, 2.5],
			"to": [1.8, 5, 14],
			"rotation": {"angle": 0, "axis": "y", "origin": [0, 0, 3]},
			"faces": {
				"north": {"uv": [0, 0, 0.8, 2], "texture": "#3"},
				"east": {"uv": [1, 0, 12.5, 2], "texture": "#3"},
				"south": {"uv": [0, 0, 0.8, 2], "texture": "#3"},
				"west": {"uv": [1, 0, 12.5, 2], "texture": "#3"},
				"up": {"uv": [12.5, 0.8, 1, 0], "rotation": 90, "texture": "#3"},
				"down": {"uv": [12.5, 0.8, 1, 0], "rotation": 270, "texture": "#3"}
			}
		},
		{
			"from": [1, 1, 3],
			"to": [2.3, 3, 13.5],
			"rotation": {"angle": 0, "axis": "y", "origin": [0, 0, 3]},
			"faces": {
				"north": {"uv": [0, 0, 1.3, 2], "texture": "#3"},
				"east": {"uv": [1, 0, 11.5, 2], "texture": "#3"},
				"south": {"uv": [0, 0, 1.3, 2], "texture": "#3"},
				"west": {"uv": [1, 0, 11.5, 2], "texture": "#3"},
				"up": {"uv": [11.5, 1.3, 1, 0], "rotation": 90, "texture": "#3"},
				"down": {"uv": [11.5, 1.3, 1, 0], "rotation": 270, "texture": "#3"}
			}
		},
		{
			"from": [3, 1, 1],
			"to": [13, 3, 2.3],
			"rotation": {"angle": 0, "axis": "y", "origin": [8.5, 0, 0]},
			"faces": {
				"north": {"uv": [1, 0, 11, 2], "texture": "#3"},
				"east": {"uv": [0, 0, 1.3, 2], "texture": "#3"},
				"south": {"uv": [1, 0, 11, 2], "texture": "#3"},
				"west": {"uv": [0, 0, 1.3, 2], "texture": "#3"},
				"up": {"uv": [11, 1.3, 1, 0], "rotation": 180, "texture": "#3"},
				"down": {"uv": [11, 1.3, 1, 0], "rotation": 180, "texture": "#3"}
			}
		},
		{
			"from": [2.5, 3, 1],
			"to": [13.5, 5, 1.8],
			"rotation": {"angle": 0, "axis": "y", "origin": [8, 0, 0]},
			"faces": {
				"north": {"uv": [1, 0, 12, 2], "texture": "#3"},
				"east": {"uv": [0, 0, 0.8, 2], "texture": "#3"},
				"south": {"uv": [1, 0, 12, 2], "texture": "#3"},
				"west": {"uv": [0, 0, 0.8, 2], "texture": "#3"},
				"up": {"uv": [12, 0.8, 1, 0], "rotation": 180, "texture": "#3"},
				"down": {"uv": [12, 0.8, 1, 0], "rotation": 180, "texture": "#3"}
			}
		},
		{
			"from": [-2, 1.5, 3],
			"to": [0, 14.5, 13],
			"faces": {
				"north": {"uv": [2, 1.5, 4, 14.5], "texture": "#side"},
				"east": {"uv": [4, 0, 14, 13], "texture": "#side"},
				"south": {"uv": [2, 1.5, 4, 14.5], "texture": "#side"},
				"west": {"uv": [4, 1.5, 16, 14.5], "texture": "#side"},
				"up": {"uv": [0, 1, 12, 3], "rotation": 90, "texture": "#side"},
				"down": {"uv": [0, 1, 12, 3], "rotation": 270, "texture": "#side"}
			}
		},
		{
			"from": [16, 1.5, 3],
			"to": [18, 14.5, 13],
			"rotation": {"angle": 0, "axis": "y", "origin": [16, 0, 0]},
			"faces": {
				"north": {"uv": [4, 1.5, 2, 14.5], "texture": "#side"},
				"east": {"uv": [16, 1.5, 4, 14.5], "texture": "#side"},
				"south": {"uv": [4, 1.5, 2, 14.5], "texture": "#side"},
				"west": {"uv": [14, 0, 4, 13], "texture": "#side"},
				"up": {"uv": [0, 3, 12, 1], "rotation": 90, "texture": "#side"},
				"down": {"uv": [0, 3, 12, 1], "rotation": 270, "texture": "#side"}
			}
		},
		{
			"from": [3, 1.5, -2],
			"to": [13, 14.5, 0],
			"faces": {
				"north": {"uv": [16, 1.5, 4, 14.5], "texture": "#side"},
				"east": {"uv": [4, 1.5, 2, 14.5], "texture": "#side"},
				"south": {"uv": [14, 0, 4, 13], "texture": "#side"},
				"west": {"uv": [4, 1.5, 2, 14.5], "texture": "#side"},
				"up": {"uv": [0, 3, 12, 1], "texture": "#side"},
				"down": {"uv": [0, 3, 12, 1], "texture": "#side"}
			}
		},
		{
			"from": [3, 1.5, 16],
			"to": [13, 14.5, 18],
			"rotation": {"angle": 0, "axis": "y", "origin": [0, 0, 16]},
			"faces": {
				"north": {"uv": [4, 0, 14, 13], "texture": "#side"},
				"east": {"uv": [2, 1.5, 4, 14.5], "texture": "#side"},
				"south": {"uv": [4, 1.5, 16, 14.5], "texture": "#side"},
				"west": {"uv": [2, 1.5, 4, 14.5], "texture": "#side"},
				"up": {"uv": [0, 1, 12, 3], "texture": "#side"},
				"down": {"uv": [0, 1, 12, 3], "texture": "#side"}
			}
		},
		{
			"from": [2, 13, 14],
			"to": [15, 15, 15],
			"rotation": {"angle": 0, "axis": "y", "origin": [1, 13, 1]},
			"faces": {
				"north": {"uv": [0, 0, 13, 2], "texture": "#bottom"},
				"east": {"uv": [0, 0, 1, 2], "texture": "#bottom"},
				"south": {"uv": [0, 0, 13, 2], "texture": "#bottom"},
				"west": {"uv": [0, 0, 1, 2], "texture": "#bottom"},
				"up": {"uv": [0, 0, 13, 1], "texture": "#bottom"},
				"down": {"uv": [0, 0, 13, 1], "texture": "#bottom"}
			}
		},
		{
			"from": [14, 13, 1],
			"to": [15, 15, 14],
			"rotation": {"angle": 0, "axis": "y", "origin": [1, 13, 1]},
			"faces": {
				"north": {"uv": [0, 0, 1, 2], "texture": "#bottom"},
				"east": {"uv": [0, 0, 13, 2], "texture": "#bottom"},
				"south": {"uv": [0, 0, 1, 2], "texture": "#bottom"},
				"west": {"uv": [0, 0, 13, 2], "texture": "#bottom"},
				"up": {"uv": [0, 0, 1, 13], "texture": "#bottom"},
				"down": {"uv": [0, 0, 1, 13], "texture": "#bottom"}
			}
		},
		{
			"from": [2, 13, 1],
			"to": [14, 15, 2],
			"rotation": {"angle": 0, "axis": "y", "origin": [1, 13, 1]},
			"faces": {
				"north": {"uv": [0, 0, 12, 2], "texture": "#bottom"},
				"east": {"uv": [0, 0, 1, 2], "texture": "#bottom"},
				"south": {"uv": [0, 0, 12, 2], "texture": "#bottom"},
				"west": {"uv": [0, 0, 1, 2], "texture": "#bottom"},
				"up": {"uv": [0, 0, 12, 1], "texture": "#bottom"},
				"down": {"uv": [0, 0, 12, 1], "texture": "#bottom"}
			}
		},
		{
			"from": [1, 13, 1],
			"to": [2, 15, 15],
			"rotation": {"angle": 0, "axis": "y", "origin": [1, 13, 1]},
			"faces": {
				"north": {"uv": [0, 0, 1, 2], "texture": "#bottom"},
				"east": {"uv": [0, 0, 14, 2], "texture": "#bottom"},
				"south": {"uv": [0, 0, 1, 2], "texture": "#bottom"},
				"west": {"uv": [0, 0, 14, 2], "texture": "#bottom"},
				"up": {"uv": [0, 0, 1, 14], "texture": "#bottom"},
				"down": {"uv": [0, 0, 1, 14], "texture": "#bottom"}
			}
		},
		{
			"from": [2, 13, 10],
			"to": [3, 15, 13],
			"rotation": {"angle": 0, "axis": "y", "origin": [-10, 13, 13]},
			"faces": {
				"north": {"uv": [0, 0, 1, 2], "texture": "#bottom"},
				"east": {"uv": [0, 0, 3, 2], "texture": "#bottom"},
				"south": {"uv": [0, 0, 1, 2], "texture": "#bottom"},
				"west": {"uv": [0, 0, 3, 2], "texture": "#bottom"},
				"up": {"uv": [0, 0, 1, 3], "texture": "#bottom"},
				"down": {"uv": [0, 0, 1, 3], "texture": "#bottom"}
			}
		},
		{
			"from": [2, 13, 13],
			"to": [6, 15, 14],
			"rotation": {"angle": 0, "axis": "y", "origin": [-6, 13, 13]},
			"faces": {
				"north": {"uv": [0, 0, 4, 2], "texture": "#bottom"},
				"east": {"uv": [0, 0, 1, 2], "texture": "#bottom"},
				"south": {"uv": [0, 0, 4, 2], "texture": "#bottom"},
				"west": {"uv": [0, 0, 1, 2], "texture": "#bottom"},
				"up": {"uv": [0, 0, 4, 1], "texture": "#bottom"},
				"down": {"uv": [0, 0, 4, 1], "texture": "#bottom"}
			}
		},
		{
			"from": [10, 13, 13],
			"to": [14, 15, 14],
			"rotation": {"angle": 0, "axis": "y", "origin": [1, 13, 13]},
			"faces": {
				"north": {"uv": [0, 0, 4, 2], "texture": "#bottom"},
				"east": {"uv": [0, 0, 1, 2], "texture": "#bottom"},
				"south": {"uv": [0, 0, 4, 2], "texture": "#bottom"},
				"west": {"uv": [0, 0, 1, 2], "texture": "#bottom"},
				"up": {"uv": [0, 0, 4, 1], "texture": "#bottom"},
				"down": {"uv": [0, 0, 4, 1], "texture": "#bottom"}
			}
		},
		{
			"from": [13, 13, 10],
			"to": [14, 15, 13],
			"rotation": {"angle": 0, "axis": "y", "origin": [1, 13, 13]},
			"faces": {
				"north": {"uv": [0, 0, 1, 2], "texture": "#bottom"},
				"east": {"uv": [0, 0, 3, 2], "texture": "#bottom"},
				"south": {"uv": [0, 0, 1, 2], "texture": "#bottom"},
				"west": {"uv": [0, 0, 3, 2], "texture": "#bottom"},
				"up": {"uv": [0, 0, 1, 3], "texture": "#bottom"},
				"down": {"uv": [0, 0, 1, 3], "texture": "#bottom"}
			}
		},
		{
			"from": [13, 13, 3],
			"to": [14, 15, 6],
			"rotation": {"angle": 0, "axis": "y", "origin": [1, 13, 7]},
			"faces": {
				"north": {"uv": [0, 0, 1, 2], "texture": "#bottom"},
				"east": {"uv": [0, 0, 3, 2], "texture": "#bottom"},
				"south": {"uv": [0, 0, 1, 2], "texture": "#bottom"},
				"west": {"uv": [0, 0, 3, 2], "texture": "#bottom"},
				"up": {"uv": [0, 0, 1, 3], "texture": "#bottom"},
				"down": {"uv": [0, 0, 1, 3], "texture": "#bottom"}
			}
		},
		{
			"from": [10, 13, 2],
			"to": [14, 15, 3],
			"rotation": {"angle": 0, "axis": "y", "origin": [1, 13, 2]},
			"faces": {
				"north": {"uv": [0, 0, 4, 2], "texture": "#bottom"},
				"east": {"uv": [0, 0, 1, 2], "texture": "#bottom"},
				"south": {"uv": [0, 0, 4, 2], "texture": "#bottom"},
				"west": {"uv": [0, 0, 1, 2], "texture": "#bottom"},
				"up": {"uv": [0, 0, 4, 1], "texture": "#bottom"},
				"down": {"uv": [0, 0, 4, 1], "texture": "#bottom"}
			}
		},
		{
			"from": [2, 13, 2],
			"to": [6, 15, 3],
			"rotation": {"angle": 0, "axis": "y", "origin": [-6, 13, 2]},
			"faces": {
				"north": {"uv": [0, 0, 4, 2], "texture": "#bottom"},
				"east": {"uv": [0, 0, 1, 2], "texture": "#bottom"},
				"south": {"uv": [0, 0, 4, 2], "texture": "#bottom"},
				"west": {"uv": [0, 0, 1, 2], "texture": "#bottom"},
				"up": {"uv": [0, 0, 4, 1], "texture": "#bottom"},
				"down": {"uv": [0, 0, 4, 1], "texture": "#bottom"}
			}
		},
		{
			"from": [2, 13, 3],
			"to": [3, 15, 6],
			"rotation": {"angle": 0, "axis": "y", "origin": [-10, 13, 7]},
			"faces": {
				"north": {"uv": [0, 0, 1, 2], "texture": "#bottom"},
				"east": {"uv": [0, 0, 3, 2], "texture": "#bottom"},
				"south": {"uv": [0, 0, 1, 2], "texture": "#bottom"},
				"west": {"uv": [0, 0, 3, 2], "texture": "#bottom"},
				"up": {"uv": [0, 0, 1, 3], "texture": "#bottom"},
				"down": {"uv": [0, 0, 1, 3], "texture": "#bottom"}
			}
		},
		{
			"from": [-0.5, 15, 0],
			"to": [0, 16.3, 16],
			"rotation": {"angle": 0, "axis": "y", "origin": [0, 14, 17]},
			"faces": {
				"north": {"uv": [0, 0, 1, 1.5], "texture": "#2"},
				"east": {"uv": [0, 0, 16, 1.5], "texture": "#2"},
				"south": {"uv": [0, 0, 1, 1.5], "texture": "#2"},
				"west": {"uv": [0, 0, 16, 1.5], "texture": "#2"},
				"up": {"uv": [0, 0, 1, 16], "texture": "#2"},
				"down": {"uv": [0, 0, 1, 16], "texture": "#2"}
			}
		},
		{
			"from": [0, 15, 16],
			"to": [16, 16.3, 16.5],
			"rotation": {"angle": 0, "axis": "y", "origin": [-1, 14, 17]},
			"faces": {
				"north": {"uv": [0, 0, 16, 1.5], "texture": "#2"},
				"east": {"uv": [0, 0, 1, 1.5], "texture": "#2"},
				"south": {"uv": [0, 0, 16, 1.5], "texture": "#2"},
				"west": {"uv": [0, 0, 1, 1.5], "texture": "#2"},
				"up": {"uv": [0, 0, 1, 16], "rotation": 90, "texture": "#2"},
				"down": {"uv": [0, 0, 1, 16], "rotation": 270, "texture": "#2"}
			}
		},
		{
			"from": [0, 15, -0.5],
			"to": [16, 16.3, 0],
			"rotation": {"angle": 0, "axis": "y", "origin": [-1, 14, 0]},
			"faces": {
				"north": {"uv": [0, 0, 16, 1.5], "texture": "#2"},
				"east": {"uv": [0, 0, 1, 1.5], "texture": "#2"},
				"south": {"uv": [0, 0, 16, 1.5], "texture": "#2"},
				"west": {"uv": [0, 0, 1, 1.5], "texture": "#2"},
				"up": {"uv": [0, 0, 1, 16], "rotation": 90, "texture": "#2"},
				"down": {"uv": [0, 0, 1, 16], "rotation": 270, "texture": "#2"}
			}
		},
		{
			"from": [16, 15, 0],
			"to": [16.5, 16.3, 16],
			"rotation": {"angle": 0, "axis": "y", "origin": [17, 14, 17]},
			"faces": {
				"north": {"uv": [0, 0, 1, 1.5], "texture": "#2"},
				"east": {"uv": [0, 0, 16, 1.5], "texture": "#2"},
				"south": {"uv": [0, 0, 1, 1.5], "texture": "#2"},
				"west": {"uv": [0, 0, 16, 1.5], "texture": "#2"},
				"up": {"uv": [0, 0, 1, 16], "texture": "#2"},
				"down": {"uv": [0, 0, 1, 16], "texture": "#2"}
			}
		},
		{
			"from": [16, 0, 0],
			"to": [16.5, 1.3, 16],
			"rotation": {"angle": 0, "axis": "y", "origin": [17, -1, 17]},
			"faces": {
				"north": {"uv": [0, 0, 1, 1.5], "texture": "#2"},
				"east": {"uv": [0, 0, 16, 1.5], "texture": "#2"},
				"south": {"uv": [0, 0, 1, 1.5], "texture": "#2"},
				"west": {"uv": [0, 0, 16, 1.5], "texture": "#2"},
				"up": {"uv": [0, 0, 1, 16], "texture": "#2"},
				"down": {"uv": [0, 0, 1, 16], "texture": "#2"}
			}
		},
		{
			"from": [0, 0, -0.5],
			"to": [16, 1.3, 0],
			"rotation": {"angle": 0, "axis": "y", "origin": [-1, -1, 0]},
			"faces": {
				"north": {"uv": [0, 0, 16, 1.5], "texture": "#2"},
				"east": {"uv": [0, 0, 1, 1.5], "texture": "#2"},
				"south": {"uv": [0, 0, 16, 1.5], "texture": "#2"},
				"west": {"uv": [0, 0, 1, 1.5], "texture": "#2"},
				"up": {"uv": [0, 0, 1, 16], "rotation": 90, "texture": "#2"},
				"down": {"uv": [0, 0, 1, 16], "rotation": 270, "texture": "#2"}
			}
		},
		{
			"from": [-0.5, 0, 0],
			"to": [0, 1.3, 16],
			"rotation": {"angle": 0, "axis": "y", "origin": [0, -1, 17]},
			"faces": {
				"north": {"uv": [0, 0, 1, 1.5], "texture": "#2"},
				"east": {"uv": [0, 0, 16, 1.5], "texture": "#2"},
				"south": {"uv": [0, 0, 1, 1.5], "texture": "#2"},
				"west": {"uv": [0, 0, 16, 1.5], "texture": "#2"},
				"up": {"uv": [0, 0, 1, 16], "texture": "#2"},
				"down": {"uv": [0, 0, 1, 16], "texture": "#2"}
			}
		},
		{
			"from": [0, 0, 16],
			"to": [16, 1.3, 16.5],
			"rotation": {"angle": 0, "axis": "y", "origin": [-1, -1, 17]},
			"faces": {
				"north": {"uv": [0, 0, 16, 1.5], "texture": "#2"},
				"east": {"uv": [0, 0, 1, 1.5], "texture": "#2"},
				"south": {"uv": [0, 0, 16, 1.5], "texture": "#2"},
				"west": {"uv": [0, 0, 1, 1.5], "texture": "#2"},
				"up": {"uv": [0, 0, 1, 16], "rotation": 90, "texture": "#2"},
				"down": {"uv": [0, 0, 1, 16], "rotation": 270, "texture": "#2"}
			}
		},
		{
			"from": [-3.3, 6, 5],
			"to": [-1, 8.5, 7.5],
			"rotation": {"angle": 0, "axis": "y", "origin": [-3, 6, 5]},
			"faces": {
				"north": {"uv": [6, 2, 8.5, 4.5], "texture": "#3"},
				"east": {"uv": [6, 2, 8.5, 4.5], "texture": "#3"},
				"south": {"uv": [6, 2, 8.5, 4.5], "texture": "#3"},
				"west": {"uv": [6, 2, 8.5, 4.5], "texture": "#3"},
				"up": {"uv": [6, 2, 8.5, 4.5], "texture": "#3"},
				"down": {"uv": [6, 2, 8.5, 4.5], "texture": "#3"}
			}
		},
		{
			"from": [2, 13.5, 6],
			"to": [3, 14.5, 10],
			"rotation": {"angle": 0, "axis": "y", "origin": [8, 13, 12]},
			"faces": {
				"north": {"uv": [0, 0, 1, 1], "texture": "#4"},
				"east": {"uv": [0, 0, 4, 1], "texture": "#4"},
				"south": {"uv": [0, 0, 1, 1], "texture": "#4"},
				"west": {"uv": [0, 0, 4, 1], "texture": "#4"},
				"up": {"uv": [13, 6, 14, 10], "texture": "#4"},
				"down": {"uv": [0, 0, 1, 4], "texture": "#4"}
			}
		},
		{
			"from": [3, 13.5, 3],
			"to": [6, 14.5, 13],
			"rotation": {"angle": 0, "axis": "y", "origin": [8, 13, 12]},
			"faces": {
				"north": {"uv": [0, 0, 3, 1], "texture": "#4"},
				"east": {"uv": [0, 0, 10, 1], "texture": "#4"},
				"south": {"uv": [0, 0, 3, 1], "texture": "#4"},
				"west": {"uv": [0, 0, 10, 1], "texture": "#4"},
				"up": {"uv": [10, 3, 13, 13], "texture": "#4"},
				"down": {"uv": [0, 0, 3, 10], "texture": "#4"}
			}
		},
		{
			"from": [13, 13.5, 6],
			"to": [14, 14.5, 10],
			"rotation": {"angle": 0, "axis": "y", "origin": [8, 13, 12]},
			"faces": {
				"north": {"uv": [1, 0, 0, 1], "texture": "#4"},
				"east": {"uv": [4, 0, 0, 1], "texture": "#4"},
				"south": {"uv": [1, 0, 0, 1], "texture": "#4"},
				"west": {"uv": [4, 0, 0, 1], "texture": "#4"},
				"up": {"uv": [14, 6, 13, 10], "texture": "#4"},
				"down": {"uv": [1, 0, 0, 4], "texture": "#4"}
			}
		},
		{
			"from": [10, 13.5, 3],
			"to": [13, 14.5, 13],
			"rotation": {"angle": 0, "axis": "y", "origin": [8, 13, 12]},
			"faces": {
				"north": {"uv": [3, 0, 0, 1], "texture": "#4"},
				"east": {"uv": [10, 0, 0, 1], "texture": "#4"},
				"south": {"uv": [3, 0, 0, 1], "texture": "#4"},
				"west": {"uv": [10, 0, 0, 1], "texture": "#4"},
				"up": {"uv": [13, 3, 10, 13], "texture": "#4"},
				"down": {"uv": [3, 0, 0, 10], "texture": "#4"}
			}
		},
		{
			"from": [6, 13.5, 2],
			"to": [10, 14.5, 14],
			"rotation": {"angle": 0, "axis": "y", "origin": [8, 13, 12]},
			"faces": {
				"north": {"uv": [0, 0, 4, 1], "texture": "#4"},
				"east": {"uv": [0, 0, 12, 1], "texture": "#4"},
				"south": {"uv": [0, 0, 4, 1], "texture": "#4"},
				"west": {"uv": [0, 0, 12, 1], "texture": "#4"},
				"up": {"uv": [6, 2, 10, 14], "texture": "#4"},
				"down": {"uv": [0, 0, 4, 12], "texture": "#4"}
			}
		},
		{
			"from": [5, 14.5, 9],
			"to": [7, 15.5, 11],
			"rotation": {"angle": 0, "axis": "y", "origin": [8, 13, 12]},
			"faces": {
				"north": {"uv": [3, 8, 5, 10], "texture": "#4"},
				"east": {"uv": [3, 8, 5, 10], "texture": "#4"},
				"south": {"uv": [3, 8, 5, 10], "texture": "#4"},
				"west": {"uv": [3, 8, 5, 10], "texture": "#4"},
				"up": {"uv": [3, 8, 5, 10], "texture": "#4"},
				"down": {"uv": [3, 8, 5, 10], "texture": "#4"}
			}
		},
		{
			"from": [3, 3, -3],
			"to": [13, 5, -2],
			"rotation": {"angle": 0, "axis": "y", "origin": [4, 3, -4]},
			"faces": {
				"north": {"uv": [0, 0, 2, 10], "rotation": 90, "texture": "#2"},
				"east": {"uv": [0, 0, 1, 2], "texture": "#2"},
				"south": {"uv": [0, 0, 10, 2], "texture": "#2"},
				"west": {"uv": [0, 6, 2, 7], "rotation": 90, "texture": "#2"},
				"up": {"uv": [0, 0, 1, 10], "rotation": 90, "texture": "#2"},
				"down": {"uv": [0, 0, 1, 10], "rotation": 90, "texture": "#2"}
			}
		},
		{
			"from": [2, 3, -2],
			"to": [3, 5, 0],
			"rotation": {"angle": 0, "axis": "y", "origin": [4, 3, -4]},
			"faces": {
				"north": {"uv": [0, 0, 1, 2], "texture": "#2"},
				"east": {"uv": [0, 0, 2, 2], "texture": "#2"},
				"south": {"uv": [0, 0, 1, 2], "texture": "#2"},
				"west": {"uv": [0, 6, 2, 8], "rotation": 90, "texture": "#2"},
				"up": {"uv": [0, 0, 1, 2], "texture": "#2"},
				"down": {"uv": [0, 0, 1, 2], "texture": "#2"}
			}
		},
		{
			"from": [0, 3, -1],
			"to": [2, 5, 0],
			"rotation": {"angle": 0, "axis": "y", "origin": [4, 3, -4]},
			"faces": {
				"north": {"uv": [0, 6, 2, 8], "rotation": 90, "texture": "#2"},
				"east": {"uv": [0, 0, 1, 2], "texture": "#2"},
				"south": {"uv": [0, 0, 2, 2], "texture": "#2"},
				"west": {"uv": [0, 0, 1, 2], "texture": "#2"},
				"up": {"uv": [0, 0, 2, 1], "texture": "#2"},
				"down": {"uv": [0, 0, 2, 1], "texture": "#2"}
			}
		},
		{
			"from": [-1, 3, 0],
			"to": [0, 5, 3],
			"rotation": {"angle": 0, "axis": "y", "origin": [4, 3, -4]},
			"faces": {
				"north": {"uv": [0, 0, 1, 2], "texture": "#2"},
				"east": {"uv": [0, 0, 3, 2], "texture": "#2"},
				"south": {"uv": [0, 0, 1, 2], "texture": "#2"},
				"west": {"uv": [0, 0, 3, 2], "texture": "#2"},
				"up": {"uv": [0, 6, 3, 7], "rotation": 90, "texture": "#2"},
				"down": {"uv": [0, 0, 1, 3], "texture": "#2"}
			}
		},
		{
			"from": [-2, 3, 2],
			"to": [-1, 5, 3],
			"rotation": {"angle": 0, "axis": "y", "origin": [4, 3, -4]},
			"faces": {
				"north": {"uv": [0, 0, 1, 2], "texture": "#2"},
				"east": {"uv": [0, 0, 1, 2], "texture": "#2"},
				"south": {"uv": [0, 0, 1, 2], "texture": "#2"},
				"west": {"uv": [0, 6, 2, 7], "rotation": 90, "texture": "#2"},
				"up": {"uv": [0, 0, 1, 1], "texture": "#2"},
				"down": {"uv": [0, 0, 1, 1], "texture": "#2"}
			}
		},
		{
			"from": [-3, 3, 3],
			"to": [-2, 5, 13],
			"rotation": {"angle": 0, "axis": "y", "origin": [4, 3, -4]},
			"faces": {
				"north": {"uv": [0, 0, 1, 2], "texture": "#2"},
				"east": {"uv": [0, 0, 10, 2], "texture": "#2"},
				"south": {"uv": [0, 0, 1, 2], "texture": "#2"},
				"west": {"uv": [0, 6, 2, 16], "rotation": 90, "texture": "#2"},
				"up": {"uv": [0, 0, 1, 10], "texture": "#2"},
				"down": {"uv": [0, 0, 1, 10], "texture": "#2"}
			}
		},
		{
			"from": [3, 3, 18],
			"to": [13, 5, 19],
			"rotation": {"angle": 0, "axis": "y", "origin": [12, 3, 20]},
			"faces": {
				"north": {"uv": [0, 0, 10, 2], "texture": "#2"},
				"east": {"uv": [0, 6, 2, 7], "rotation": 90, "texture": "#2"},
				"south": {"uv": [0, 0, 2, 10], "rotation": 90, "texture": "#2"},
				"west": {"uv": [0, 0, 1, 2], "texture": "#2"},
				"up": {"uv": [1, 10, 0, 0], "rotation": 90, "texture": "#2"},
				"down": {"uv": [1, 10, 0, 0], "rotation": 90, "texture": "#2"}
			}
		},
		{
			"from": [13, 3, 16],
			"to": [14, 5, 18],
			"rotation": {"angle": 0, "axis": "y", "origin": [12, 3, 20]},
			"faces": {
				"north": {"uv": [0, 0, 1, 2], "texture": "#2"},
				"east": {"uv": [0, 6, 2, 8], "rotation": 90, "texture": "#2"},
				"south": {"uv": [0, 0, 1, 2], "texture": "#2"},
				"west": {"uv": [0, 0, 2, 2], "texture": "#2"},
				"up": {"uv": [1, 2, 0, 0], "texture": "#2"},
				"down": {"uv": [1, 2, 0, 0], "texture": "#2"}
			}
		},
		{
			"from": [14, 3, 16],
			"to": [16, 5, 17],
			"rotation": {"angle": 0, "axis": "y", "origin": [12, 3, 20]},
			"faces": {
				"north": {"uv": [0, 0, 2, 2], "texture": "#2"},
				"east": {"uv": [0, 0, 1, 2], "texture": "#2"},
				"south": {"uv": [0, 6, 2, 8], "rotation": 90, "texture": "#2"},
				"west": {"uv": [0, 0, 1, 2], "texture": "#2"},
				"up": {"uv": [2, 1, 0, 0], "texture": "#2"},
				"down": {"uv": [2, 1, 0, 0], "texture": "#2"}
			}
		},
		{
			"from": [16, 3, 13],
			"to": [17, 5, 16],
			"rotation": {"angle": 0, "axis": "y", "origin": [12, 3, 20]},
			"faces": {
				"north": {"uv": [0, 0, 1, 2], "texture": "#2"},
				"east": {"uv": [0, 0, 3, 2], "texture": "#2"},
				"south": {"uv": [0, 0, 1, 2], "texture": "#2"},
				"west": {"uv": [0, 0, 3, 2], "texture": "#2"},
				"up": {"uv": [3, 7, 0, 6], "rotation": 90, "texture": "#2"},
				"down": {"uv": [1, 3, 0, 0], "texture": "#2"}
			}
		},
		{
			"from": [17, 3, 13],
			"to": [18, 5, 14],
			"rotation": {"angle": 0, "axis": "y", "origin": [12, 3, 20]},
			"faces": {
				"north": {"uv": [0, 0, 1, 2], "texture": "#2"},
				"east": {"uv": [0, 6, 2, 7], "rotation": 90, "texture": "#2"},
				"south": {"uv": [0, 0, 1, 2], "texture": "#2"},
				"west": {"uv": [0, 0, 1, 2], "texture": "#2"},
				"up": {"uv": [1, 1, 0, 0], "texture": "#2"},
				"down": {"uv": [1, 1, 0, 0], "texture": "#2"}
			}
		},
		{
			"from": [-2, 3, 13],
			"to": [-1, 5, 14],
			"rotation": {"angle": 0, "axis": "y", "origin": [4, 3, 20]},
			"faces": {
				"north": {"uv": [1, 0, 0, 2], "texture": "#2"},
				"east": {"uv": [1, 0, 0, 2], "texture": "#2"},
				"south": {"uv": [1, 0, 0, 2], "texture": "#2"},
				"west": {"uv": [0, 7, 2, 6], "rotation": 90, "texture": "#2"},
				"up": {"uv": [0, 1, 1, 0], "texture": "#2"},
				"down": {"uv": [0, 1, 1, 0], "texture": "#2"}
			}
		},
		{
			"from": [-1, 3, 13],
			"to": [0, 5, 16],
			"rotation": {"angle": 0, "axis": "y", "origin": [4, 3, 20]},
			"faces": {
				"north": {"uv": [1, 0, 0, 2], "texture": "#2"},
				"east": {"uv": [3, 0, 0, 2], "texture": "#2"},
				"south": {"uv": [1, 0, 0, 2], "texture": "#2"},
				"west": {"uv": [3, 0, 0, 2], "texture": "#2"},
				"up": {"uv": [3, 6, 0, 7], "rotation": 90, "texture": "#2"},
				"down": {"uv": [0, 3, 1, 0], "texture": "#2"}
			}
		},
		{
			"from": [0, 3, 16],
			"to": [2, 5, 17],
			"rotation": {"angle": 0, "axis": "y", "origin": [4, 3, 20]},
			"faces": {
				"north": {"uv": [2, 0, 0, 2], "texture": "#2"},
				"east": {"uv": [1, 0, 0, 2], "texture": "#2"},
				"south": {"uv": [0, 8, 2, 6], "rotation": 90, "texture": "#2"},
				"west": {"uv": [1, 0, 0, 2], "texture": "#2"},
				"up": {"uv": [0, 1, 2, 0], "texture": "#2"},
				"down": {"uv": [0, 1, 2, 0], "texture": "#2"}
			}
		},
		{
			"from": [2, 3, 16],
			"to": [3, 5, 18],
			"rotation": {"angle": 0, "axis": "y", "origin": [4, 3, 20]},
			"faces": {
				"north": {"uv": [1, 0, 0, 2], "texture": "#2"},
				"east": {"uv": [2, 0, 0, 2], "texture": "#2"},
				"south": {"uv": [1, 0, 0, 2], "texture": "#2"},
				"west": {"uv": [0, 8, 2, 6], "rotation": 90, "texture": "#2"},
				"up": {"uv": [0, 2, 1, 0], "texture": "#2"},
				"down": {"uv": [0, 2, 1, 0], "texture": "#2"}
			}
		},
		{
			"from": [13, 3, -2],
			"to": [14, 5, 0],
			"rotation": {"angle": 0, "axis": "y", "origin": [12, 3, -4]},
			"faces": {
				"north": {"uv": [1, 0, 0, 2], "texture": "#2"},
				"east": {"uv": [0, 8, 2, 6], "rotation": 90, "texture": "#2"},
				"south": {"uv": [1, 0, 0, 2], "texture": "#2"},
				"west": {"uv": [2, 0, 0, 2], "texture": "#2"},
				"up": {"uv": [1, 0, 0, 2], "texture": "#2"},
				"down": {"uv": [1, 0, 0, 2], "texture": "#2"}
			}
		},
		{
			"from": [14, 3, -1],
			"to": [16, 5, 0],
			"rotation": {"angle": 0, "axis": "y", "origin": [12, 3, -4]},
			"faces": {
				"north": {"uv": [0, 8, 2, 6], "rotation": 90, "texture": "#2"},
				"east": {"uv": [1, 0, 0, 2], "texture": "#2"},
				"south": {"uv": [2, 0, 0, 2], "texture": "#2"},
				"west": {"uv": [1, 0, 0, 2], "texture": "#2"},
				"up": {"uv": [2, 0, 0, 1], "texture": "#2"},
				"down": {"uv": [2, 0, 0, 1], "texture": "#2"}
			}
		},
		{
			"from": [16, 3, 0],
			"to": [17, 5, 3],
			"rotation": {"angle": 0, "axis": "y", "origin": [12, 3, -4]},
			"faces": {
				"north": {"uv": [1, 0, 0, 2], "texture": "#2"},
				"east": {"uv": [3, 0, 0, 2], "texture": "#2"},
				"south": {"uv": [1, 0, 0, 2], "texture": "#2"},
				"west": {"uv": [3, 0, 0, 2], "texture": "#2"},
				"up": {"uv": [0, 7, 3, 6], "rotation": 90, "texture": "#2"},
				"down": {"uv": [1, 0, 0, 3], "texture": "#2"}
			}
		},
		{
			"from": [17, 3, 2],
			"to": [18, 5, 3],
			"rotation": {"angle": 0, "axis": "y", "origin": [12, 3, -4]},
			"faces": {
				"north": {"uv": [1, 0, 0, 2], "texture": "#2"},
				"east": {"uv": [0, 7, 2, 6], "rotation": 90, "texture": "#2"},
				"south": {"uv": [1, 0, 0, 2], "texture": "#2"},
				"west": {"uv": [1, 0, 0, 2], "texture": "#2"},
				"up": {"uv": [1, 0, 0, 1], "texture": "#2"},
				"down": {"uv": [1, 0, 0, 1], "texture": "#2"}
			}
		},
		{
			"from": [18, 3, 3],
			"to": [19, 5, 13],
			"rotation": {"angle": 0, "axis": "y", "origin": [12, 3, 20]},
			"faces": {
				"north": {"uv": [0, 0, 1, 2], "texture": "#2"},
				"east": {"uv": [0, 6, 2, 16], "rotation": 90, "texture": "#2"},
				"south": {"uv": [0, 0, 1, 2], "texture": "#2"},
				"west": {"uv": [0, 0, 10, 2], "texture": "#2"},
				"up": {"uv": [1, 10, 0, 0], "texture": "#2"},
				"down": {"uv": [1, 10, 0, 0], "texture": "#2"}
			}
		},
		{
			"from": [3, 11, -3],
			"to": [13, 13, -2],
			"rotation": {"angle": 0, "axis": "y", "origin": [4, 11, -4]},
			"faces": {
				"north": {"uv": [0, 0, 2, 10], "rotation": 90, "texture": "#2"},
				"east": {"uv": [0, 0, 1, 2], "texture": "#2"},
				"south": {"uv": [0, 0, 10, 2], "texture": "#2"},
				"west": {"uv": [0, 6, 2, 7], "rotation": 90, "texture": "#2"},
				"up": {"uv": [0, 0, 1, 10], "rotation": 90, "texture": "#2"},
				"down": {"uv": [0, 0, 1, 10], "rotation": 90, "texture": "#2"}
			}
		},
		{
			"from": [2, 11, -2],
			"to": [3, 13, 0],
			"rotation": {"angle": 0, "axis": "y", "origin": [4, 11, -4]},
			"faces": {
				"north": {"uv": [0, 0, 1, 2], "texture": "#2"},
				"east": {"uv": [0, 0, 2, 2], "texture": "#2"},
				"south": {"uv": [0, 0, 1, 2], "texture": "#2"},
				"west": {"uv": [0, 6, 2, 8], "rotation": 90, "texture": "#2"},
				"up": {"uv": [0, 0, 1, 2], "texture": "#2"},
				"down": {"uv": [0, 0, 1, 2], "texture": "#2"}
			}
		},
		{
			"from": [0, 11, -1],
			"to": [2, 13, 0],
			"rotation": {"angle": 0, "axis": "y", "origin": [4, 11, -4]},
			"faces": {
				"north": {"uv": [0, 6, 2, 8], "rotation": 90, "texture": "#2"},
				"east": {"uv": [0, 0, 1, 2], "texture": "#2"},
				"south": {"uv": [0, 0, 2, 2], "texture": "#2"},
				"west": {"uv": [0, 0, 1, 2], "texture": "#2"},
				"up": {"uv": [0, 0, 2, 1], "texture": "#2"},
				"down": {"uv": [0, 0, 2, 1], "texture": "#2"}
			}
		},
		{
			"from": [-1, 11, 0],
			"to": [0, 13, 3],
			"rotation": {"angle": 0, "axis": "y", "origin": [4, 11, -4]},
			"faces": {
				"north": {"uv": [0, 0, 1, 2], "texture": "#2"},
				"east": {"uv": [0, 0, 3, 2], "texture": "#2"},
				"south": {"uv": [0, 0, 1, 2], "texture": "#2"},
				"west": {"uv": [0, 0, 3, 2], "texture": "#2"},
				"up": {"uv": [0, 6, 3, 7], "rotation": 90, "texture": "#2"},
				"down": {"uv": [0, 0, 1, 3], "texture": "#2"}
			}
		},
		{
			"from": [-2, 11, 2],
			"to": [-1, 13, 3],
			"rotation": {"angle": 0, "axis": "y", "origin": [4, 11, -4]},
			"faces": {
				"north": {"uv": [0, 0, 1, 2], "texture": "#2"},
				"east": {"uv": [0, 0, 1, 2], "texture": "#2"},
				"south": {"uv": [0, 0, 1, 2], "texture": "#2"},
				"west": {"uv": [0, 6, 2, 7], "rotation": 90, "texture": "#2"},
				"up": {"uv": [0, 0, 1, 1], "texture": "#2"},
				"down": {"uv": [0, 0, 1, 1], "texture": "#2"}
			}
		},
		{
			"from": [-3, 11, 3],
			"to": [-2, 13, 13],
			"rotation": {"angle": 0, "axis": "y", "origin": [4, 11, -4]},
			"faces": {
				"north": {"uv": [0, 0, 1, 2], "texture": "#2"},
				"east": {"uv": [0, 0, 10, 2], "texture": "#2"},
				"south": {"uv": [0, 0, 1, 2], "texture": "#2"},
				"west": {"uv": [0, 6, 2, 16], "rotation": 90, "texture": "#2"},
				"up": {"uv": [0, 0, 1, 10], "texture": "#2"},
				"down": {"uv": [0, 0, 1, 10], "texture": "#2"}
			}
		},
		{
			"from": [3, 11, 18],
			"to": [13, 13, 19],
			"rotation": {"angle": 0, "axis": "y", "origin": [12, 11, 20]},
			"faces": {
				"north": {"uv": [0, 0, 10, 2], "texture": "#2"},
				"east": {"uv": [0, 6, 2, 7], "rotation": 90, "texture": "#2"},
				"south": {"uv": [0, 0, 2, 10], "rotation": 90, "texture": "#2"},
				"west": {"uv": [0, 0, 1, 2], "texture": "#2"},
				"up": {"uv": [1, 10, 0, 0], "rotation": 90, "texture": "#2"},
				"down": {"uv": [1, 10, 0, 0], "rotation": 90, "texture": "#2"}
			}
		},
		{
			"from": [13, 11, 16],
			"to": [14, 13, 18],
			"rotation": {"angle": 0, "axis": "y", "origin": [12, 11, 20]},
			"faces": {
				"north": {"uv": [0, 0, 1, 2], "texture": "#2"},
				"east": {"uv": [0, 6, 2, 8], "rotation": 90, "texture": "#2"},
				"south": {"uv": [0, 0, 1, 2], "texture": "#2"},
				"west": {"uv": [0, 0, 2, 2], "texture": "#2"},
				"up": {"uv": [1, 2, 0, 0], "texture": "#2"},
				"down": {"uv": [1, 2, 0, 0], "texture": "#2"}
			}
		},
		{
			"from": [14, 11, 16],
			"to": [16, 13, 17],
			"rotation": {"angle": 0, "axis": "y", "origin": [12, 11, 20]},
			"faces": {
				"north": {"uv": [0, 0, 2, 2], "texture": "#2"},
				"east": {"uv": [0, 0, 1, 2], "texture": "#2"},
				"south": {"uv": [0, 6, 2, 8], "rotation": 90, "texture": "#2"},
				"west": {"uv": [0, 0, 1, 2], "texture": "#2"},
				"up": {"uv": [2, 1, 0, 0], "texture": "#2"},
				"down": {"uv": [2, 1, 0, 0], "texture": "#2"}
			}
		},
		{
			"from": [16, 11, 13],
			"to": [17, 13, 16],
			"rotation": {"angle": 0, "axis": "y", "origin": [12, 11, 20]},
			"faces": {
				"north": {"uv": [0, 0, 1, 2], "texture": "#2"},
				"east": {"uv": [0, 0, 3, 2], "texture": "#2"},
				"south": {"uv": [0, 0, 1, 2], "texture": "#2"},
				"west": {"uv": [0, 0, 3, 2], "texture": "#2"},
				"up": {"uv": [3, 7, 0, 6], "rotation": 90, "texture": "#2"},
				"down": {"uv": [1, 3, 0, 0], "texture": "#2"}
			}
		},
		{
			"from": [17, 11, 13],
			"to": [18, 13, 14],
			"rotation": {"angle": 0, "axis": "y", "origin": [12, 11, 20]},
			"faces": {
				"north": {"uv": [0, 0, 1, 2], "texture": "#2"},
				"east": {"uv": [0, 6, 2, 7], "rotation": 90, "texture": "#2"},
				"south": {"uv": [0, 0, 1, 2], "texture": "#2"},
				"west": {"uv": [0, 0, 1, 2], "texture": "#2"},
				"up": {"uv": [1, 1, 0, 0], "texture": "#2"},
				"down": {"uv": [1, 1, 0, 0], "texture": "#2"}
			}
		},
		{
			"from": [-2, 11, 13],
			"to": [-1, 13, 14],
			"rotation": {"angle": 0, "axis": "y", "origin": [4, 11, 20]},
			"faces": {
				"north": {"uv": [1, 0, 0, 2], "texture": "#2"},
				"east": {"uv": [1, 0, 0, 2], "texture": "#2"},
				"south": {"uv": [1, 0, 0, 2], "texture": "#2"},
				"west": {"uv": [0, 7, 2, 6], "rotation": 90, "texture": "#2"},
				"up": {"uv": [0, 1, 1, 0], "texture": "#2"},
				"down": {"uv": [0, 1, 1, 0], "texture": "#2"}
			}
		},
		{
			"from": [-1, 11, 13],
			"to": [0, 13, 16],
			"rotation": {"angle": 0, "axis": "y", "origin": [4, 11, 20]},
			"faces": {
				"north": {"uv": [1, 0, 0, 2], "texture": "#2"},
				"east": {"uv": [3, 0, 0, 2], "texture": "#2"},
				"south": {"uv": [1, 0, 0, 2], "texture": "#2"},
				"west": {"uv": [3, 0, 0, 2], "texture": "#2"},
				"up": {"uv": [3, 6, 0, 7], "rotation": 90, "texture": "#2"},
				"down": {"uv": [0, 3, 1, 0], "texture": "#2"}
			}
		},
		{
			"from": [0, 11, 16],
			"to": [2, 13, 17],
			"rotation": {"angle": 0, "axis": "y", "origin": [4, 11, 20]},
			"faces": {
				"north": {"uv": [2, 0, 0, 2], "texture": "#2"},
				"east": {"uv": [1, 0, 0, 2], "texture": "#2"},
				"south": {"uv": [0, 8, 2, 6], "rotation": 90, "texture": "#2"},
				"west": {"uv": [1, 0, 0, 2], "texture": "#2"},
				"up": {"uv": [0, 1, 2, 0], "texture": "#2"},
				"down": {"uv": [0, 1, 2, 0], "texture": "#2"}
			}
		},
		{
			"from": [2, 11, 16],
			"to": [3, 13, 18],
			"rotation": {"angle": 0, "axis": "y", "origin": [4, 11, 20]},
			"faces": {
				"north": {"uv": [1, 0, 0, 2], "texture": "#2"},
				"east": {"uv": [2, 0, 0, 2], "texture": "#2"},
				"south": {"uv": [1, 0, 0, 2], "texture": "#2"},
				"west": {"uv": [0, 8, 2, 6], "rotation": 90, "texture": "#2"},
				"up": {"uv": [0, 2, 1, 0], "texture": "#2"},
				"down": {"uv": [0, 2, 1, 0], "texture": "#2"}
			}
		},
		{
			"from": [13, 11, -2],
			"to": [14, 13, 0],
			"rotation": {"angle": 0, "axis": "y", "origin": [12, 11, -4]},
			"faces": {
				"north": {"uv": [1, 0, 0, 2], "texture": "#2"},
				"east": {"uv": [0, 8, 2, 6], "rotation": 90, "texture": "#2"},
				"south": {"uv": [1, 0, 0, 2], "texture": "#2"},
				"west": {"uv": [2, 0, 0, 2], "texture": "#2"},
				"up": {"uv": [1, 0, 0, 2], "texture": "#2"},
				"down": {"uv": [1, 0, 0, 2], "texture": "#2"}
			}
		},
		{
			"from": [14, 11, -1],
			"to": [16, 13, 0],
			"rotation": {"angle": 0, "axis": "y", "origin": [12, 11, -4]},
			"faces": {
				"north": {"uv": [0, 8, 2, 6], "rotation": 90, "texture": "#2"},
				"east": {"uv": [1, 0, 0, 2], "texture": "#2"},
				"south": {"uv": [2, 0, 0, 2], "texture": "#2"},
				"west": {"uv": [1, 0, 0, 2], "texture": "#2"},
				"up": {"uv": [2, 0, 0, 1], "texture": "#2"},
				"down": {"uv": [2, 0, 0, 1], "texture": "#2"}
			}
		},
		{
			"from": [16, 11, 0],
			"to": [17, 13, 3],
			"rotation": {"angle": 0, "axis": "y", "origin": [12, 11, -4]},
			"faces": {
				"north": {"uv": [1, 0, 0, 2], "texture": "#2"},
				"east": {"uv": [3, 0, 0, 2], "texture": "#2"},
				"south": {"uv": [1, 0, 0, 2], "texture": "#2"},
				"west": {"uv": [3, 0, 0, 2], "texture": "#2"},
				"up": {"uv": [0, 7, 3, 6], "rotation": 90, "texture": "#2"},
				"down": {"uv": [1, 0, 0, 3], "texture": "#2"}
			}
		},
		{
			"from": [17, 11, 2],
			"to": [18, 13, 3],
			"rotation": {"angle": 0, "axis": "y", "origin": [12, 11, -4]},
			"faces": {
				"north": {"uv": [1, 0, 0, 2], "texture": "#2"},
				"east": {"uv": [0, 7, 2, 6], "rotation": 90, "texture": "#2"},
				"south": {"uv": [1, 0, 0, 2], "texture": "#2"},
				"west": {"uv": [1, 0, 0, 2], "texture": "#2"},
				"up": {"uv": [1, 0, 0, 1], "texture": "#2"},
				"down": {"uv": [1, 0, 0, 1], "texture": "#2"}
			}
		},
		{
			"from": [18, 11, 3],
			"to": [19, 13, 13],
			"rotation": {"angle": 0, "axis": "y", "origin": [12, 11, 20]},
			"faces": {
				"north": {"uv": [0, 0, 1, 2], "texture": "#2"},
				"east": {"uv": [0, 6, 2, 16], "rotation": 90, "texture": "#2"},
				"south": {"uv": [0, 0, 1, 2], "texture": "#2"},
				"west": {"uv": [0, 0, 10, 2], "texture": "#2"},
				"up": {"uv": [1, 10, 0, 0], "texture": "#2"},
				"down": {"uv": [1, 10, 0, 0], "texture": "#2"}
			}
		}
	],
	"groups": [
		0,
		1,
		2,
		3,
		4,
		5,
		6,
		7,
		8,
		9,
		10,
		11,
		12,
		13,
		14,
		15,
		{
			"name": "group",
			"origin": [16, 0, 31],
			"color": 0,
			"children": [16, 17, 18, 19, 20, 21, 22, 23]
		},
		{
			"name": "group",
			"origin": [0, 0, 16],
			"color": 0,
			"children": [24, 25, 26, 27]
		},
		{
			"name": "group",
			"origin": [-10, 13, 7],
			"color": 0,
			"children": [28, 29, 30, 31, 32, 33, 34, 35, 36, 37, 38, 39]
		},
		40,
		41,
		42,
		43,
		44,
		45,
		46,
		47,
		48,
		{
			"name": "lid",
			"origin": [10, 13, 12],
			"color": 0,
			"children": [49, 50, 51, 52, 53, 54]
		},
		{
			"name": "group",
			"origin": [12, 3, 20],
			"color": 0,
			"children": [55, 56, 57, 58, 59, 60, 61, 62, 63, 64, 65, 66, 67, 68, 69, 70, 71, 72, 73, 74]
		},
		{
			"name": "group",
			"origin": [12, 3, 20],
			"color": 0,
			"children": [75, 76, 77, 78, 79, 80, 81, 82, 83, 84, 85, 86, 87, 88, 89, 90, 91, 92, 93, 94]
		}
	]
}