{
	"credit": "Made with Blockbench",
	"parent": "block/block",
	"textures": {
		"1": "block/beacon_star_animated",
		"2": "block/diamond_block",
		"3": "block/obsidian",
		"7": "block/polished_deepslate",
		"8": "block/enchantment_table_runes",
		"9": "block/anvil",
		"10": "block/beacon_rune_circle",
		"particle": "block/beacon"
	},
	"elements": [
		{
			"from": [2, 0.1, 2],
			"to": [14, 6, 14],
			"faces": {
				"north": {"uv": [0, 0, 10, 5.4], "texture": "#3"},
				"east": {"uv": [0, 0, 10, 5.4], "texture": "#3"},
				"south": {"uv": [0, 0, 10, 5.4], "texture": "#3"},
				"west": {"uv": [0, 0, 10, 5.4], "texture": "#3"},
				"up": {"uv": [2, 3, 13, 14], "texture": "#3"},
				"down": {"uv": [2, 3, 13, 14], "texture": "#3"}
			}
		},
		{
			"from": [0, 0, 0],
			"to": [5, 8, 5],
			"rotation": {"angle": 0, "axis": "y", "origin": [-1, 0, -1]},
			"faces": {
				"north": {"uv": [3, 4, 8, 11], "texture": "#7"},
				"east": {"uv": [3, 4, 8, 11], "texture": "#7"},
				"south": {"uv": [3, 4, 8, 11], "texture": "#7"},
				"west": {"uv": [3, 4, 8, 11], "texture": "#7"},
				"up": {"uv": [3, 1, 8, 5], "texture": "#7"},
				"down": {"uv": [3, 1, 8, 5], "texture": "#7"}
			}
		},
		{
			"from": [11, 0, 0],
			"to": [16, 8, 5],
			"rotation": {"angle": 0, "axis": "y", "origin": [17, 0, -1]},
			"faces": {
				"north": {"uv": [8, 4, 3, 11], "texture": "#7"},
				"east": {"uv": [8, 4, 3, 11], "texture": "#7"},
				"south": {"uv": [8, 4, 3, 11], "texture": "#7"},
				"west": {"uv": [8, 4, 3, 11], "texture": "#7"},
				"up": {"uv": [8, 1, 3, 5], "texture": "#7"},
				"down": {"uv": [8, 1, 3, 5], "texture": "#7"}
			}
		},
		{
			"from": [11, 0, 11],
			"to": [16, 8, 16],
			"rotation": {"angle": 0, "axis": "y", "origin": [17, 0, 17]},
			"faces": {
				"north": {"uv": [3, 4, 8, 11], "texture": "#7"},
				"east": {"uv": [3, 4, 8, 11], "texture": "#7"},
				"south": {"uv": [3, 4, 8, 11], "texture": "#7"},
				"west": {"uv": [3, 4, 8, 11], "texture": "#7"},
				"up": {"uv": [8, 5, 3, 1], "texture": "#7"},
				"down": {"uv": [8, 5, 3, 1], "texture": "#7"}
			}
		},
		{
			"from": [0, 0, 11],
			"to": [5, 8, 16],
			"rotation": {"angle": 0, "axis": "y", "origin": [-1, 0, 17]},
			"faces": {
				"north": {"uv": [8, 4, 3, 11], "texture": "#7"},
				"east": {"uv": [8, 4, 3, 11], "texture": "#7"},
				"south": {"uv": [8, 4, 3, 11], "texture": "#7"},
				"west": {"uv": [8, 4, 3, 11], "texture": "#7"},
				"up": {"uv": [3, 5, 8, 1], "texture": "#7"},
				"down": {"uv": [3, 5, 8, 1], "texture": "#7"}
			}
		},
		{
			"from": [-0.025, 2.6, 1],
			"to": [-0.025, 7, 4],
			"rotation": {"angle": 0, "axis": "y", "origin": [0.975, 0, -1]},
			"faces": {
				"north": {"uv": [1, 6, 6, 13.4], "texture": "#8"},
				"east": {"uv": [1, 6, 6, 13.4], "texture": "#8"},
				"south": {"uv": [1, 6, 6, 13.4], "texture": "#8"},
				"west": {"uv": [1, 6, 6, 13.4], "texture": "#8"},
				"up": {"uv": [6, 13.4, 1, 6], "rotation": 90, "texture": "#8"},
				"down": {"uv": [6, 13.4, 1, 6], "rotation": 270, "texture": "#8"}
			}
		},
		{
			"from": [1, 2.6, -0.025],
			"to": [4, 7, -0.025],
			"rotation": {"angle": 0, "axis": "y", "origin": [-1, 0, -1.025]},
			"faces": {
				"north": {"uv": [1, 6, 6, 13.4], "texture": "#8"},
				"east": {"uv": [1, 6, 6, 13.4], "texture": "#8"},
				"south": {"uv": [1, 6, 6, 13.4], "texture": "#8"},
				"west": {"uv": [1, 6, 6, 13.4], "texture": "#8"},
				"up": {"uv": [6, 13.4, 1, 6], "texture": "#8"},
				"down": {"uv": [6, 13.4, 1, 6], "texture": "#8"}
			}
		},
		{
			"from": [1.5, 8, 1.5],
			"to": [3.5, 10, 3.5],
			"rotation": {"angle": 0, "axis": "y", "origin": [-1, 0, -1]},
			"faces": {
				"north": {"uv": [7, 7, 9, 9], "texture": "#2"},
				"east": {"uv": [7, 7, 9, 9], "texture": "#2"},
				"south": {"uv": [7, 7, 9, 9], "texture": "#2"},
				"west": {"uv": [7, 7, 9, 9], "texture": "#2"},
				"up": {"uv": [7, 7, 9, 9], "texture": "#2"},
				"down": {"uv": [7, 7, 9, 9], "texture": "#2"}
			}
		},
		{
			"from": [1.3, 8, 1.2],
			"to": [3.7, 8.7, 3.8],
			"rotation": {"angle": 0, "axis": "y", "origin": [-1, 0, -1]},
			"faces": {
				"north": {"uv": [9, 7, 11, 8], "texture": "#9"},
				"east": {"uv": [9, 7, 11, 8], "texture": "#9"},
				"south": {"uv": [9, 7, 11, 8], "texture": "#9"},
				"west": {"uv": [9, 7, 11, 8], "texture": "#9"},
				"up": {"uv": [9, 7, 11, 9], "texture": "#9"},
				"down": {"uv": [9, 7, 11, 8], "texture": "#9"}
			}
		},
		{
			"from": [16.025, 2.6, 1],
			"to": [16.025, 7, 4],
			"rotation": {"angle": 0, "axis": "y", "origin": [15.025, 0, -1]},
			"faces": {
				"north": {"uv": [6, 6, 1, 13.4], "texture": "#8"},
				"east": {"uv": [6, 6, 1, 13.4], "texture": "#8"},
				"south": {"uv": [6, 6, 1, 13.4], "texture": "#8"},
				"west": {"uv": [6, 6, 1, 13.4], "texture": "#8"},
				"up": {"uv": [6, 6, 1, 13.4], "rotation": 90, "texture": "#8"},
				"down": {"uv": [6, 6, 1, 13.4], "rotation": 270, "texture": "#8"}
			}
		},
		{
			"from": [12, 2.6, -0.025],
			"to": [15, 7, -0.025],
			"rotation": {"angle": 0, "axis": "y", "origin": [17, 0, -1.025]},
			"faces": {
				"north": {"uv": [6, 6, 1, 13.4], "texture": "#8"},
				"east": {"uv": [6, 6, 1, 13.4], "texture": "#8"},
				"south": {"uv": [6, 6, 1, 13.4], "texture": "#8"},
				"west": {"uv": [6, 6, 1, 13.4], "texture": "#8"},
				"up": {"uv": [1, 13.4, 6, 6], "texture": "#8"},
				"down": {"uv": [1, 13.4, 6, 6], "texture": "#8"}
			}
		},
		{
			"from": [12.3, 8, 1.2],
			"to": [14.7, 8.7, 3.8],
			"rotation": {"angle": 0, "axis": "y", "origin": [17, 0, -1]},
			"faces": {
				"north": {"uv": [11, 7, 9, 8], "texture": "#9"},
				"east": {"uv": [11, 7, 9, 8], "texture": "#9"},
				"south": {"uv": [11, 7, 9, 8], "texture": "#9"},
				"west": {"uv": [11, 7, 9, 8], "texture": "#9"},
				"up": {"uv": [11, 7, 9, 9], "texture": "#9"},
				"down": {"uv": [11, 7, 9, 8], "texture": "#9"}
			}
		},
		{
			"from": [12.5, 8, 1.5],
			"to": [14.5, 10, 3.5],
			"rotation": {"angle": 0, "axis": "y", "origin": [17, 0, -1]},
			"faces": {
				"north": {"uv": [9, 7, 7, 9], "texture": "#2"},
				"east": {"uv": [9, 7, 7, 9], "texture": "#2"},
				"south": {"uv": [9, 7, 7, 9], "texture": "#2"},
				"west": {"uv": [9, 7, 7, 9], "texture": "#2"},
				"up": {"uv": [9, 7, 7, 9], "texture": "#2"},
				"down": {"uv": [9, 7, 7, 9], "texture": "#2"}
			}
		},
		{
			"from": [16.025, 2.6, 12],
			"to": [16.025, 7, 15],
			"rotation": {"angle": 0, "axis": "y", "origin": [15.025, 0, 17]},
			"faces": {
				"north": {"uv": [1, 6, 6, 13.4], "texture": "#8"},
				"east": {"uv": [1, 6, 6, 13.4], "texture": "#8"},
				"south": {"uv": [1, 6, 6, 13.4], "texture": "#8"},
				"west": {"uv": [1, 6, 6, 13.4], "texture": "#8"},
				"up": {"uv": [1, 6, 6, 13.4], "rotation": 90, "texture": "#8"},
				"down": {"uv": [1, 6, 6, 13.4], "rotation": 270, "texture": "#8"}
			}
		},
		{
			"from": [12, 2.6, 16.025],
			"to": [15, 7, 16.025],
			"rotation": {"angle": 0, "axis": "y", "origin": [17, 0, 17.025]},
			"faces": {
				"north": {"uv": [1, 6, 6, 13.4], "texture": "#8"},
				"east": {"uv": [1, 6, 6, 13.4], "texture": "#8"},
				"south": {"uv": [1, 6, 6, 13.4], "texture": "#8"},
				"west": {"uv": [1, 6, 6, 13.4], "texture": "#8"},
				"up": {"uv": [1, 6, 6, 13.4], "texture": "#8"},
				"down": {"uv": [1, 6, 6, 13.4], "texture": "#8"}
			}
		},
		{
			"from": [12.3, 8, 12.2],
			"to": [14.7, 8.7, 14.8],
			"rotation": {"angle": 0, "axis": "y", "origin": [17, 0, 17]},
			"faces": {
				"north": {"uv": [9, 7, 11, 8], "texture": "#9"},
				"east": {"uv": [9, 7, 11, 8], "texture": "#9"},
				"south": {"uv": [9, 7, 11, 8], "texture": "#9"},
				"west": {"uv": [9, 7, 11, 8], "texture": "#9"},
				"up": {"uv": [11, 9, 9, 7], "texture": "#9"},
				"down": {"uv": [11, 8, 9, 7], "texture": "#9"}
			}
		},
		{
			"from": [12.5, 8, 12.5],
			"to": [14.5, 10, 14.5],
			"rotation": {"angle": 0, "axis": "y", "origin": [17, 0, 17]},
			"faces": {
				"north": {"uv": [7, 7, 9, 9], "texture": "#2"},
				"east": {"uv": [7, 7, 9, 9], "texture": "#2"},
				"south": {"uv": [7, 7, 9, 9], "texture": "#2"},
				"west": {"uv": [7, 7, 9, 9], "texture": "#2"},
				"up": {"uv": [9, 9, 7, 7], "texture": "#2"},
				"down": {"uv": [9, 9, 7, 7], "texture": "#2"}
			}
		},
		{
			"from": [1.3, 8, 12.2],
			"to": [3.7, 8.7, 14.8],
			"rotation": {"angle": 0, "axis": "y", "origin": [-1, 0, 17]},
			"faces": {
				"north": {"uv": [11, 7, 9, 8], "texture": "#9"},
				"east": {"uv": [11, 7, 9, 8], "texture": "#9"},
				"south": {"uv": [11, 7, 9, 8], "texture": "#9"},
				"west": {"uv": [11, 7, 9, 8], "texture": "#9"},
				"up": {"uv": [9, 9, 11, 7], "texture": "#9"},
				"down": {"uv": [9, 8, 11, 7], "texture": "#9"}
			}
		},
		{
			"from": [1.5, 8, 12.5],
			"to": [3.5, 10, 14.5],
			"rotation": {"angle": 0, "axis": "y", "origin": [-1, 0, 17]},
			"faces": {
				"north": {"uv": [9, 7, 7, 9], "texture": "#2"},
				"east": {"uv": [9, 7, 7, 9], "texture": "#2"},
				"south": {"uv": [9, 7, 7, 9], "texture": "#2"},
				"west": {"uv": [9, 7, 7, 9], "texture": "#2"},
				"up": {"uv": [7, 9, 9, 7], "texture": "#2"},
				"down": {"uv": [7, 9, 9, 7], "texture": "#2"}
			}
		},
		{
			"from": [1, 2.6, 16.025],
			"to": [4, 7, 16.025],
			"rotation": {"angle": 0, "axis": "y", "origin": [-1, 0, 17.025]},
			"faces": {
				"north": {"uv": [6, 6, 1, 13.4], "texture": "#8"},
				"east": {"uv": [6, 6, 1, 13.4], "texture": "#8"},
				"south": {"uv": [6, 6, 1, 13.4], "texture": "#8"},
				"west": {"uv": [6, 6, 1, 13.4], "texture": "#8"},
				"up": {"uv": [6, 6, 1, 13.4], "texture": "#8"},
				"down": {"uv": [6, 6, 1, 13.4], "texture": "#8"}
			}
		},
		{
			"from": [-0.025, 2.6, 12],
			"to": [-0.025, 7, 15],
			"rotation": {"angle": 0, "axis": "y", "origin": [0.975, 0, 17]},
			"faces": {
				"north": {"uv": [6, 6, 1, 13.4], "texture": "#8"},
				"east": {"uv": [6, 6, 1, 13.4], "texture": "#8"},
				"south": {"uv": [6, 6, 1, 13.4], "texture": "#8"},
				"west": {"uv": [6, 6, 1, 13.4], "texture": "#8"},
				"up": {"uv": [1, 13.4, 6, 6], "rotation": 90, "texture": "#8"},
				"down": {"uv": [1, 13.4, 6, 6], "rotation": 270, "texture": "#8"}
			}
		},
		{
			"from": [5.05, 6, 5.05],
			"to": [10.95, 11, 10.95],
			"rotation": {"angle": 0, "axis": "y", "origin": [7, 6, 7]},
			"faces": {
				"north": {"uv": [6, 5, 10, 10], "texture": "#3"},
				"east": {"uv": [6, 5, 10, 10], "texture": "#3"},
				"south": {"uv": [6, 5, 10, 10], "texture": "#3"},
				"west": {"uv": [6, 5, 10, 10], "texture": "#3"},
				"up": {"uv": [6, 2, 10, 6], "texture": "#3"},
				"down": {"uv": [7, 5, 10, 10], "texture": "#3"}
			}
		},
		{
			"from": [6.3, 12.9, 6.3],
			"to": [9.7, 16.3, 9.7],
			"rotation": {"angle": 45, "axis": "y", "origin": [8, 16, 8]},
			"faces": {
				"north": {"uv": [5, 5, 10.8, 10.8], "texture": "#1"},
				"east": {"uv": [5, 5, 10.8, 10.8], "texture": "#1"},
				"south": {"uv": [5, 5, 10.8, 10.8], "texture": "#1"},
				"west": {"uv": [5, 5, 10.8, 10.8], "texture": "#1"},
				"up": {"uv": [5, 5, 10.8, 10.8], "texture": "#1"},
				"down": {"uv": [5, 5, 10.8, 10.8], "texture": "#1"}
			}
		},
		{
			"from": [17, 13, 4.25625],
			"to": [17, 15.5, 11.75625],
			"rotation": {"angle": 22.5, "axis": "y", "origin": [8, 13, 8.0375]},
			"faces": {
				"north": {"uv": [16, 5.5, 0, 11], "texture": "#10"},
				"east": {"uv": [16, 5.5, 0, 11], "texture": "#10"},
				"south": {"uv": [16, 5.5, 0, 11], "texture": "#10"},
				"west": {"uv": [0, 5.5, 16, 11], "texture": "#10"},
				"up": {"uv": [16, 5.5, 0, 11], "texture": "#10"},
				"down": {"uv": [16, 5.5, 0, 11], "texture": "#10"}
			}
		},
		{
			"from": [4.26256, 13, 17.02799],
			"to": [11.76256, 15.5, 17.02799],
			"rotation": {"angle": 45, "axis": "y", "origin": [8, 13, 8.0375]},
			"faces": {
				"north": {"uv": [0, 5.5, 16, 11], "texture": "#10"},
				"east": {"uv": [16, 5.5, 0, 11], "texture": "#10"},
				"south": {"uv": [16, 5.5, 0, 11], "texture": "#10"},
				"west": {"uv": [16, 5.5, 0, 11], "texture": "#10"},
				"up": {"uv": [16, 5.5, 0, 11], "texture": "#10"},
				"down": {"uv": [16, 5.5, 0, 11], "texture": "#10"}
			}
		},
		{
			"from": [4.25, 13, 17.0375],
			"to": [11.75, 15.5, 17.0375],
			"rotation": {"angle": 0, "axis": "y", "origin": [8, 13, 8.0375]},
			"faces": {
				"north": {"uv": [0, 5.5, 16, 11], "texture": "#10"},
				"east": {"uv": [16, 5.5, 0, 11], "texture": "#10"},
				"south": {"uv": [16, 5.5, 0, 11], "texture": "#10"},
				"west": {"uv": [16, 5.5, 0, 11], "texture": "#10"},
				"up": {"uv": [16, 5.5, 0, 11], "texture": "#10"},
				"down": {"uv": [16, 5.5, 0, 11], "texture": "#10"}
			}
		},
		{
			"from": [4.23744, 13, 17.02799],
			"to": [11.73744, 15.5, 17.02799],
			"rotation": {"angle": -45, "axis": "y", "origin": [8, 13, 8.0375]},
			"faces": {
				"north": {"uv": [0, 5.5, 16, 11], "texture": "#10"},
				"east": {"uv": [16, 5.5, 0, 11], "texture": "#10"},
				"south": {"uv": [16, 5.5, 0, 11], "texture": "#10"},
				"west": {"uv": [16, 5.5, 0, 11], "texture": "#10"},
				"up": {"uv": [16, 5.5, 0, 11], "texture": "#10"},
				"down": {"uv": [16, 5.5, 0, 11], "texture": "#10"}
			}
		},
		{
			"from": [-1, 13, 4.25625],
			"to": [-1, 15.5, 11.75625],
			"rotation": {"angle": 0, "axis": "y", "origin": [8, 13, 8.0375]},
			"faces": {
				"north": {"uv": [16, 5.5, 0, 11], "texture": "#10"},
				"east": {"uv": [0, 5.5, 16, 11], "texture": "#10"},
				"south": {"uv": [16, 5.5, 0, 11], "texture": "#10"},
				"west": {"uv": [16, 5.5, 0, 11], "texture": "#10"},
				"up": {"uv": [16, 5.5, 0, 11], "texture": "#10"},
				"down": {"uv": [16, 5.5, 0, 11], "texture": "#10"}
			}
		},
		{
			"from": [4.30373, 13, -1.01927],
			"to": [11.80373, 15.5, -1.01927],
			"rotation": {"angle": 45, "axis": "y", "origin": [8, 13, 8.0375]},
			"faces": {
				"north": {"uv": [16, 5.5, 0, 11], "texture": "#10"},
				"east": {"uv": [16, 5.5, 0, 11], "texture": "#10"},
				"south": {"uv": [0, 5.5, 16, 11], "texture": "#10"},
				"west": {"uv": [16, 5.5, 0, 11], "texture": "#10"},
				"up": {"uv": [16, 5.5, 0, 11], "texture": "#10"},
				"down": {"uv": [16, 5.5, 0, 11], "texture": "#10"}
			}
		},
		{
			"from": [4.25, 13, -1.05625],
			"to": [11.75, 15.5, -1.05625],
			"rotation": {"angle": 0, "axis": "y", "origin": [8, 13, 8.0375]},
			"faces": {
				"north": {"uv": [16, 5.5, 0, 11], "texture": "#10"},
				"east": {"uv": [0, 5.5, 16, 11], "texture": "#10"},
				"south": {"uv": [0, 5.5, 16, 11], "texture": "#10"},
				"west": {"uv": [0, 5.5, 16, 11], "texture": "#10"},
				"up": {"uv": [0, 5.5, 16, 11], "texture": "#10"},
				"down": {"uv": [0, 5.5, 16, 11], "texture": "#10"}
			}
		},
		{
			"from": [4.19628, 13, -1.01927],
			"to": [11.69628, 15.5, -1.01927],
			"rotation": {"angle": -45, "axis": "y", "origin": [8, 13, 8.0375]},
			"faces": {
				"north": {"uv": [16, 5.5, 0, 11], "texture": "#10"},
				"east": {"uv": [16, 5.5, 0, 11], "texture": "#10"},
				"south": {"uv": [0, 5.5, 16, 11], "texture": "#10"},
				"west": {"uv": [16, 5.5, 0, 11], "texture": "#10"},
				"up": {"uv": [16, 5.5, 0, 11], "texture": "#10"},
				"down": {"uv": [16, 5.5, 0, 11], "texture": "#10"}
			}
		},
		{
			"from": [17, 13, 4.25625],
			"to": [17, 15.5, 11.75625],
			"rotation": {"angle": 0, "axis": "y", "origin": [8, 13, 8.0375]},
			"faces": {
				"north": {"uv": [16, 5.5, 0, 11], "texture": "#10"},
				"east": {"uv": [16, 5.5, 0, 11], "texture": "#10"},
				"south": {"uv": [16, 5.5, 0, 11], "texture": "#10"},
				"west": {"uv": [0, 5.5, 16, 11], "texture": "#10"},
				"up": {"uv": [16, 5.5, 0, 11], "texture": "#10"},
				"down": {"uv": [16, 5.5, 0, 11], "texture": "#10"}
			}
		},
		{
			"from": [16.99049, 13, 4.27494],
			"to": [16.99049, 15.5, 11.77494],
			"rotation": {"angle": -22.5, "axis": "y", "origin": [8, 13, 8.0375]},
			"faces": {
				"north": {"uv": [16, 5.5, 0, 11], "texture": "#10"},
				"east": {"uv": [16, 5.5, 0, 11], "texture": "#10"},
				"south": {"uv": [16, 5.5, 0, 11], "texture": "#10"},
				"west": {"uv": [0, 5.5, 16, 11], "texture": "#10"},
				"up": {"uv": [16, 5.5, 0, 11], "rotation": 270, "texture": "#10"},
				"down": {"uv": [16, 5.5, 0, 11], "rotation": 90, "texture": "#10"}
			}
		},
		{
			"from": [4.25, 13, 17.0375],
			"to": [11.75, 15.5, 17.0375],
			"rotation": {"angle": 22.5, "axis": "y", "origin": [8, 13, 8.0375]},
			"faces": {
				"north": {"uv": [0, 5.5, 16, 11], "texture": "#10"},
				"east": {"uv": [16, 5.5, 0, 11], "texture": "#10"},
				"south": {"uv": [16, 5.5, 0, 11], "texture": "#10"},
				"west": {"uv": [16, 5.5, 0, 11], "texture": "#10"},
				"up": {"uv": [16, 5.5, 0, 11], "texture": "#10"},
				"down": {"uv": [16, 5.5, 0, 11], "texture": "#10"}
			}
		},
		{
			"from": [4.23744, 13, 17.02799],
			"to": [11.73744, 15.5, 17.02799],
			"rotation": {"angle": -22.5, "axis": "y", "origin": [8, 13, 8.0375]},
			"faces": {
				"north": {"uv": [0, 5.5, 16, 11], "texture": "#10"},
				"east": {"uv": [16, 5.5, 0, 11], "texture": "#10"},
				"south": {"uv": [16, 5.5, 0, 11], "texture": "#10"},
				"west": {"uv": [16, 5.5, 0, 11], "texture": "#10"},
				"up": {"uv": [16, 5.5, 0, 11], "texture": "#10"},
				"down": {"uv": [16, 5.5, 0, 11], "texture": "#10"}
			}
		},
		{
			"from": [-1, 13, 4.25625],
			"to": [-1, 15.5, 11.75625],
			"rotation": {"angle": 22.5, "axis": "y", "origin": [8, 13, 8.0375]},
			"faces": {
				"north": {"uv": [16, 5.5, 0, 11], "texture": "#10"},
				"east": {"uv": [0, 5.5, 16, 11], "texture": "#10"},
				"south": {"uv": [16, 5.5, 0, 11], "texture": "#10"},
				"west": {"uv": [16, 5.5, 0, 11], "texture": "#10"},
				"up": {"uv": [16, 5.5, 0, 11], "texture": "#10"},
				"down": {"uv": [16, 5.5, 0, 11], "texture": "#10"}
			}
		},
		{
			"from": [-1.05677, 13, 4.23377],
			"to": [-1.05677, 15.5, 11.73378],
			"rotation": {"angle": -22.5, "axis": "y", "origin": [8, 13, 8.0375]},
			"faces": {
				"north": {"uv": [16, 5.5, 0, 11], "texture": "#10"},
				"east": {"uv": [0, 5.5, 16, 11], "texture": "#10"},
				"south": {"uv": [16, 5.5, 0, 11], "texture": "#10"},
				"west": {"uv": [16, 5.5, 0, 11], "texture": "#10"},
				"up": {"uv": [16, 5.5, 0, 11], "rotation": 270, "texture": "#10"},
				"down": {"uv": [16, 5.5, 0, 11], "rotation": 90, "texture": "#10"}
			}
		},
		{
			"from": [4.25, 13, -1.05625],
			"to": [11.75, 15.5, -1.05625],
			"rotation": {"angle": 22.5, "axis": "y", "origin": [8, 13, 8.0375]},
			"faces": {
				"north": {"uv": [16, 5.5, 0, 11], "texture": "#10"},
				"east": {"uv": [0, 5.5, 16, 11], "texture": "#10"},
				"south": {"uv": [0, 5.5, 16, 11], "texture": "#10"},
				"west": {"uv": [0, 5.5, 16, 11], "texture": "#10"},
				"up": {"uv": [0, 5.5, 16, 11], "texture": "#10"},
				"down": {"uv": [0, 5.5, 16, 11], "texture": "#10"}
			}
		},
		{
			"from": [4.19628, 13, -1.01927],
			"to": [11.69628, 15.5, -1.01927],
			"rotation": {"angle": -22.5, "axis": "y", "origin": [8, 13, 8.0375]},
			"faces": {
				"north": {"uv": [16, 5.5, 0, 11], "texture": "#10"},
				"east": {"uv": [16, 5.5, 0, 11], "texture": "#10"},
				"south": {"uv": [0, 5.5, 16, 11], "texture": "#10"},
				"west": {"uv": [16, 5.5, 0, 11], "texture": "#10"},
				"up": {"uv": [16, 5.5, 0, 11], "texture": "#10"},
				"down": {"uv": [16, 5.5, 0, 11], "texture": "#10"}
			}
		},
		{
			"from": [4.26256, 21.99049, 6.4375],
			"to": [11.76256, 21.99049, 8.9375],
			"rotation": {"angle": -45, "axis": "z", "origin": [8, 13, 8.9375]},
			"faces": {
				"north": {"uv": [16, 5.5, 0, 11], "rotation": 180, "texture": "#10"},
				"east": {"uv": [16, 5.5, 0, 11], "rotation": 90, "texture": "#10"},
				"south": {"uv": [16, 5.5, 0, 11], "texture": "#10"},
				"west": {"uv": [16, 5.5, 0, 11], "rotation": 270, "texture": "#10"},
				"up": {"uv": [16, 5.5, 0, 11], "texture": "#10"},
				"down": {"uv": [0, 5.5, 16, 11], "rotation": 180, "texture": "#10"}
			}
		},
		{
			"from": [4.25, 22, 6.4375],
			"to": [11.75, 22, 8.9375],
			"rotation": {"angle": -45, "axis": "z", "origin": [8, 13, 8.9375]},
			"faces": {
				"north": {"uv": [16, 5.5, 0, 11], "rotation": 180, "texture": "#10"},
				"east": {"uv": [16, 5.5, 0, 11], "rotation": 90, "texture": "#10"},
				"south": {"uv": [16, 5.5, 0, 11], "texture": "#10"},
				"west": {"uv": [16, 5.5, 0, 11], "rotation": 270, "texture": "#10"},
				"up": {"uv": [16, 5.5, 0, 11], "texture": "#10"},
				"down": {"uv": [0, 5.5, 16, 11], "rotation": 180, "texture": "#10"}
			}
		},
		{
			"from": [4.23744, 21.99049, 6.4375],
			"to": [11.73744, 21.99049, 8.9375],
			"rotation": {"angle": -45, "axis": "z", "origin": [8, 13, 8.9375]},
			"faces": {
				"north": {"uv": [16, 5.5, 0, 11], "rotation": 180, "texture": "#10"},
				"east": {"uv": [16, 5.5, 0, 11], "rotation": 90, "texture": "#10"},
				"south": {"uv": [16, 5.5, 0, 11], "texture": "#10"},
				"west": {"uv": [16, 5.5, 0, 11], "rotation": 270, "texture": "#10"},
				"up": {"uv": [16, 5.5, 0, 11], "texture": "#10"},
				"down": {"uv": [0, 5.5, 16, 11], "rotation": 180, "texture": "#10"}
			}
		},
		{
			"from": [-1, 9.21875, 6.4375],
			"to": [-1, 16.71875, 8.9375],
			"rotation": {"angle": -45, "axis": "z", "origin": [8, 13, 8.9375]},
			"faces": {
				"north": {"uv": [16, 5.5, 0, 11], "rotation": 180, "texture": "#10"},
				"east": {"uv": [0, 5.5, 16, 11], "rotation": 90, "texture": "#10"},
				"south": {"uv": [16, 5.5, 0, 11], "texture": "#10"},
				"west": {"uv": [16, 5.5, 0, 11], "rotation": 270, "texture": "#10"},
				"up": {"uv": [16, 5.5, 0, 11], "texture": "#10"},
				"down": {"uv": [16, 5.5, 0, 11], "rotation": 180, "texture": "#10"}
			}
		},
		{
			"from": [4.30373, 3.94323, 6.4375],
			"to": [11.80373, 3.94323, 8.9375],
			"rotation": {"angle": -45, "axis": "z", "origin": [8, 13, 8.9375]},
			"faces": {
				"north": {"uv": [16, 5.5, 0, 11], "rotation": 180, "texture": "#10"},
				"east": {"uv": [16, 5.5, 0, 11], "rotation": 90, "texture": "#10"},
				"south": {"uv": [16, 5.5, 0, 11], "texture": "#10"},
				"west": {"uv": [16, 5.5, 0, 11], "rotation": 270, "texture": "#10"},
				"up": {"uv": [0, 5.5, 16, 11], "texture": "#10"},
				"down": {"uv": [16, 5.5, 0, 11], "rotation": 180, "texture": "#10"}
			}
		},
		{
			"from": [4.25, 3.90625, 6.4375],
			"to": [11.75, 3.90625, 8.9375],
			"rotation": {"angle": -45, "axis": "z", "origin": [8, 13, 8.9375]},
			"faces": {
				"north": {"uv": [0, 5.5, 16, 11], "rotation": 180, "texture": "#10"},
				"east": {"uv": [0, 5.5, 16, 11], "rotation": 90, "texture": "#10"},
				"south": {"uv": [0, 5.5, 16, 11], "texture": "#10"},
				"west": {"uv": [0, 5.5, 16, 11], "rotation": 270, "texture": "#10"},
				"up": {"uv": [0, 5.5, 16, 11], "texture": "#10"},
				"down": {"uv": [16, 5.5, 0, 11], "rotation": 180, "texture": "#10"}
			}
		},
		{
			"from": [4.19628, 3.94323, 6.4375],
			"to": [11.69628, 3.94323, 8.9375],
			"rotation": {"angle": -45, "axis": "z", "origin": [8, 13, 8.9375]},
			"faces": {
				"north": {"uv": [16, 5.5, 0, 11], "rotation": 180, "texture": "#10"},
				"east": {"uv": [16, 5.5, 0, 11], "rotation": 90, "texture": "#10"},
				"south": {"uv": [16, 5.5, 0, 11], "texture": "#10"},
				"west": {"uv": [16, 5.5, 0, 11], "rotation": 270, "texture": "#10"},
				"up": {"uv": [0, 5.5, 16, 11], "texture": "#10"},
				"down": {"uv": [16, 5.5, 0, 11], "rotation": 180, "texture": "#10"}
			}
		},
		{
			"from": [17, 9.21875, 6.4375],
			"to": [17, 16.71875, 8.9375],
			"rotation": {"angle": -45, "axis": "z", "origin": [8, 13, 8.9375]},
			"faces": {
				"north": {"uv": [16, 5.5, 0, 11], "rotation": 180, "texture": "#10"},
				"east": {"uv": [16, 5.5, 0, 11], "rotation": 90, "texture": "#10"},
				"south": {"uv": [16, 5.5, 0, 11], "texture": "#10"},
				"west": {"uv": [0, 5.5, 16, 11], "rotation": 270, "texture": "#10"},
				"up": {"uv": [16, 5.5, 0, 11], "texture": "#10"},
				"down": {"uv": [16, 5.5, 0, 11], "rotation": 180, "texture": "#10"}
			}
		},
		{
			"from": [16.99049, 9.23744, 6.4375],
			"to": [16.99049, 16.73744, 8.9375],
			"rotation": {"angle": -45, "axis": "z", "origin": [8, 13, 8.9375]},
			"faces": {
				"north": {"uv": [16, 5.5, 0, 11], "rotation": 90, "texture": "#10"},
				"east": {"uv": [16, 5.5, 0, 11], "rotation": 90, "texture": "#10"},
				"south": {"uv": [16, 5.5, 0, 11], "rotation": 90, "texture": "#10"},
				"west": {"uv": [0, 5.5, 16, 11], "rotation": 270, "texture": "#10"},
				"up": {"uv": [16, 5.5, 0, 11], "texture": "#10"},
				"down": {"uv": [16, 5.5, 0, 11], "rotation": 180, "texture": "#10"}
			}
		},
		{
			"from": [17, 9.25, 6.4375],
			"to": [17, 16.75, 8.9375],
			"rotation": {"angle": 0, "axis": "z", "origin": [8, 13, 8.9375]},
			"faces": {
				"north": {"uv": [16, 5.5, 0, 11], "rotation": 90, "texture": "#10"},
				"east": {"uv": [16, 5.5, 0, 11], "rotation": 90, "texture": "#10"},
				"south": {"uv": [16, 5.5, 0, 11], "rotation": 90, "texture": "#10"},
				"west": {"uv": [0, 5.5, 16, 11], "rotation": 270, "texture": "#10"},
				"up": {"uv": [16, 5.5, 0, 11], "texture": "#10"},
				"down": {"uv": [16, 5.5, 0, 11], "rotation": 180, "texture": "#10"}
			}
		},
		{
			"from": [4.23744, 21.99049, 6.4375],
			"to": [11.73744, 21.99049, 8.9375],
			"rotation": {"angle": -45, "axis": "z", "origin": [8, 13, 8.9375]},
			"faces": {
				"north": {"uv": [16, 5.5, 0, 11], "rotation": 180, "texture": "#10"},
				"east": {"uv": [16, 5.5, 0, 11], "rotation": 90, "texture": "#10"},
				"south": {"uv": [16, 5.5, 0, 11], "texture": "#10"},
				"west": {"uv": [16, 5.5, 0, 11], "rotation": 270, "texture": "#10"},
				"up": {"uv": [16, 5.5, 0, 11], "texture": "#10"},
				"down": {"uv": [0, 5.5, 16, 11], "rotation": 180, "texture": "#10"}
			}
		},
		{
			"from": [-1, 9.21875, 6.4375],
			"to": [-1, 16.71875, 8.9375],
			"rotation": {"angle": -45, "axis": "z", "origin": [8, 13, 8.9375]},
			"faces": {
				"north": {"uv": [16, 5.5, 0, 11], "rotation": 180, "texture": "#10"},
				"east": {"uv": [0, 5.5, 16, 11], "rotation": 90, "texture": "#10"},
				"south": {"uv": [16, 5.5, 0, 11], "texture": "#10"},
				"west": {"uv": [16, 5.5, 0, 11], "rotation": 270, "texture": "#10"},
				"up": {"uv": [16, 5.5, 0, 11], "texture": "#10"},
				"down": {"uv": [16, 5.5, 0, 11], "rotation": 180, "texture": "#10"}
			}
		},
		{
			"from": [4.19628, 22.05678, 6.4375],
			"to": [11.69628, 22.05678, 8.9375],
			"rotation": {"angle": 0, "axis": "z", "origin": [8, 13, 8.9375]},
			"faces": {
				"north": {"uv": [16, 5.5, 0, 11], "texture": "#10"},
				"east": {"uv": [16, 5.5, 0, 11], "rotation": 90, "texture": "#10"},
				"south": {"uv": [16, 5.5, 0, 11], "rotation": 180, "texture": "#10"},
				"west": {"uv": [16, 5.5, 0, 11], "rotation": 270, "texture": "#10"},
				"up": {"uv": [16, 5.5, 0, 11], "texture": "#10"},
				"down": {"uv": [0, 5.5, 16, 11], "rotation": 180, "texture": "#10"}
			}
		},
		{
			"from": [-1.09375, 9.25, 6.4375],
			"to": [-1.09375, 16.75, 8.9375],
			"rotation": {"angle": 0, "axis": "z", "origin": [8, 13, 8.9375]},
			"faces": {
				"north": {"uv": [0, 5.5, 16, 11], "rotation": 90, "texture": "#10"},
				"east": {"uv": [0, 5.5, 16, 11], "rotation": 90, "texture": "#10"},
				"south": {"uv": [0, 5.5, 16, 11], "rotation": 90, "texture": "#10"},
				"west": {"uv": [16, 5.5, 0, 11], "rotation": 270, "texture": "#10"},
				"up": {"uv": [0, 5.5, 16, 11], "texture": "#10"},
				"down": {"uv": [0, 5.5, 16, 11], "rotation": 180, "texture": "#10"}
			}
		},
		{
			"from": [4.19628, 3.94323, 6.4375],
			"to": [11.69628, 3.94323, 8.9375],
			"rotation": {"angle": -45, "axis": "z", "origin": [8, 13, 8.9375]},
			"faces": {
				"north": {"uv": [16, 5.5, 0, 11], "rotation": 180, "texture": "#10"},
				"east": {"uv": [16, 5.5, 0, 11], "rotation": 90, "texture": "#10"},
				"south": {"uv": [16, 5.5, 0, 11], "texture": "#10"},
				"west": {"uv": [16, 5.5, 0, 11], "rotation": 270, "texture": "#10"},
				"up": {"uv": [0, 5.5, 16, 11], "texture": "#10"},
				"down": {"uv": [16, 5.5, 0, 11], "rotation": 180, "texture": "#10"}
			}
		},
		{
			"from": [4.21875, 4, 6.4375],
			"to": [11.71875, 4, 8.9375],
			"rotation": {"angle": 0, "axis": "z", "origin": [8, 13, 8.9375]},
			"faces": {
				"north": {"uv": [16, 5.5, 0, 11], "rotation": 90, "texture": "#10"},
				"east": {"uv": [16, 5.5, 0, 11], "rotation": 90, "texture": "#10"},
				"south": {"uv": [16, 5.5, 0, 11], "rotation": 90, "texture": "#10"},
				"west": {"uv": [16, 5.5, 0, 11], "rotation": 270, "texture": "#10"},
				"up": {"uv": [0, 5.5, 16, 11], "texture": "#10"},
				"down": {"uv": [16, 5.5, 0, 11], "rotation": 180, "texture": "#10"}
			}
		},
		{
			"from": [16.99049, 9.23744, 6.4375],
			"to": [16.99049, 16.73744, 8.9375],
			"rotation": {"angle": 22.5, "axis": "z", "origin": [8, 13, 8.9375]},
			"faces": {
				"north": {"uv": [16, 5.5, 0, 11], "rotation": 90, "texture": "#10"},
				"east": {"uv": [16, 5.5, 0, 11], "rotation": 90, "texture": "#10"},
				"south": {"uv": [16, 5.5, 0, 11], "rotation": 90, "texture": "#10"},
				"west": {"uv": [0, 5.5, 16, 11], "rotation": 270, "texture": "#10"},
				"up": {"uv": [16, 5.5, 0, 11], "texture": "#10"},
				"down": {"uv": [16, 5.5, 0, 11], "rotation": 180, "texture": "#10"}
			}
		},
		{
			"from": [17, 9.25, 6.4375],
			"to": [17, 16.75, 8.9375],
			"rotation": {"angle": 22.5, "axis": "z", "origin": [8, 13, 8.9375]},
			"faces": {
				"north": {"uv": [16, 5.5, 0, 11], "rotation": 90, "texture": "#10"},
				"east": {"uv": [16, 5.5, 0, 11], "rotation": 90, "texture": "#10"},
				"south": {"uv": [16, 5.5, 0, 11], "rotation": 90, "texture": "#10"},
				"west": {"uv": [0, 5.5, 16, 11], "rotation": 270, "texture": "#10"},
				"up": {"uv": [16, 5.5, 0, 11], "texture": "#10"},
				"down": {"uv": [16, 5.5, 0, 11], "rotation": 180, "texture": "#10"}
			}
		},
		{
			"from": [16.99049, 9.26256, 6.4375],
			"to": [16.99049, 16.76256, 8.9375],
			"rotation": {"angle": 22.5, "axis": "z", "origin": [8, 13, 8.9375]},
			"faces": {
				"north": {"uv": [16, 5.5, 0, 11], "rotation": 90, "texture": "#10"},
				"east": {"uv": [16, 5.5, 0, 11], "rotation": 90, "texture": "#10"},
				"south": {"uv": [16, 5.5, 0, 11], "rotation": 90, "texture": "#10"},
				"west": {"uv": [0, 5.5, 16, 11], "rotation": 270, "texture": "#10"},
				"up": {"uv": [16, 5.5, 0, 11], "texture": "#10"},
				"down": {"uv": [16, 5.5, 0, 11], "rotation": 180, "texture": "#10"}
			}
		},
		{
			"from": [4.21875, 22, 6.4375],
			"to": [11.71875, 22, 8.9375],
			"rotation": {"angle": 22.5, "axis": "z", "origin": [8, 13, 8.9375]},
			"faces": {
				"north": {"uv": [16, 5.5, 0, 11], "rotation": 90, "texture": "#10"},
				"east": {"uv": [16, 5.5, 0, 11], "rotation": 90, "texture": "#10"},
				"south": {"uv": [16, 5.5, 0, 11], "rotation": 90, "texture": "#10"},
				"west": {"uv": [16, 5.5, 0, 11], "rotation": 270, "texture": "#10"},
				"up": {"uv": [16, 5.5, 0, 11], "texture": "#10"},
				"down": {"uv": [0, 5.5, 16, 11], "rotation": 180, "texture": "#10"}
			}
		},
		{
			"from": [-1.05677, 9.19628, 6.4375],
			"to": [-1.05677, 16.69628, 8.9375],
			"rotation": {"angle": 22.5, "axis": "z", "origin": [8, 13, 8.9375]},
			"faces": {
				"north": {"uv": [16, 5.5, 0, 11], "rotation": 90, "texture": "#10"},
				"east": {"uv": [0, 5.5, 16, 11], "rotation": 90, "texture": "#10"},
				"south": {"uv": [16, 5.5, 0, 11], "rotation": 90, "texture": "#10"},
				"west": {"uv": [16, 5.5, 0, 11], "rotation": 270, "texture": "#10"},
				"up": {"uv": [16, 5.5, 0, 11], "texture": "#10"},
				"down": {"uv": [16, 5.5, 0, 11], "rotation": 180, "texture": "#10"}
			}
		},
		{
			"from": [-1.09375, 9.25, 6.4375],
			"to": [-1.09375, 16.75, 8.9375],
			"rotation": {"angle": 22.5, "axis": "z", "origin": [8, 13, 8.9375]},
			"faces": {
				"north": {"uv": [0, 5.5, 16, 11], "rotation": 90, "texture": "#10"},
				"east": {"uv": [0, 5.5, 16, 11], "rotation": 90, "texture": "#10"},
				"south": {"uv": [0, 5.5, 16, 11], "rotation": 90, "texture": "#10"},
				"west": {"uv": [16, 5.5, 0, 11], "rotation": 270, "texture": "#10"},
				"up": {"uv": [0, 5.5, 16, 11], "texture": "#10"},
				"down": {"uv": [0, 5.5, 16, 11], "rotation": 180, "texture": "#10"}
			}
		},
		{
			"from": [-1.05677, 9.30373, 6.4375],
			"to": [-1.05677, 16.80373, 8.9375],
			"rotation": {"angle": 22.5, "axis": "z", "origin": [8, 13, 8.9375]},
			"faces": {
				"north": {"uv": [16, 5.5, 0, 11], "rotation": 90, "texture": "#10"},
				"east": {"uv": [0, 5.5, 16, 11], "rotation": 90, "texture": "#10"},
				"south": {"uv": [16, 5.5, 0, 11], "rotation": 90, "texture": "#10"},
				"west": {"uv": [16, 5.5, 0, 11], "rotation": 270, "texture": "#10"},
				"up": {"uv": [16, 5.5, 0, 11], "texture": "#10"},
				"down": {"uv": [16, 5.5, 0, 11], "rotation": 180, "texture": "#10"}
			}
		},
		{
			"from": [4.21875, 4, 6.4375],
			"to": [11.71875, 4, 8.9375],
			"rotation": {"angle": 22.5, "axis": "z", "origin": [8, 13, 8.9375]},
			"faces": {
				"north": {"uv": [16, 5.5, 0, 11], "rotation": 90, "texture": "#10"},
				"east": {"uv": [16, 5.5, 0, 11], "rotation": 90, "texture": "#10"},
				"south": {"uv": [16, 5.5, 0, 11], "rotation": 90, "texture": "#10"},
				"west": {"uv": [16, 5.5, 0, 11], "rotation": 270, "texture": "#10"},
				"up": {"uv": [0, 5.5, 16, 11], "texture": "#10"},
				"down": {"uv": [16, 5.5, 0, 11], "rotation": 180, "texture": "#10"}
			}
		},
		{
			"from": [4.23744, 4.00951, 6.4375],
			"to": [11.73744, 4.00951, 8.9375],
			"rotation": {"angle": 22.5, "axis": "z", "origin": [8, 13, 8.9375]},
			"faces": {
				"north": {"uv": [16, 5.5, 0, 11], "texture": "#10"},
				"east": {"uv": [16, 5.5, 0, 11], "rotation": 90, "texture": "#10"},
				"south": {"uv": [16, 5.5, 0, 11], "rotation": 180, "texture": "#10"},
				"west": {"uv": [16, 5.5, 0, 11], "rotation": 270, "texture": "#10"},
				"up": {"uv": [0, 5.5, 16, 11], "texture": "#10"},
				"down": {"uv": [16, 5.5, 0, 11], "rotation": 180, "texture": "#10"}
			}
		},
		{
			"from": [17, 9.25, 6.4375],
			"to": [17, 16.75, 8.9375],
			"rotation": {"angle": -22.5, "axis": "z", "origin": [8, 13, 8.9375]},
			"faces": {
				"north": {"uv": [16, 5.5, 0, 11], "rotation": 90, "texture": "#10"},
				"east": {"uv": [16, 5.5, 0, 11], "rotation": 90, "texture": "#10"},
				"south": {"uv": [16, 5.5, 0, 11], "rotation": 90, "texture": "#10"},
				"west": {"uv": [0, 5.5, 16, 11], "rotation": 270, "texture": "#10"},
				"up": {"uv": [16, 5.5, 0, 11], "texture": "#10"},
				"down": {"uv": [16, 5.5, 0, 11], "rotation": 180, "texture": "#10"}
			}
		},
		{
			"from": [16.99049, 9.26256, 6.4375],
			"to": [16.99049, 16.76256, 8.9375],
			"rotation": {"angle": 22.5, "axis": "z", "origin": [8, 13, 8.9375]},
			"faces": {
				"north": {"uv": [16, 5.5, 0, 11], "rotation": 90, "texture": "#10"},
				"east": {"uv": [16, 5.5, 0, 11], "rotation": 90, "texture": "#10"},
				"south": {"uv": [16, 5.5, 0, 11], "rotation": 90, "texture": "#10"},
				"west": {"uv": [0, 5.5, 16, 11], "rotation": 270, "texture": "#10"},
				"up": {"uv": [16, 5.5, 0, 11], "texture": "#10"},
				"down": {"uv": [16, 5.5, 0, 11], "rotation": 180, "texture": "#10"}
			}
		},
		{
			"from": [4.21875, 22, 6.4375],
			"to": [11.71875, 22, 8.9375],
			"rotation": {"angle": 22.5, "axis": "z", "origin": [8, 13, 8.9375]},
			"faces": {
				"north": {"uv": [16, 5.5, 0, 11], "rotation": 90, "texture": "#10"},
				"east": {"uv": [16, 5.5, 0, 11], "rotation": 90, "texture": "#10"},
				"south": {"uv": [16, 5.5, 0, 11], "rotation": 90, "texture": "#10"},
				"west": {"uv": [16, 5.5, 0, 11], "rotation": 270, "texture": "#10"},
				"up": {"uv": [16, 5.5, 0, 11], "texture": "#10"},
				"down": {"uv": [0, 5.5, 16, 11], "rotation": 180, "texture": "#10"}
			}
		},
		{
			"from": [4.19628, 22.05678, 6.4375],
			"to": [11.69628, 22.05678, 8.9375],
			"rotation": {"angle": -22.5, "axis": "z", "origin": [8, 13, 8.9375]},
			"faces": {
				"north": {"uv": [16, 5.5, 0, 11], "texture": "#10"},
				"east": {"uv": [16, 5.5, 0, 11], "rotation": 90, "texture": "#10"},
				"south": {"uv": [16, 5.5, 0, 11], "rotation": 180, "texture": "#10"},
				"west": {"uv": [16, 5.5, 0, 11], "rotation": 270, "texture": "#10"},
				"up": {"uv": [16, 5.5, 0, 11], "texture": "#10"},
				"down": {"uv": [0, 5.5, 16, 11], "rotation": 180, "texture": "#10"}
			}
		},
		{
			"from": [-1.09375, 9.25, 6.4375],
			"to": [-1.09375, 16.75, 8.9375],
			"rotation": {"angle": -22.5, "axis": "z", "origin": [8, 13, 8.9375]},
			"faces": {
				"north": {"uv": [0, 5.5, 16, 11], "rotation": 90, "texture": "#10"},
				"east": {"uv": [0, 5.5, 16, 11], "rotation": 90, "texture": "#10"},
				"south": {"uv": [0, 5.5, 16, 11], "rotation": 90, "texture": "#10"},
				"west": {"uv": [16, 5.5, 0, 11], "rotation": 270, "texture": "#10"},
				"up": {"uv": [0, 5.5, 16, 11], "texture": "#10"},
				"down": {"uv": [0, 5.5, 16, 11], "rotation": 180, "texture": "#10"}
			}
		},
		{
			"from": [-1.05677, 9.30373, 6.4375],
			"to": [-1.05677, 16.80373, 8.9375],
			"rotation": {"angle": 22.5, "axis": "z", "origin": [8, 13, 8.9375]},
			"faces": {
				"north": {"uv": [16, 5.5, 0, 11], "rotation": 90, "texture": "#10"},
				"east": {"uv": [0, 5.5, 16, 11], "rotation": 90, "texture": "#10"},
				"south": {"uv": [16, 5.5, 0, 11], "rotation": 90, "texture": "#10"},
				"west": {"uv": [16, 5.5, 0, 11], "rotation": 270, "texture": "#10"},
				"up": {"uv": [16, 5.5, 0, 11], "texture": "#10"},
				"down": {"uv": [16, 5.5, 0, 11], "rotation": 180, "texture": "#10"}
			}
		},
		{
			"from": [4.21875, 4, 6.4375],
			"to": [11.71875, 4, 8.9375],
			"rotation": {"angle": -22.5, "axis": "z", "origin": [8, 13, 8.9375]},
			"faces": {
				"north": {"uv": [16, 5.5, 0, 11], "rotation": 90, "texture": "#10"},
				"east": {"uv": [16, 5.5, 0, 11], "rotation": 90, "texture": "#10"},
				"south": {"uv": [16, 5.5, 0, 11], "rotation": 90, "texture": "#10"},
				"west": {"uv": [16, 5.5, 0, 11], "rotation": 270, "texture": "#10"},
				"up": {"uv": [0, 5.5, 16, 11], "texture": "#10"},
				"down": {"uv": [16, 5.5, 0, 11], "rotation": 180, "texture": "#10"}
			}
		}
	],
	"groups": [
		0,
		1,
		2,
		3,
		4,
		5,
		6,
		7,
		8,
		9,
		10,
		11,
		12,
		13,
		14,
		15,
		16,
		17,
		18,
		19,
		20,
		21,
		22,
		{
			"name": "group",
			"origin": [17.2, 13, 7.0125],
			"color": 0,
			"children": [
				{
					"name": "group",
					"origin": [8, 13, 8.0375],
					"color": 0,
					"children": [23, 24, 25, 26, 27, 28, 29, 30, 31, 32, 33, 34, 35, 36, 37, 38]
				},
				{
					"name": "group",
					"origin": [8, 13, 8.9375],
					"color": 0,
					"children": [39, 40, 41, 42, 43, 44, 45, 46, 47, 48, 49, 50, 51, 52, 53, 54, 55, 56, 57, 58, 59, 60, 61, 62, 63, 64, 65, 66, 67, 68, 69, 70]
				}
			]
		}
	]
}