{
	"credit": "Made with Blockbench",
	"texture_size": [8, 8],
	"textures": {
		"3": "block/glass",
		"5": "block/potion3",
		"10": "block/anvil",
		"11": "block/cauldron_side",
		"12": "block/cauldron_top",
		"13": "block/campfire_log_lit",
		"14": "block/brewing_book",
		"15": "block/brewing_book_pages",
		"17": "block/brown_wool",
		"19": "block/brewing_cauldron_chain",
		"particle": "block/dark_oak_log"
	},
	"elements": [
		{
			"from": [7.525, -0.1, 1.4],
			"to": [11.525, 0.4, 7.1],
			"rotation": {"angle": 22.5, "axis": "y", "origin": [8.525, -0.6, 6.4]},
			"faces": {
				"north": {"uv": [10, 6, 14, 6.5], "texture": "#14"},
				"east": {"uv": [8, 0, 13.5, 0.5], "texture": "#14"},
				"south": {"uv": [10, 7, 14, 7.5], "texture": "#14"},
				"west": {"uv": [8, 1, 13.5, 1.5], "texture": "#14"},
				"up": {"uv": [4, 5.5, 0, 0], "texture": "#14"},
				"down": {"uv": [8, 0, 4, 5.5], "texture": "#14"}
			}
		},
		{
			"from": [7.85, 0.4, 1.725],
			"to": [11.55, 0.8, 6.825],
			"rotation": {"angle": 22.5, "axis": "y", "origin": [8.25, -0.6, 6.425]},
			"faces": {
				"north": {"uv": [9, 6, 13, 6.5], "texture": "#15"},
				"east": {"uv": [9, 4, 14, 4.5], "texture": "#15"},
				"south": {"uv": [9, 7, 13, 7.5], "texture": "#15"},
				"west": {"uv": [9, 5, 14, 5.5], "texture": "#15"},
				"up": {"uv": [9, 5, 5, 0], "texture": "#15"},
				"down": {"uv": [9, 5, 5, 10], "texture": "#15"}
			}
		},
		{
			"from": [11, 0.5, -0.9],
			"to": [15.3, 1.2, 4.2],
			"rotation": {"angle": 22.5, "axis": "y", "origin": [14.6, -0.5, 3.8]},
			"faces": {
				"north": {"uv": [9, 2, 13.25, 2.75], "texture": "#15"},
				"east": {"uv": [9, 0, 14, 0.75], "texture": "#15"},
				"south": {"uv": [9, 3, 13.25, 3.75], "texture": "#15"},
				"west": {"uv": [9, 1, 14, 1.75], "texture": "#15"},
				"up": {"uv": [4.25, 5, 0, 0], "texture": "#15"},
				"down": {"uv": [4.25, 5, 0, 10], "texture": "#15"}
			}
		},
		{
			"from": [11.525, -0.2, 1.4],
			"to": [12.225, 0.5, 7.1],
			"rotation": {"angle": 22.5, "axis": "y", "origin": [8.525, -0.5, 6.4]},
			"faces": {
				"north": {"uv": [10, 10, 10.5, 10.5], "texture": "#14"},
				"east": {"uv": [8, 4, 13.5, 4.5], "texture": "#14"},
				"south": {"uv": [10, 11, 10.5, 11.5], "texture": "#14"},
				"west": {"uv": [8, 5, 13.5, 5.5], "texture": "#14"},
				"up": {"uv": [8.5, 11.5, 8, 6], "texture": "#14"},
				"down": {"uv": [9.5, 6, 9, 11.5], "texture": "#14"}
			}
		},
		{
			"from": [11.7, 0, -1.2],
			"to": [15.7, 0.5, 4.5],
			"rotation": {"angle": 22.5, "axis": "y", "origin": [14.7, -0.5, 3.8]},
			"faces": {
				"north": {"uv": [10, 8, 14, 8.5], "texture": "#14"},
				"east": {"uv": [8, 2, 13.5, 2.5], "texture": "#14"},
				"south": {"uv": [10, 9, 14, 9.5], "texture": "#14"},
				"west": {"uv": [8, 3, 13.5, 3.5], "texture": "#14"},
				"up": {"uv": [4, 11.5, 0, 6], "texture": "#14"},
				"down": {"uv": [8, 6, 4, 11.5], "texture": "#14"}
			}
		},
		{
			"from": [3.98, 0, 12.46],
			"to": [12.18, 2.15, 14.56],
			"rotation": {"angle": 45, "axis": "y", "origin": [5.58, 0, 12.96]},
			"faces": {
				"north": {"uv": [5, 2, 12, 4], "texture": "#13"},
				"east": {"uv": [4, 4, 6, 6], "texture": "#13"},
				"south": {"uv": [2, 2, 9, 4], "texture": "#13"},
				"west": {"uv": [4, 6, 6, 8], "texture": "#13"},
				"up": {"uv": [0, 4, 2, 11], "rotation": 270, "texture": "#13"},
				"down": {"uv": [2, 11, 4, 4], "rotation": 90, "texture": "#13"}
			}
		},
		{
			"from": [3.38, 0, 11.76],
			"to": [11.58, 2.1, 13.86],
			"rotation": {"angle": -22.5, "axis": "y", "origin": [9.98, 0, 13.36]},
			"faces": {
				"north": {"uv": [7, 2, 14, 4], "texture": "#13"},
				"east": {"uv": [4, 6, 6, 8], "texture": "#13"},
				"south": {"uv": [0, 2, 7, 4], "texture": "#13"},
				"west": {"uv": [4, 4, 6, 6], "texture": "#13"},
				"up": {"uv": [2, 11, 0, 4], "rotation": 270, "texture": "#13"},
				"down": {"uv": [4, 4, 2, 11], "rotation": 90, "texture": "#13"}
			}
		},
		{
			"from": [7.68, 0, 7.66],
			"to": [9.78, 2.075, 15.86],
			"rotation": {"angle": 22.5, "axis": "y", "origin": [8.18, 0, 14.26]},
			"faces": {
				"north": {"uv": [4, 4, 6, 6], "texture": "#13"},
				"east": {"uv": [7, 2, 14, 4], "texture": "#13"},
				"south": {"uv": [4, 6, 6, 8], "texture": "#13"},
				"west": {"uv": [0, 2, 7, 4], "texture": "#13"},
				"up": {"uv": [2, 11, 0, 4], "texture": "#13"},
				"down": {"uv": [4, 4, 2, 11], "texture": "#13"}
			}
		},
		{
			"from": [1.9, 0, 10.4],
			"to": [3.1, 9, 11.6],
			"rotation": {"angle": 0, "axis": "y", "origin": [1.5, 0, 10]},
			"faces": {
				"north": {"uv": [0, 0, 2, 16], "texture": "#particle"},
				"east": {"uv": [0, 0, 2, 16], "texture": "#particle"},
				"south": {"uv": [0, 0, 2, 16], "texture": "#particle"},
				"west": {"uv": [0, 0, 2, 16], "texture": "#particle"},
				"up": {"uv": [0, 0, 2, 2], "texture": "#particle"},
				"down": {"uv": [0, 0, 2, 2], "texture": "#particle"}
			}
		},
		{
			"from": [1.9, 9, 10.4],
			"to": [3.1, 18, 11.6],
			"rotation": {"angle": 0, "axis": "y", "origin": [1.5, 9, 10]},
			"faces": {
				"north": {"uv": [0, 0, 2, 16], "texture": "#particle"},
				"east": {"uv": [0, 0, 2, 16], "texture": "#particle"},
				"south": {"uv": [0, 0, 2, 16], "texture": "#particle"},
				"west": {"uv": [0, 0, 2, 16], "texture": "#particle"},
				"up": {"uv": [0, 0, 2, 2], "texture": "#particle"},
				"down": {"uv": [0, 0, 2, 2], "texture": "#particle"}
			}
		},
		{
			"from": [12.9, 0, 10.4],
			"to": [14.1, 9, 11.6],
			"rotation": {"angle": 0, "axis": "y", "origin": [12.5, 0, 10]},
			"faces": {
				"north": {"uv": [0, 0, 2, 16], "texture": "#particle"},
				"east": {"uv": [0, 0, 2, 16], "texture": "#particle"},
				"south": {"uv": [0, 0, 2, 16], "texture": "#particle"},
				"west": {"uv": [0, 0, 2, 16], "texture": "#particle"},
				"up": {"uv": [0, 0, 2, 2], "texture": "#particle"},
				"down": {"uv": [0, 0, 2, 2], "texture": "#particle"}
			}
		},
		{
			"from": [12.9, 9, 10.4],
			"to": [14.1, 18, 11.6],
			"rotation": {"angle": 0, "axis": "y", "origin": [12.5, 9, 10]},
			"faces": {
				"north": {"uv": [0, 0, 2, 16], "texture": "#particle"},
				"east": {"uv": [0, 0, 2, 16], "texture": "#particle"},
				"south": {"uv": [0, 0, 2, 16], "texture": "#particle"},
				"west": {"uv": [0, 0, 2, 16], "texture": "#particle"},
				"up": {"uv": [0, 0, 2, 2], "texture": "#particle"},
				"down": {"uv": [0, 0, 2, 2], "texture": "#particle"}
			}
		},
		{
			"from": [3.1, 15.4, 10.4],
			"to": [12.9, 16.6, 11.6],
			"rotation": {"angle": 0, "axis": "z", "origin": [12.9, 15, 10]},
			"faces": {
				"north": {"uv": [0, 0, 2, 16], "rotation": 90, "texture": "#particle"},
				"east": {"uv": [0, 0, 2, 2], "rotation": 270, "texture": "#particle"},
				"south": {"uv": [0, 0, 2, 16], "rotation": 270, "texture": "#particle"},
				"west": {"uv": [0, 0, 2, 2], "rotation": 270, "texture": "#particle"},
				"up": {"uv": [0, 0, 2, 16], "rotation": 270, "texture": "#particle"},
				"down": {"uv": [0, 0, 2, 16], "rotation": 270, "texture": "#particle"}
			}
		},
		{
			"from": [17.1, 15.6, 10.8],
			"to": [17.7, 21.4, 11.2],
			"rotation": {"angle": 45, "axis": "z", "origin": [20.5, 6.6, 9.4]},
			"faces": {
				"north": {"uv": [1.2, 0.1, 1.8, 5.9], "texture": "#10"},
				"east": {"uv": [0.4, 0, 0.8, 5.8], "texture": "#10"},
				"south": {"uv": [1.2, 0.1, 1.8, 5.9], "texture": "#10"},
				"west": {"uv": [0.4, 0, 0.8, 5.8], "texture": "#10"},
				"up": {"uv": [0.6, 0, 1.2, 0.4], "texture": "#10"},
				"down": {"uv": [0.6, 0, 1.2, 0.4], "texture": "#10"}
			}
		},
		{
			"from": [17.1, 12.4, 11.4],
			"to": [17.8, 13.2, 11.8],
			"rotation": {"angle": 22.5, "axis": "z", "origin": [20.5, -1.8, 10]},
			"faces": {
				"north": {"uv": [0.6, 0, 1.3, 0.8], "texture": "#10"},
				"east": {"uv": [0.4, 0, 0.8, 0.8], "texture": "#10"},
				"south": {"uv": [0.6, 0, 1.3, 0.8], "texture": "#10"},
				"west": {"uv": [0.4, 0, 0.8, 0.8], "texture": "#10"},
				"up": {"uv": [0.6, 0, 1.3, 0.4], "texture": "#10"},
				"down": {"uv": [0.6, 0, 1.3, 0.4], "texture": "#10"}
			}
		},
		{
			"from": [-1.6, 15.6, 10.8],
			"to": [-1, 21.4, 11.2],
			"rotation": {"angle": -45, "axis": "z", "origin": [-4.4, 6.6, 9.4]},
			"faces": {
				"north": {"uv": [1.2, 0, 1.8, 5.8], "texture": "#10"},
				"east": {"uv": [0.8, 0, 1.2, 5.8], "texture": "#10"},
				"south": {"uv": [1.2, 0, 1.8, 5.8], "texture": "#10"},
				"west": {"uv": [0.8, 0, 1.2, 5.8], "texture": "#10"},
				"up": {"uv": [1.2, 0, 1.8, 0.4], "texture": "#10"},
				"down": {"uv": [1.2, 0, 1.8, 0.4], "texture": "#10"}
			}
		},
		{
			"from": [-1.7, 12.4, 11.4],
			"to": [-1, 13.2, 11.8],
			"rotation": {"angle": -22.5, "axis": "z", "origin": [-4.4, -1.8, 10]},
			"faces": {
				"north": {"uv": [1.3, 0, 2, 0.8], "texture": "#10"},
				"east": {"uv": [0.8, 0, 1.2, 0.8], "texture": "#10"},
				"south": {"uv": [1.3, 0, 2, 0.8], "texture": "#10"},
				"west": {"uv": [0.8, 0, 1.2, 0.8], "texture": "#10"},
				"up": {"uv": [1.3, 0, 2, 0.4], "texture": "#10"},
				"down": {"uv": [1.3, 0, 2, 0.4], "texture": "#10"}
			}
		},
		{
			"from": [5.1, 10, 14],
			"to": [11.1, 11, 15],
			"rotation": {"angle": 0, "axis": "y", "origin": [8.5, 2, 11.4]},
			"faces": {
				"north": {"uv": [1, 1, 7, 2], "texture": "#12"},
				"east": {"uv": [2, 1, 3, 2], "texture": "#12"},
				"south": {"uv": [1, 1, 7, 2], "texture": "#12"},
				"west": {"uv": [2, 1, 3, 2], "texture": "#12"},
				"up": {"uv": [1, 1, 2, 7], "rotation": 90, "texture": "#12"},
				"down": {"uv": [1, 1, 2, 7], "rotation": 270, "texture": "#12"}
			}
		},
		{
			"from": [4.1, 10, 8],
			"to": [5.1, 11, 14],
			"rotation": {"angle": 0, "axis": "y", "origin": [7.7, 2, 11.4]},
			"faces": {
				"north": {"uv": [2, 1, 3, 2], "texture": "#12"},
				"east": {"uv": [1, 1, 7, 2], "texture": "#12"},
				"south": {"uv": [2, 1, 3, 2], "texture": "#12"},
				"west": {"uv": [1, 1, 7, 2], "texture": "#12"},
				"up": {"uv": [1, 1, 2, 7], "rotation": 180, "texture": "#12"},
				"down": {"uv": [1, 1, 2, 7], "rotation": 180, "texture": "#12"}
			}
		},
		{
			"from": [11.1, 10, 8],
			"to": [12.1, 11, 14],
			"rotation": {"angle": 0, "axis": "y", "origin": [14.7, 2, 11.4]},
			"faces": {
				"north": {"uv": [2, 1, 3, 2], "texture": "#12"},
				"east": {"uv": [1, 1, 7, 2], "texture": "#12"},
				"south": {"uv": [2, 1, 3, 2], "texture": "#12"},
				"west": {"uv": [1, 1, 7, 2], "texture": "#12"},
				"up": {"uv": [1, 1, 2, 7], "rotation": 180, "texture": "#12"},
				"down": {"uv": [1, 1, 2, 7], "rotation": 180, "texture": "#12"}
			}
		},
		{
			"from": [5.1, 10, 7],
			"to": [11.1, 11, 8],
			"rotation": {"angle": 0, "axis": "y", "origin": [8.5, 2, 4.4]},
			"faces": {
				"north": {"uv": [1, 1, 7, 2], "texture": "#12"},
				"east": {"uv": [2, 1, 3, 2], "texture": "#12"},
				"south": {"uv": [1, 1, 7, 2], "texture": "#12"},
				"west": {"uv": [2, 1, 3, 2], "texture": "#12"},
				"up": {"uv": [1, 1, 2, 7], "rotation": 90, "texture": "#12"},
				"down": {"uv": [1, 1, 2, 7], "rotation": 270, "texture": "#12"}
			}
		},
		{
			"from": [5.1, 9, 9],
			"to": [6.1, 10, 13],
			"rotation": {"angle": 0, "axis": "y", "origin": [2.5, 1, 9.4]},
			"faces": {
				"north": {"uv": [0, 0, 1, 1], "texture": "#12"},
				"east": {"uv": [1, 1, 5, 2], "texture": "#12"},
				"south": {"uv": [0, 0, 1, 1], "texture": "#12"},
				"west": {"uv": [1, 0, 5, 1], "texture": "#12"},
				"up": {"uv": [1, 1, 2, 5], "texture": "#12"},
				"down": {"uv": [0, 1, 1, 5], "texture": "#12"}
			}
		},
		{
			"from": [10.1, 9, 9],
			"to": [11.1, 10, 13],
			"rotation": {"angle": 0, "axis": "y", "origin": [7.5, 1, 9.4]},
			"faces": {
				"north": {"uv": [0, 0, 1, 1], "rotation": 270, "texture": "#12"},
				"east": {"uv": [1, 0, 5, 1], "texture": "#12"},
				"south": {"uv": [0, 0, 1, 1], "texture": "#12"},
				"west": {"uv": [1, 1, 5, 2], "texture": "#12"},
				"up": {"uv": [1, 1, 2, 5], "texture": "#12"},
				"down": {"uv": [0, 1, 1, 5], "texture": "#12"}
			}
		},
		{
			"from": [5.1, 4, 8],
			"to": [11.1, 5, 14],
			"rotation": {"angle": 0, "axis": "y", "origin": [8.5, -1, 11.4]},
			"faces": {
				"north": {"uv": [0, 0, 6, 1], "texture": "#11"},
				"east": {"uv": [0, 0, 6, 1], "texture": "#11"},
				"south": {"uv": [0, 0, 6, 1], "texture": "#11"},
				"west": {"uv": [0, 0, 6, 1], "texture": "#11"},
				"up": {"uv": [6, 5, 12, 11], "rotation": 90, "texture": "#11"},
				"down": {"uv": [6, 5, 12, 11], "rotation": 270, "texture": "#11"}
			}
		},
		{
			"from": [5.1, 9, 8],
			"to": [11.1, 10, 9],
			"rotation": {"angle": 0, "axis": "y", "origin": [8.5, 1, 5.4]},
			"faces": {
				"north": {"uv": [1, 0, 7, 1], "texture": "#12"},
				"east": {"uv": [0, 0, 1, 1], "texture": "#12"},
				"south": {"uv": [1, 1, 7, 2], "texture": "#12"},
				"west": {"uv": [0, 0, 1, 1], "texture": "#12"},
				"up": {"uv": [1, 1, 2, 7], "rotation": 90, "texture": "#12"},
				"down": {"uv": [0, 1, 1, 7], "rotation": 270, "texture": "#12"}
			}
		},
		{
			"from": [5.1, 9, 13],
			"to": [11.1, 10, 14],
			"rotation": {"angle": 0, "axis": "y", "origin": [8.5, 1, 10.4]},
			"faces": {
				"north": {"uv": [1, 1, 7, 2], "texture": "#12"},
				"east": {"uv": [0, 0, 1, 1], "texture": "#12"},
				"south": {"uv": [1, 0, 7, 1], "texture": "#12"},
				"west": {"uv": [0, 0, 1, 1], "texture": "#12"},
				"up": {"uv": [1, 1, 2, 7], "rotation": 90, "texture": "#12"},
				"down": {"uv": [0, 1, 1, 7], "rotation": 270, "texture": "#12"}
			}
		},
		{
			"from": [5.1, 5, 7],
			"to": [11.1, 9, 8],
			"rotation": {"angle": 0, "axis": "y", "origin": [8.5, 0, 4.4]},
			"faces": {
				"north": {"uv": [5, 1, 11, 5], "texture": "#11"},
				"east": {"uv": [5, 1, 6, 5], "texture": "#11"},
				"south": {"uv": [5, 1, 11, 5], "texture": "#11"},
				"west": {"uv": [10, 1, 11, 5], "texture": "#11"},
				"up": {"uv": [11, 1, 5, 2], "rotation": 90, "texture": "#11"},
				"down": {"uv": [11, 4, 5, 5], "rotation": 270, "texture": "#11"}
			}
		},
		{
			"from": [5.1, 5, 14],
			"to": [11.1, 9, 15],
			"rotation": {"angle": 0, "axis": "y", "origin": [8.5, 0, 11.4]},
			"faces": {
				"north": {"uv": [5, 1, 11, 5], "texture": "#11"},
				"east": {"uv": [5, 1, 6, 5], "texture": "#11"},
				"south": {"uv": [5, 1, 11, 5], "texture": "#11"},
				"west": {"uv": [10, 1, 11, 5], "texture": "#11"},
				"up": {"uv": [11, 1, 5, 2], "rotation": 90, "texture": "#11"},
				"down": {"uv": [11, 4, 5, 5], "rotation": 270, "texture": "#11"}
			}
		},
		{
			"from": [4.1, 5, 8],
			"to": [5.1, 9, 14],
			"rotation": {"angle": 0, "axis": "y", "origin": [7.7, 0, 11.4]},
			"faces": {
				"north": {"uv": [10, 1, 11, 5], "texture": "#11"},
				"east": {"uv": [5, 1, 11, 5], "texture": "#11"},
				"south": {"uv": [5, 1, 6, 5], "texture": "#11"},
				"west": {"uv": [5, 1, 11, 5], "texture": "#11"},
				"up": {"uv": [11, 1, 5, 2], "rotation": 180, "texture": "#11"},
				"down": {"uv": [11, 4, 5, 5], "rotation": 180, "texture": "#11"}
			}
		},
		{
			"from": [11.1, 5, 8],
			"to": [12.1, 9, 14],
			"rotation": {"angle": 0, "axis": "y", "origin": [14.7, 0, 11.4]},
			"faces": {
				"north": {"uv": [10, 1, 11, 5], "texture": "#11"},
				"east": {"uv": [5, 1, 11, 5], "texture": "#11"},
				"south": {"uv": [5, 1, 6, 5], "texture": "#11"},
				"west": {"uv": [5, 1, 11, 5], "texture": "#11"},
				"up": {"uv": [11, 1, 5, 2], "rotation": 180, "texture": "#11"},
				"down": {"uv": [11, 4, 5, 5], "rotation": 180, "texture": "#11"}
			}
		},
		{
			"from": [7.1, 14, 11],
			"to": [8.9, 16, 11],
			"rotation": {"angle": 0, "axis": "y", "origin": [12.5, 0, 10]},
			"faces": {
				"north": {"uv": [0, 0, 4, 4], "texture": "#19"},
				"east": {"uv": [0, 0, 0, 4], "texture": "#19"},
				"south": {"uv": [0, 4, 4, 8], "texture": "#19"},
				"west": {"uv": [0, 0, 0, 4], "texture": "#19"},
				"up": {"uv": [4, 0, 0, 0], "texture": "#19"},
				"down": {"uv": [4, 0, 0, 0], "texture": "#19"}
			}
		},
		{
			"name": "glass_13",
			"from": [1.6, 3, 2.4],
			"to": [4.4, 3.2, 2.4],
			"rotation": {"angle": 0, "axis": "y", "origin": [-0.4, 6, 8.4]},
			"faces": {
				"north": {"uv": [1, 15, 15, 16], "rotation": 180, "texture": "#3"},
				"east": {"uv": [14, 15, 15, 16], "rotation": 180, "texture": "#3"},
				"south": {"uv": [1, 16, 15, 15], "texture": "#3"},
				"west": {"uv": [1, 15, 2, 16], "rotation": 180, "texture": "#3"},
				"up": {"uv": [1, 15, 15, 16], "texture": "#3"},
				"down": {"uv": [15, 15, 1, 16], "rotation": 180, "texture": "#3"}
			}
		},
		{
			"name": "glass_7",
			"from": [4.4, 0.2, 2.4],
			"to": [4.6, 3.2, 2.4],
			"rotation": {"angle": 0, "axis": "y", "origin": [-0.4, 6, 8.4]},
			"faces": {
				"north": {"uv": [15, 1, 16, 16], "rotation": 180, "texture": "#3"},
				"east": {"uv": [15, 1, 16, 16], "rotation": 180, "texture": "#3"},
				"south": {"uv": [15, 16, 16, 1], "texture": "#3"},
				"west": {"uv": [15, 1, 16, 16], "rotation": 180, "texture": "#3"},
				"up": {"uv": [15, 15, 16, 16], "texture": "#3"},
				"down": {"uv": [16, 1, 15, 2], "rotation": 180, "texture": "#3"}
			}
		},
		{
			"name": "glass_6",
			"from": [1.4, 0.2, 2.4],
			"to": [1.6, 3.2, 2.4],
			"rotation": {"angle": 0, "axis": "y", "origin": [-0.4, 6, 8.4]},
			"faces": {
				"north": {"uv": [0, 1, 1, 16], "rotation": 180, "texture": "#3"},
				"east": {"uv": [0, 1, 1, 16], "rotation": 180, "texture": "#3"},
				"south": {"uv": [0, 16, 1, 1], "texture": "#3"},
				"west": {"uv": [0, 1, 1, 16], "rotation": 180, "texture": "#3"},
				"up": {"uv": [0, 15, 1, 16], "texture": "#3"},
				"down": {"uv": [1, 1, 0, 2], "rotation": 180, "texture": "#3"}
			}
		},
		{
			"name": "glass_5",
			"from": [1.4, 0, 2.4],
			"to": [4.6, 0.2, 2.4],
			"rotation": {"angle": 0, "axis": "y", "origin": [-0.4, 6, 8.4]},
			"faces": {
				"north": {"uv": [0, 0, 16, 1], "rotation": 180, "texture": "#3"},
				"east": {"uv": [15, 0, 16, 1], "rotation": 180, "texture": "#3"},
				"south": {"uv": [0, 1, 16, 0], "texture": "#3"},
				"west": {"uv": [0, 0, 1, 1], "rotation": 180, "texture": "#3"},
				"up": {"uv": [0, 0, 16, 1], "texture": "#3"},
				"down": {"uv": [16, 0, 0, 1], "rotation": 180, "texture": "#3"}
			}
		},
		{
			"name": "glass_8",
			"from": [2.2, 0.4, 2.4],
			"to": [2.4, 0.6, 2.4],
			"rotation": {"angle": 0, "axis": "y", "origin": [-0.4, 6, 8.4]},
			"faces": {
				"north": {"uv": [4, 2, 5, 3], "rotation": 180, "texture": "#3"},
				"east": {"uv": [4, 2, 5, 3], "rotation": 180, "texture": "#3"},
				"south": {"uv": [4, 3, 5, 2], "texture": "#3"},
				"west": {"uv": [4, 2, 5, 3], "rotation": 180, "texture": "#3"},
				"up": {"uv": [4, 2, 5, 3], "texture": "#3"},
				"down": {"uv": [5, 2, 4, 3], "rotation": 180, "texture": "#3"}
			}
		},
		{
			"name": "glass_9",
			"from": [2, 0.6, 2.4],
			"to": [2.2, 0.8, 2.4],
			"rotation": {"angle": 0, "axis": "y", "origin": [-0.4, 6, 8.4]},
			"faces": {
				"north": {"uv": [3, 3, 4, 4], "rotation": 180, "texture": "#3"},
				"east": {"uv": [3, 3, 4, 4], "rotation": 180, "texture": "#3"},
				"south": {"uv": [3, 4, 4, 3], "texture": "#3"},
				"west": {"uv": [3, 3, 4, 4], "rotation": 180, "texture": "#3"},
				"up": {"uv": [3, 3, 4, 4], "texture": "#3"},
				"down": {"uv": [4, 3, 3, 4], "rotation": 180, "texture": "#3"}
			}
		},
		{
			"name": "glass_10",
			"from": [1.8, 0.8, 2.4],
			"to": [2, 1, 2.4],
			"rotation": {"angle": 0, "axis": "y", "origin": [-0.4, 6, 8.4]},
			"faces": {
				"north": {"uv": [2, 4, 3, 5], "rotation": 180, "texture": "#3"},
				"east": {"uv": [2, 4, 3, 5], "rotation": 180, "texture": "#3"},
				"south": {"uv": [2, 5, 3, 4], "texture": "#3"},
				"west": {"uv": [2, 4, 3, 5], "rotation": 180, "texture": "#3"},
				"up": {"uv": [2, 4, 3, 5], "texture": "#3"},
				"down": {"uv": [3, 4, 2, 5], "rotation": 180, "texture": "#3"}
			}
		},
		{
			"name": "glass_12",
			"from": [3.8, 2.6, 2.4],
			"to": [4, 2.8, 2.4],
			"rotation": {"angle": 0, "axis": "y", "origin": [-0.4, 6, 8.4]},
			"faces": {
				"north": {"uv": [12, 13, 13, 14], "rotation": 180, "texture": "#3"},
				"east": {"uv": [12, 13, 13, 14], "rotation": 180, "texture": "#3"},
				"south": {"uv": [12, 14, 13, 13], "texture": "#3"},
				"west": {"uv": [12, 13, 13, 14], "rotation": 180, "texture": "#3"},
				"up": {"uv": [12, 13, 13, 14], "texture": "#3"},
				"down": {"uv": [13, 13, 12, 14], "rotation": 180, "texture": "#3"}
			}
		},
		{
			"name": "glass_11",
			"from": [4, 2.4, 2.4],
			"to": [4.2, 2.6, 2.4],
			"rotation": {"angle": 0, "axis": "y", "origin": [-0.4, 6, 8.4]},
			"faces": {
				"north": {"uv": [13, 12, 14, 13], "rotation": 180, "texture": "#3"},
				"east": {"uv": [13, 12, 14, 13], "rotation": 180, "texture": "#3"},
				"south": {"uv": [13, 13, 14, 12], "texture": "#3"},
				"west": {"uv": [13, 12, 14, 13], "rotation": 180, "texture": "#3"},
				"up": {"uv": [13, 12, 14, 13], "texture": "#3"},
				"down": {"uv": [14, 12, 13, 13], "rotation": 180, "texture": "#3"}
			}
		},
		{
			"name": "glass_12",
			"from": [4, 2.4, 2.4],
			"to": [4.2, 2.6, 2.4],
			"rotation": {"angle": 0, "axis": "y", "origin": [-0.4, 6, 8.4]},
			"faces": {
				"north": {"uv": [13, 12, 14, 13], "rotation": 180, "texture": "#3"},
				"east": {"uv": [13, 12, 14, 13], "rotation": 180, "texture": "#3"},
				"south": {"uv": [13, 13, 14, 12], "texture": "#3"},
				"west": {"uv": [13, 12, 14, 13], "rotation": 180, "texture": "#3"},
				"up": {"uv": [13, 12, 14, 13], "texture": "#3"},
				"down": {"uv": [14, 12, 13, 13], "rotation": 180, "texture": "#3"}
			}
		},
		{
			"name": "glass_13",
			"from": [3.8, 2.6, 2.4],
			"to": [4, 2.8, 2.4],
			"rotation": {"angle": 0, "axis": "y", "origin": [-0.4, 6, 8.4]},
			"faces": {
				"north": {"uv": [12, 13, 13, 14], "rotation": 180, "texture": "#3"},
				"east": {"uv": [12, 13, 13, 14], "rotation": 180, "texture": "#3"},
				"south": {"uv": [12, 14, 13, 13], "texture": "#3"},
				"west": {"uv": [12, 13, 13, 14], "rotation": 180, "texture": "#3"},
				"up": {"uv": [12, 13, 13, 14], "texture": "#3"},
				"down": {"uv": [13, 13, 12, 14], "rotation": 180, "texture": "#3"}
			}
		},
		{
			"name": "glass_11",
			"from": [1.8, 0.8, 2.4],
			"to": [2, 1, 2.4],
			"rotation": {"angle": 0, "axis": "y", "origin": [-0.4, 6, 8.4]},
			"faces": {
				"north": {"uv": [2, 4, 3, 5], "rotation": 180, "texture": "#3"},
				"east": {"uv": [2, 4, 3, 5], "rotation": 180, "texture": "#3"},
				"south": {"uv": [2, 5, 3, 4], "texture": "#3"},
				"west": {"uv": [2, 4, 3, 5], "rotation": 180, "texture": "#3"},
				"up": {"uv": [2, 4, 3, 5], "texture": "#3"},
				"down": {"uv": [3, 4, 2, 5], "rotation": 180, "texture": "#3"}
			}
		},
		{
			"name": "glass_10",
			"from": [2, 0.6, 2.4],
			"to": [2.2, 0.8, 2.4],
			"rotation": {"angle": 0, "axis": "y", "origin": [-0.4, 6, 8.4]},
			"faces": {
				"north": {"uv": [3, 3, 4, 4], "rotation": 180, "texture": "#3"},
				"east": {"uv": [3, 3, 4, 4], "rotation": 180, "texture": "#3"},
				"south": {"uv": [3, 4, 4, 3], "texture": "#3"},
				"west": {"uv": [3, 3, 4, 4], "rotation": 180, "texture": "#3"},
				"up": {"uv": [3, 3, 4, 4], "texture": "#3"},
				"down": {"uv": [4, 3, 3, 4], "rotation": 180, "texture": "#3"}
			}
		},
		{
			"name": "glass_9",
			"from": [2.2, 0.4, 2.4],
			"to": [2.4, 0.6, 2.4],
			"rotation": {"angle": 0, "axis": "y", "origin": [-0.4, 6, 8.4]},
			"faces": {
				"north": {"uv": [4, 2, 5, 3], "rotation": 180, "texture": "#3"},
				"east": {"uv": [4, 2, 5, 3], "rotation": 180, "texture": "#3"},
				"south": {"uv": [4, 3, 5, 2], "texture": "#3"},
				"west": {"uv": [4, 2, 5, 3], "rotation": 180, "texture": "#3"},
				"up": {"uv": [4, 2, 5, 3], "texture": "#3"},
				"down": {"uv": [5, 2, 4, 3], "rotation": 180, "texture": "#3"}
			}
		},
		{
			"name": "glass_6",
			"from": [1.4, 0, 2.4],
			"to": [4.6, 0.2, 2.4],
			"rotation": {"angle": 0, "axis": "y", "origin": [-0.4, 6, 8.4]},
			"faces": {
				"north": {"uv": [0, 0, 16, 1], "rotation": 180, "texture": "#3"},
				"east": {"uv": [15, 0, 16, 1], "rotation": 180, "texture": "#3"},
				"south": {"uv": [0, 1, 16, 0], "texture": "#3"},
				"west": {"uv": [0, 0, 1, 1], "rotation": 180, "texture": "#3"},
				"up": {"uv": [0, 0, 16, 1], "texture": "#3"},
				"down": {"uv": [16, 0, 0, 1], "rotation": 180, "texture": "#3"}
			}
		},
		{
			"name": "glass_7",
			"from": [1.4, 0.2, 2.4],
			"to": [1.6, 3.2, 2.4],
			"rotation": {"angle": 0, "axis": "y", "origin": [-0.4, 6, 8.4]},
			"faces": {
				"north": {"uv": [0, 1, 1, 16], "rotation": 180, "texture": "#3"},
				"east": {"uv": [0, 1, 1, 16], "rotation": 180, "texture": "#3"},
				"south": {"uv": [0, 16, 1, 1], "texture": "#3"},
				"west": {"uv": [0, 1, 1, 16], "rotation": 180, "texture": "#3"},
				"up": {"uv": [0, 15, 1, 16], "texture": "#3"},
				"down": {"uv": [1, 1, 0, 2], "rotation": 180, "texture": "#3"}
			}
		},
		{
			"name": "glass_8",
			"from": [4.4, 0.2, 2.4],
			"to": [4.6, 3.2, 2.4],
			"rotation": {"angle": 0, "axis": "y", "origin": [-0.4, 6, 8.4]},
			"faces": {
				"north": {"uv": [15, 1, 16, 16], "rotation": 180, "texture": "#3"},
				"east": {"uv": [15, 1, 16, 16], "rotation": 180, "texture": "#3"},
				"south": {"uv": [15, 16, 16, 1], "texture": "#3"},
				"west": {"uv": [15, 1, 16, 16], "rotation": 180, "texture": "#3"},
				"up": {"uv": [15, 15, 16, 16], "texture": "#3"},
				"down": {"uv": [16, 1, 15, 2], "rotation": 180, "texture": "#3"}
			}
		},
		{
			"name": "glass_14",
			"from": [1.6, 3, 2.4],
			"to": [4.4, 3.2, 2.4],
			"rotation": {"angle": 0, "axis": "y", "origin": [-0.4, 6, 8.4]},
			"faces": {
				"north": {"uv": [1, 15, 15, 16], "rotation": 180, "texture": "#3"},
				"east": {"uv": [14, 15, 15, 16], "rotation": 180, "texture": "#3"},
				"south": {"uv": [1, 16, 15, 15], "texture": "#3"},
				"west": {"uv": [1, 15, 2, 16], "rotation": 180, "texture": "#3"},
				"up": {"uv": [1, 15, 15, 16], "texture": "#3"},
				"down": {"uv": [15, 15, 1, 16], "rotation": 180, "texture": "#3"}
			}
		},
		{
			"name": "glass_7",
			"from": [2.064, 3.304, 3.124],
			"to": [2.264, 4.984, 3.124],
			"rotation": {"angle": 0, "axis": "y", "origin": [1.056, 6.552, 6.484]},
			"faces": {
				"north": {"uv": [0, 1, 1, 16], "rotation": 180, "texture": "#3"},
				"east": {"uv": [0, 1, 1, 16], "rotation": 180, "texture": "#3"},
				"south": {"uv": [0, 16, 1, 1], "texture": "#3"},
				"west": {"uv": [0, 1, 1, 16], "rotation": 180, "texture": "#3"},
				"up": {"uv": [0, 15, 1, 16], "texture": "#3"},
				"down": {"uv": [1, 1, 0, 2], "rotation": 180, "texture": "#3"}
			}
		},
		{
			"name": "glass_8",
			"from": [3.656, 3.304, 3.124],
			"to": [3.856, 4.984, 3.124],
			"rotation": {"angle": 0, "axis": "y", "origin": [1.056, 6.552, 6.484]},
			"faces": {
				"north": {"uv": [15, 1, 16, 16], "rotation": 180, "texture": "#3"},
				"east": {"uv": [15, 1, 16, 16], "rotation": 180, "texture": "#3"},
				"south": {"uv": [15, 16, 16, 1], "texture": "#3"},
				"west": {"uv": [15, 1, 16, 16], "rotation": 180, "texture": "#3"},
				"up": {"uv": [15, 15, 16, 16], "texture": "#3"},
				"down": {"uv": [16, 1, 15, 2], "rotation": 180, "texture": "#3"}
			}
		},
		{
			"name": "glass_14",
			"from": [2.176, 4.784, 3.124],
			"to": [3.669, 4.984, 3.124],
			"rotation": {"angle": 0, "axis": "y", "origin": [1.056, 6.552, 6.484]},
			"faces": {
				"north": {"uv": [1, 15, 15, 16], "rotation": 180, "texture": "#3"},
				"east": {"uv": [14, 15, 15, 16], "rotation": 180, "texture": "#3"},
				"south": {"uv": [1, 16, 15, 15], "texture": "#3"},
				"west": {"uv": [1, 15, 2, 16], "rotation": 180, "texture": "#3"},
				"up": {"uv": [1, 15, 15, 16], "texture": "#3"},
				"down": {"uv": [15, 15, 1, 16], "rotation": 180, "texture": "#3"}
			}
		},
		{
			"name": "glass_14",
			"from": [1.6, 3, 5.6],
			"to": [4.4, 3.2, 5.6],
			"rotation": {"angle": 0, "axis": "y", "origin": [-0.4, 6, 11.6]},
			"faces": {
				"north": {"uv": [1, 15, 15, 16], "rotation": 180, "texture": "#3"},
				"east": {"uv": [14, 15, 15, 16], "rotation": 180, "texture": "#3"},
				"south": {"uv": [1, 16, 15, 15], "texture": "#3"},
				"west": {"uv": [1, 15, 2, 16], "rotation": 180, "texture": "#3"},
				"up": {"uv": [1, 15, 15, 16], "texture": "#3"},
				"down": {"uv": [15, 15, 1, 16], "rotation": 180, "texture": "#3"}
			}
		},
		{
			"name": "glass_8",
			"from": [4.4, 0.2, 5.6],
			"to": [4.6, 3.2, 5.6],
			"rotation": {"angle": 0, "axis": "y", "origin": [-0.4, 6, 11.6]},
			"faces": {
				"north": {"uv": [15, 1, 16, 16], "rotation": 180, "texture": "#3"},
				"east": {"uv": [15, 1, 16, 16], "rotation": 180, "texture": "#3"},
				"south": {"uv": [15, 16, 16, 1], "texture": "#3"},
				"west": {"uv": [15, 1, 16, 16], "rotation": 180, "texture": "#3"},
				"up": {"uv": [15, 15, 16, 16], "texture": "#3"},
				"down": {"uv": [16, 1, 15, 2], "rotation": 180, "texture": "#3"}
			}
		},
		{
			"name": "glass_7",
			"from": [1.4, 0.2, 5.6],
			"to": [1.6, 3.2, 5.6],
			"rotation": {"angle": 0, "axis": "y", "origin": [-0.4, 6, 11.6]},
			"faces": {
				"north": {"uv": [0, 1, 1, 16], "rotation": 180, "texture": "#3"},
				"east": {"uv": [0, 1, 1, 16], "rotation": 180, "texture": "#3"},
				"south": {"uv": [0, 16, 1, 1], "texture": "#3"},
				"west": {"uv": [0, 1, 1, 16], "rotation": 180, "texture": "#3"},
				"up": {"uv": [0, 15, 1, 16], "texture": "#3"},
				"down": {"uv": [1, 1, 0, 2], "rotation": 180, "texture": "#3"}
			}
		},
		{
			"name": "glass_6",
			"from": [1.4, 0, 5.6],
			"to": [4.6, 0.2, 5.6],
			"rotation": {"angle": 0, "axis": "y", "origin": [-0.4, 6, 11.6]},
			"faces": {
				"north": {"uv": [0, 0, 16, 1], "rotation": 180, "texture": "#3"},
				"east": {"uv": [15, 0, 16, 1], "rotation": 180, "texture": "#3"},
				"south": {"uv": [0, 1, 16, 0], "texture": "#3"},
				"west": {"uv": [0, 0, 1, 1], "rotation": 180, "texture": "#3"},
				"up": {"uv": [0, 0, 16, 1], "texture": "#3"},
				"down": {"uv": [16, 0, 0, 1], "rotation": 180, "texture": "#3"}
			}
		},
		{
			"name": "glass_9",
			"from": [2.2, 0.4, 5.6],
			"to": [2.4, 0.6, 5.6],
			"rotation": {"angle": 0, "axis": "y", "origin": [-0.4, 6, 11.6]},
			"faces": {
				"north": {"uv": [4, 2, 5, 3], "rotation": 180, "texture": "#3"},
				"east": {"uv": [4, 2, 5, 3], "rotation": 180, "texture": "#3"},
				"south": {"uv": [4, 3, 5, 2], "texture": "#3"},
				"west": {"uv": [4, 2, 5, 3], "rotation": 180, "texture": "#3"},
				"up": {"uv": [4, 2, 5, 3], "texture": "#3"},
				"down": {"uv": [5, 2, 4, 3], "rotation": 180, "texture": "#3"}
			}
		},
		{
			"name": "glass_10",
			"from": [2, 0.6, 5.6],
			"to": [2.2, 0.8, 5.6],
			"rotation": {"angle": 0, "axis": "y", "origin": [-0.4, 6, 11.6]},
			"faces": {
				"north": {"uv": [3, 3, 4, 4], "rotation": 180, "texture": "#3"},
				"east": {"uv": [3, 3, 4, 4], "rotation": 180, "texture": "#3"},
				"south": {"uv": [3, 4, 4, 3], "texture": "#3"},
				"west": {"uv": [3, 3, 4, 4], "rotation": 180, "texture": "#3"},
				"up": {"uv": [3, 3, 4, 4], "texture": "#3"},
				"down": {"uv": [4, 3, 3, 4], "rotation": 180, "texture": "#3"}
			}
		},
		{
			"name": "glass_11",
			"from": [1.8, 0.8, 5.6],
			"to": [2, 1, 5.6],
			"rotation": {"angle": 0, "axis": "y", "origin": [-0.4, 6, 11.6]},
			"faces": {
				"north": {"uv": [2, 4, 3, 5], "rotation": 180, "texture": "#3"},
				"east": {"uv": [2, 4, 3, 5], "rotation": 180, "texture": "#3"},
				"south": {"uv": [2, 5, 3, 4], "texture": "#3"},
				"west": {"uv": [2, 4, 3, 5], "rotation": 180, "texture": "#3"},
				"up": {"uv": [2, 4, 3, 5], "texture": "#3"},
				"down": {"uv": [3, 4, 2, 5], "rotation": 180, "texture": "#3"}
			}
		},
		{
			"name": "glass_13",
			"from": [3.8, 2.6, 5.6],
			"to": [4, 2.8, 5.6],
			"rotation": {"angle": 0, "axis": "y", "origin": [-0.4, 6, 11.6]},
			"faces": {
				"north": {"uv": [12, 13, 13, 14], "rotation": 180, "texture": "#3"},
				"east": {"uv": [12, 13, 13, 14], "rotation": 180, "texture": "#3"},
				"south": {"uv": [12, 14, 13, 13], "texture": "#3"},
				"west": {"uv": [12, 13, 13, 14], "rotation": 180, "texture": "#3"},
				"up": {"uv": [12, 13, 13, 14], "texture": "#3"},
				"down": {"uv": [13, 13, 12, 14], "rotation": 180, "texture": "#3"}
			}
		},
		{
			"name": "glass_12",
			"from": [4, 2.4, 5.6],
			"to": [4.2, 2.6, 5.6],
			"rotation": {"angle": 0, "axis": "y", "origin": [-0.4, 6, 11.6]},
			"faces": {
				"north": {"uv": [13, 12, 14, 13], "rotation": 180, "texture": "#3"},
				"east": {"uv": [13, 12, 14, 13], "rotation": 180, "texture": "#3"},
				"south": {"uv": [13, 13, 14, 12], "texture": "#3"},
				"west": {"uv": [13, 12, 14, 13], "rotation": 180, "texture": "#3"},
				"up": {"uv": [13, 12, 14, 13], "texture": "#3"},
				"down": {"uv": [14, 12, 13, 13], "rotation": 180, "texture": "#3"}
			}
		},
		{
			"name": "glass_15",
			"from": [1.6, 3, 5.6],
			"to": [4.4, 3.2, 5.6],
			"rotation": {"angle": 0, "axis": "y", "origin": [-0.4, 6, 11.6]},
			"faces": {
				"north": {"uv": [1, 15, 15, 16], "rotation": 180, "texture": "#3"},
				"east": {"uv": [14, 15, 15, 16], "rotation": 180, "texture": "#3"},
				"south": {"uv": [1, 16, 15, 15], "texture": "#3"},
				"west": {"uv": [1, 15, 2, 16], "rotation": 180, "texture": "#3"},
				"up": {"uv": [1, 15, 15, 16], "texture": "#3"},
				"down": {"uv": [15, 15, 1, 16], "rotation": 180, "texture": "#3"}
			}
		},
		{
			"name": "glass_9",
			"from": [4.4, 0.2, 5.6],
			"to": [4.6, 3.2, 5.6],
			"rotation": {"angle": 0, "axis": "y", "origin": [-0.4, 6, 11.6]},
			"faces": {
				"north": {"uv": [15, 1, 16, 16], "rotation": 180, "texture": "#3"},
				"east": {"uv": [15, 1, 16, 16], "rotation": 180, "texture": "#3"},
				"south": {"uv": [15, 16, 16, 1], "texture": "#3"},
				"west": {"uv": [15, 1, 16, 16], "rotation": 180, "texture": "#3"},
				"up": {"uv": [15, 15, 16, 16], "texture": "#3"},
				"down": {"uv": [16, 1, 15, 2], "rotation": 180, "texture": "#3"}
			}
		},
		{
			"name": "glass_8",
			"from": [1.4, 0.2, 5.6],
			"to": [1.6, 3.2, 5.6],
			"rotation": {"angle": 0, "axis": "y", "origin": [-0.4, 6, 11.6]},
			"faces": {
				"north": {"uv": [0, 1, 1, 16], "rotation": 180, "texture": "#3"},
				"east": {"uv": [0, 1, 1, 16], "rotation": 180, "texture": "#3"},
				"south": {"uv": [0, 16, 1, 1], "texture": "#3"},
				"west": {"uv": [0, 1, 1, 16], "rotation": 180, "texture": "#3"},
				"up": {"uv": [0, 15, 1, 16], "texture": "#3"},
				"down": {"uv": [1, 1, 0, 2], "rotation": 180, "texture": "#3"}
			}
		},
		{
			"name": "glass_7",
			"from": [1.4, 0, 5.6],
			"to": [4.6, 0.2, 5.6],
			"rotation": {"angle": 0, "axis": "y", "origin": [-0.4, 6, 11.6]},
			"faces": {
				"north": {"uv": [0, 0, 16, 1], "rotation": 180, "texture": "#3"},
				"east": {"uv": [15, 0, 16, 1], "rotation": 180, "texture": "#3"},
				"south": {"uv": [0, 1, 16, 0], "texture": "#3"},
				"west": {"uv": [0, 0, 1, 1], "rotation": 180, "texture": "#3"},
				"up": {"uv": [0, 0, 16, 1], "texture": "#3"},
				"down": {"uv": [16, 0, 0, 1], "rotation": 180, "texture": "#3"}
			}
		},
		{
			"name": "glass_10",
			"from": [2.2, 0.4, 5.6],
			"to": [2.4, 0.6, 5.6],
			"rotation": {"angle": 0, "axis": "y", "origin": [-0.4, 6, 11.6]},
			"faces": {
				"north": {"uv": [4, 2, 5, 3], "rotation": 180, "texture": "#3"},
				"east": {"uv": [4, 2, 5, 3], "rotation": 180, "texture": "#3"},
				"south": {"uv": [4, 3, 5, 2], "texture": "#3"},
				"west": {"uv": [4, 2, 5, 3], "rotation": 180, "texture": "#3"},
				"up": {"uv": [4, 2, 5, 3], "texture": "#3"},
				"down": {"uv": [5, 2, 4, 3], "rotation": 180, "texture": "#3"}
			}
		},
		{
			"name": "glass_11",
			"from": [2, 0.6, 5.6],
			"to": [2.2, 0.8, 5.6],
			"rotation": {"angle": 0, "axis": "y", "origin": [-0.4, 6, 11.6]},
			"faces": {
				"north": {"uv": [3, 3, 4, 4], "rotation": 180, "texture": "#3"},
				"east": {"uv": [3, 3, 4, 4], "rotation": 180, "texture": "#3"},
				"south": {"uv": [3, 4, 4, 3], "texture": "#3"},
				"west": {"uv": [3, 3, 4, 4], "rotation": 180, "texture": "#3"},
				"up": {"uv": [3, 3, 4, 4], "texture": "#3"},
				"down": {"uv": [4, 3, 3, 4], "rotation": 180, "texture": "#3"}
			}
		},
		{
			"name": "glass_12",
			"from": [1.8, 0.8, 5.6],
			"to": [2, 1, 5.6],
			"rotation": {"angle": 0, "axis": "y", "origin": [-0.4, 6, 11.6]},
			"faces": {
				"north": {"uv": [2, 4, 3, 5], "rotation": 180, "texture": "#3"},
				"east": {"uv": [2, 4, 3, 5], "rotation": 180, "texture": "#3"},
				"south": {"uv": [2, 5, 3, 4], "texture": "#3"},
				"west": {"uv": [2, 4, 3, 5], "rotation": 180, "texture": "#3"},
				"up": {"uv": [2, 4, 3, 5], "texture": "#3"},
				"down": {"uv": [3, 4, 2, 5], "rotation": 180, "texture": "#3"}
			}
		},
		{
			"name": "glass_14",
			"from": [3.8, 2.6, 5.6],
			"to": [4, 2.8, 5.6],
			"rotation": {"angle": 0, "axis": "y", "origin": [-0.4, 6, 11.6]},
			"faces": {
				"north": {"uv": [12, 13, 13, 14], "rotation": 180, "texture": "#3"},
				"east": {"uv": [12, 13, 13, 14], "rotation": 180, "texture": "#3"},
				"south": {"uv": [12, 14, 13, 13], "texture": "#3"},
				"west": {"uv": [12, 13, 13, 14], "rotation": 180, "texture": "#3"},
				"up": {"uv": [12, 13, 13, 14], "texture": "#3"},
				"down": {"uv": [13, 13, 12, 14], "rotation": 180, "texture": "#3"}
			}
		},
		{
			"name": "glass_13",
			"from": [4, 2.4, 5.6],
			"to": [4.2, 2.6, 5.6],
			"rotation": {"angle": 0, "axis": "y", "origin": [-0.4, 6, 11.6]},
			"faces": {
				"north": {"uv": [13, 12, 14, 13], "rotation": 180, "texture": "#3"},
				"east": {"uv": [13, 12, 14, 13], "rotation": 180, "texture": "#3"},
				"south": {"uv": [13, 13, 14, 12], "texture": "#3"},
				"west": {"uv": [13, 12, 14, 13], "rotation": 180, "texture": "#3"},
				"up": {"uv": [13, 12, 14, 13], "texture": "#3"},
				"down": {"uv": [14, 12, 13, 13], "rotation": 180, "texture": "#3"}
			}
		},
		{
			"name": "glass_7",
			"from": [2.064, 3.192, 4.916],
			"to": [3.856, 3.392, 4.916],
			"rotation": {"angle": 0, "axis": "y", "origin": [1.056, 6.552, 8.276]},
			"faces": {
				"north": {"uv": [0, 0, 16, 1], "rotation": 180, "texture": "#3"},
				"east": {"uv": [15, 0, 16, 1], "rotation": 180, "texture": "#3"},
				"south": {"uv": [0, 1, 16, 0], "texture": "#3"},
				"west": {"uv": [0, 0, 1, 1], "rotation": 180, "texture": "#3"},
				"up": {"uv": [0, 0, 16, 1], "texture": "#3"},
				"down": {"uv": [16, 0, 0, 1], "rotation": 180, "texture": "#3"}
			}
		},
		{
			"name": "glass_8",
			"from": [2.064, 3.304, 4.916],
			"to": [2.264, 4.984, 4.916],
			"rotation": {"angle": 0, "axis": "y", "origin": [1.056, 6.552, 8.276]},
			"faces": {
				"north": {"uv": [0, 1, 1, 16], "rotation": 180, "texture": "#3"},
				"east": {"uv": [0, 1, 1, 16], "rotation": 180, "texture": "#3"},
				"south": {"uv": [0, 16, 1, 1], "texture": "#3"},
				"west": {"uv": [0, 1, 1, 16], "rotation": 180, "texture": "#3"},
				"up": {"uv": [0, 15, 1, 16], "texture": "#3"},
				"down": {"uv": [1, 1, 0, 2], "rotation": 180, "texture": "#3"}
			}
		},
		{
			"name": "glass_9",
			"from": [3.656, 3.304, 4.916],
			"to": [3.856, 4.984, 4.916],
			"rotation": {"angle": 0, "axis": "y", "origin": [1.056, 6.552, 8.276]},
			"faces": {
				"north": {"uv": [15, 1, 16, 16], "rotation": 180, "texture": "#3"},
				"east": {"uv": [15, 1, 16, 16], "rotation": 180, "texture": "#3"},
				"south": {"uv": [15, 16, 16, 1], "texture": "#3"},
				"west": {"uv": [15, 1, 16, 16], "rotation": 180, "texture": "#3"},
				"up": {"uv": [15, 15, 16, 16], "texture": "#3"},
				"down": {"uv": [16, 1, 15, 2], "rotation": 180, "texture": "#3"}
			}
		},
		{
			"name": "glass_15",
			"from": [2.176, 4.784, 4.916],
			"to": [3.744, 4.984, 4.916],
			"rotation": {"angle": 0, "axis": "y", "origin": [1.056, 6.552, 8.276]},
			"faces": {
				"north": {"uv": [1, 15, 15, 16], "rotation": 180, "texture": "#3"},
				"east": {"uv": [14, 15, 15, 16], "rotation": 180, "texture": "#3"},
				"south": {"uv": [1, 16, 15, 15], "texture": "#3"},
				"west": {"uv": [1, 15, 2, 16], "rotation": 180, "texture": "#3"},
				"up": {"uv": [1, 15, 15, 16], "texture": "#3"},
				"down": {"uv": [15, 15, 1, 16], "rotation": 180, "texture": "#3"}
			}
		},
		{
			"name": "glass_8",
			"from": [2.064, 3.192, 3.116],
			"to": [3.856, 3.392, 3.116],
			"rotation": {"angle": 0, "axis": "y", "origin": [1.056, 6.552, 6.476]},
			"faces": {
				"north": {"uv": [0, 0, 16, 1], "rotation": 180, "texture": "#3"},
				"east": {"uv": [15, 0, 16, 1], "rotation": 180, "texture": "#3"},
				"south": {"uv": [0, 1, 16, 0], "texture": "#3"},
				"west": {"uv": [0, 0, 1, 1], "rotation": 180, "texture": "#3"},
				"up": {"uv": [0, 0, 16, 1], "texture": "#3"},
				"down": {"uv": [16, 0, 0, 1], "rotation": 180, "texture": "#3"}
			}
		},
		{
			"name": "glass_15",
			"from": [1.4, 3, 2.6],
			"to": [1.4, 3.2, 5.4],
			"rotation": {"angle": 0, "axis": "y", "origin": [7.4, 6, 7.4]},
			"faces": {
				"north": {"uv": [14, 15, 15, 16], "rotation": 180, "texture": "#3"},
				"east": {"uv": [1, 16, 15, 15], "texture": "#3"},
				"south": {"uv": [1, 15, 2, 16], "rotation": 180, "texture": "#3"},
				"west": {"uv": [1, 15, 15, 16], "rotation": 180, "texture": "#3"},
				"up": {"uv": [1, 15, 15, 16], "rotation": 270, "texture": "#3"},
				"down": {"uv": [15, 15, 1, 16], "rotation": 270, "texture": "#3"}
			}
		},
		{
			"name": "glass_9",
			"from": [1.4, 0.2, 2.4],
			"to": [1.4, 3.2, 2.6],
			"rotation": {"angle": 0, "axis": "y", "origin": [7.4, 6, 7.4]},
			"faces": {
				"north": {"uv": [15, 1, 16, 16], "rotation": 180, "texture": "#3"},
				"east": {"uv": [15, 16, 16, 1], "texture": "#3"},
				"south": {"uv": [15, 1, 16, 16], "rotation": 180, "texture": "#3"},
				"west": {"uv": [15, 1, 16, 16], "rotation": 180, "texture": "#3"},
				"up": {"uv": [15, 15, 16, 16], "rotation": 270, "texture": "#3"},
				"down": {"uv": [16, 1, 15, 2], "rotation": 270, "texture": "#3"}
			}
		},
		{
			"name": "glass_8",
			"from": [1.4, 0.2, 5.4],
			"to": [1.4, 3.2, 5.6],
			"rotation": {"angle": 0, "axis": "y", "origin": [7.4, 6, 7.4]},
			"faces": {
				"north": {"uv": [0, 1, 1, 16], "rotation": 180, "texture": "#3"},
				"east": {"uv": [0, 16, 1, 1], "texture": "#3"},
				"south": {"uv": [0, 1, 1, 16], "rotation": 180, "texture": "#3"},
				"west": {"uv": [0, 1, 1, 16], "rotation": 180, "texture": "#3"},
				"up": {"uv": [0, 15, 1, 16], "rotation": 270, "texture": "#3"},
				"down": {"uv": [1, 1, 0, 2], "rotation": 270, "texture": "#3"}
			}
		},
		{
			"name": "glass_7",
			"from": [1.4, 0, 2.4],
			"to": [1.4, 0.2, 5.6],
			"rotation": {"angle": 0, "axis": "y", "origin": [7.4, 6, 7.4]},
			"faces": {
				"north": {"uv": [15, 0, 16, 1], "rotation": 180, "texture": "#3"},
				"east": {"uv": [0, 1, 16, 0], "texture": "#3"},
				"south": {"uv": [0, 0, 1, 1], "rotation": 180, "texture": "#3"},
				"west": {"uv": [0, 0, 16, 1], "rotation": 180, "texture": "#3"},
				"up": {"uv": [0, 0, 16, 1], "rotation": 270, "texture": "#3"},
				"down": {"uv": [16, 0, 0, 1], "rotation": 270, "texture": "#3"}
			}
		},
		{
			"name": "glass_10",
			"from": [1.4, 0.4, 4.6],
			"to": [1.4, 0.6, 4.8],
			"rotation": {"angle": 0, "axis": "y", "origin": [7.4, 6, 7.4]},
			"faces": {
				"north": {"uv": [4, 2, 5, 3], "rotation": 180, "texture": "#3"},
				"east": {"uv": [4, 3, 5, 2], "texture": "#3"},
				"south": {"uv": [4, 2, 5, 3], "rotation": 180, "texture": "#3"},
				"west": {"uv": [4, 2, 5, 3], "rotation": 180, "texture": "#3"},
				"up": {"uv": [4, 2, 5, 3], "rotation": 270, "texture": "#3"},
				"down": {"uv": [5, 2, 4, 3], "rotation": 270, "texture": "#3"}
			}
		},
		{
			"name": "glass_11",
			"from": [1.4, 0.6, 4.8],
			"to": [1.4, 0.8, 5],
			"rotation": {"angle": 0, "axis": "y", "origin": [7.4, 6, 7.4]},
			"faces": {
				"north": {"uv": [3, 3, 4, 4], "rotation": 180, "texture": "#3"},
				"east": {"uv": [3, 4, 4, 3], "texture": "#3"},
				"south": {"uv": [3, 3, 4, 4], "rotation": 180, "texture": "#3"},
				"west": {"uv": [3, 3, 4, 4], "rotation": 180, "texture": "#3"},
				"up": {"uv": [3, 3, 4, 4], "rotation": 270, "texture": "#3"},
				"down": {"uv": [4, 3, 3, 4], "rotation": 270, "texture": "#3"}
			}
		},
		{
			"name": "glass_12",
			"from": [1.4, 0.8, 5],
			"to": [1.4, 1, 5.2],
			"rotation": {"angle": 0, "axis": "y", "origin": [7.4, 6, 7.4]},
			"faces": {
				"north": {"uv": [2, 4, 3, 5], "rotation": 180, "texture": "#3"},
				"east": {"uv": [2, 5, 3, 4], "texture": "#3"},
				"south": {"uv": [2, 4, 3, 5], "rotation": 180, "texture": "#3"},
				"west": {"uv": [2, 4, 3, 5], "rotation": 180, "texture": "#3"},
				"up": {"uv": [2, 4, 3, 5], "rotation": 270, "texture": "#3"},
				"down": {"uv": [3, 4, 2, 5], "rotation": 270, "texture": "#3"}
			}
		},
		{
			"name": "glass_14",
			"from": [1.4, 2.6, 3],
			"to": [1.4, 2.8, 3.2],
			"rotation": {"angle": 0, "axis": "y", "origin": [7.4, 6, 7.4]},
			"faces": {
				"north": {"uv": [12, 13, 13, 14], "rotation": 180, "texture": "#3"},
				"east": {"uv": [12, 14, 13, 13], "texture": "#3"},
				"south": {"uv": [12, 13, 13, 14], "rotation": 180, "texture": "#3"},
				"west": {"uv": [12, 13, 13, 14], "rotation": 180, "texture": "#3"},
				"up": {"uv": [12, 13, 13, 14], "rotation": 270, "texture": "#3"},
				"down": {"uv": [13, 13, 12, 14], "rotation": 270, "texture": "#3"}
			}
		},
		{
			"name": "glass_13",
			"from": [1.4, 2.4, 2.8],
			"to": [1.4, 2.6, 3],
			"rotation": {"angle": 0, "axis": "y", "origin": [7.4, 6, 7.4]},
			"faces": {
				"north": {"uv": [13, 12, 14, 13], "rotation": 180, "texture": "#3"},
				"east": {"uv": [13, 13, 14, 12], "texture": "#3"},
				"south": {"uv": [13, 12, 14, 13], "rotation": 180, "texture": "#3"},
				"west": {"uv": [13, 12, 14, 13], "rotation": 180, "texture": "#3"},
				"up": {"uv": [13, 12, 14, 13], "rotation": 270, "texture": "#3"},
				"down": {"uv": [14, 12, 13, 13], "rotation": 270, "texture": "#3"}
			}
		},
		{
			"name": "glass_16",
			"from": [1.4, 3, 2.6],
			"to": [1.4, 3.2, 5.4],
			"rotation": {"angle": 0, "axis": "y", "origin": [7.4, 6, 7.4]},
			"faces": {
				"north": {"uv": [14, 15, 15, 16], "rotation": 180, "texture": "#3"},
				"east": {"uv": [1, 16, 15, 15], "texture": "#3"},
				"south": {"uv": [1, 15, 2, 16], "rotation": 180, "texture": "#3"},
				"west": {"uv": [1, 15, 15, 16], "rotation": 180, "texture": "#3"},
				"up": {"uv": [1, 15, 15, 16], "rotation": 270, "texture": "#3"},
				"down": {"uv": [15, 15, 1, 16], "rotation": 270, "texture": "#3"}
			}
		},
		{
			"name": "glass_10",
			"from": [1.4, 0.2, 2.4],
			"to": [1.4, 3.2, 2.6],
			"rotation": {"angle": 0, "axis": "y", "origin": [7.4, 6, 7.4]},
			"faces": {
				"north": {"uv": [15, 1, 16, 16], "rotation": 180, "texture": "#3"},
				"east": {"uv": [15, 16, 16, 1], "texture": "#3"},
				"south": {"uv": [15, 1, 16, 16], "rotation": 180, "texture": "#3"},
				"west": {"uv": [15, 1, 16, 16], "rotation": 180, "texture": "#3"},
				"up": {"uv": [15, 15, 16, 16], "rotation": 270, "texture": "#3"},
				"down": {"uv": [16, 1, 15, 2], "rotation": 270, "texture": "#3"}
			}
		},
		{
			"name": "glass_9",
			"from": [1.4, 0.2, 5.4],
			"to": [1.4, 3.2, 5.6],
			"rotation": {"angle": 0, "axis": "y", "origin": [7.4, 6, 7.4]},
			"faces": {
				"north": {"uv": [0, 1, 1, 16], "rotation": 180, "texture": "#3"},
				"east": {"uv": [0, 16, 1, 1], "texture": "#3"},
				"south": {"uv": [0, 1, 1, 16], "rotation": 180, "texture": "#3"},
				"west": {"uv": [0, 1, 1, 16], "rotation": 180, "texture": "#3"},
				"up": {"uv": [0, 15, 1, 16], "rotation": 270, "texture": "#3"},
				"down": {"uv": [1, 1, 0, 2], "rotation": 270, "texture": "#3"}
			}
		},
		{
			"name": "glass_8",
			"from": [1.4, 0, 2.4],
			"to": [1.4, 0.2, 5.6],
			"rotation": {"angle": 0, "axis": "y", "origin": [7.4, 6, 7.4]},
			"faces": {
				"north": {"uv": [15, 0, 16, 1], "rotation": 180, "texture": "#3"},
				"east": {"uv": [0, 1, 16, 0], "texture": "#3"},
				"south": {"uv": [0, 0, 1, 1], "rotation": 180, "texture": "#3"},
				"west": {"uv": [0, 0, 16, 1], "rotation": 180, "texture": "#3"},
				"up": {"uv": [0, 0, 16, 1], "rotation": 270, "texture": "#3"},
				"down": {"uv": [16, 0, 0, 1], "rotation": 270, "texture": "#3"}
			}
		},
		{
			"name": "glass_11",
			"from": [1.4, 0.4, 4.6],
			"to": [1.4, 0.6, 4.8],
			"rotation": {"angle": 0, "axis": "y", "origin": [7.4, 6, 7.4]},
			"faces": {
				"north": {"uv": [4, 2, 5, 3], "rotation": 180, "texture": "#3"},
				"east": {"uv": [4, 3, 5, 2], "texture": "#3"},
				"south": {"uv": [4, 2, 5, 3], "rotation": 180, "texture": "#3"},
				"west": {"uv": [4, 2, 5, 3], "rotation": 180, "texture": "#3"},
				"up": {"uv": [4, 2, 5, 3], "rotation": 270, "texture": "#3"},
				"down": {"uv": [5, 2, 4, 3], "rotation": 270, "texture": "#3"}
			}
		},
		{
			"name": "glass_12",
			"from": [1.4, 0.6, 4.8],
			"to": [1.4, 0.8, 5],
			"rotation": {"angle": 0, "axis": "y", "origin": [7.4, 6, 7.4]},
			"faces": {
				"north": {"uv": [3, 3, 4, 4], "rotation": 180, "texture": "#3"},
				"east": {"uv": [3, 4, 4, 3], "texture": "#3"},
				"south": {"uv": [3, 3, 4, 4], "rotation": 180, "texture": "#3"},
				"west": {"uv": [3, 3, 4, 4], "rotation": 180, "texture": "#3"},
				"up": {"uv": [3, 3, 4, 4], "rotation": 270, "texture": "#3"},
				"down": {"uv": [4, 3, 3, 4], "rotation": 270, "texture": "#3"}
			}
		},
		{
			"name": "glass_13",
			"from": [1.4, 0.8, 5],
			"to": [1.4, 1, 5.2],
			"rotation": {"angle": 0, "axis": "y", "origin": [7.4, 6, 7.4]},
			"faces": {
				"north": {"uv": [2, 4, 3, 5], "rotation": 180, "texture": "#3"},
				"east": {"uv": [2, 5, 3, 4], "texture": "#3"},
				"south": {"uv": [2, 4, 3, 5], "rotation": 180, "texture": "#3"},
				"west": {"uv": [2, 4, 3, 5], "rotation": 180, "texture": "#3"},
				"up": {"uv": [2, 4, 3, 5], "rotation": 270, "texture": "#3"},
				"down": {"uv": [3, 4, 2, 5], "rotation": 270, "texture": "#3"}
			}
		},
		{
			"name": "glass_15",
			"from": [1.4, 2.6, 3],
			"to": [1.4, 2.8, 3.2],
			"rotation": {"angle": 0, "axis": "y", "origin": [7.4, 6, 7.4]},
			"faces": {
				"north": {"uv": [12, 13, 13, 14], "rotation": 180, "texture": "#3"},
				"east": {"uv": [12, 14, 13, 13], "texture": "#3"},
				"south": {"uv": [12, 13, 13, 14], "rotation": 180, "texture": "#3"},
				"west": {"uv": [12, 13, 13, 14], "rotation": 180, "texture": "#3"},
				"up": {"uv": [12, 13, 13, 14], "rotation": 270, "texture": "#3"},
				"down": {"uv": [13, 13, 12, 14], "rotation": 270, "texture": "#3"}
			}
		},
		{
			"name": "glass_14",
			"from": [1.4, 2.4, 2.8],
			"to": [1.4, 2.6, 3],
			"rotation": {"angle": 0, "axis": "y", "origin": [7.4, 6, 7.4]},
			"faces": {
				"north": {"uv": [13, 12, 14, 13], "rotation": 180, "texture": "#3"},
				"east": {"uv": [13, 13, 14, 12], "texture": "#3"},
				"south": {"uv": [13, 12, 14, 13], "rotation": 180, "texture": "#3"},
				"west": {"uv": [13, 12, 14, 13], "rotation": 180, "texture": "#3"},
				"up": {"uv": [13, 12, 14, 13], "rotation": 270, "texture": "#3"},
				"down": {"uv": [14, 12, 13, 13], "rotation": 270, "texture": "#3"}
			}
		},
		{
			"name": "glass_8",
			"from": [2.064, 3.192, 3.124],
			"to": [2.064, 3.392, 4.916],
			"rotation": {"angle": 0, "axis": "y", "origin": [5.424, 6.552, 5.924]},
			"faces": {
				"north": {"uv": [15, 0, 16, 1], "rotation": 180, "texture": "#3"},
				"east": {"uv": [0, 1, 16, 0], "texture": "#3"},
				"south": {"uv": [0, 0, 1, 1], "rotation": 180, "texture": "#3"},
				"west": {"uv": [0, 0, 16, 1], "rotation": 180, "texture": "#3"},
				"up": {"uv": [0, 0, 16, 1], "rotation": 270, "texture": "#3"},
				"down": {"uv": [16, 0, 0, 1], "rotation": 270, "texture": "#3"}
			}
		},
		{
			"name": "glass_9",
			"from": [2.064, 3.304, 4.716],
			"to": [2.064, 4.984, 4.916],
			"rotation": {"angle": 0, "axis": "y", "origin": [5.424, 6.552, 5.924]},
			"faces": {
				"north": {"uv": [0, 1, 1, 16], "rotation": 180, "texture": "#3"},
				"east": {"uv": [0, 16, 1, 1], "texture": "#3"},
				"south": {"uv": [0, 1, 1, 16], "rotation": 180, "texture": "#3"},
				"west": {"uv": [0, 1, 1, 16], "rotation": 180, "texture": "#3"},
				"up": {"uv": [0, 15, 1, 16], "rotation": 270, "texture": "#3"},
				"down": {"uv": [1, 1, 0, 2], "rotation": 270, "texture": "#3"}
			}
		},
		{
			"name": "glass_10",
			"from": [2.064, 3.304, 3.124],
			"to": [2.064, 4.984, 3.324],
			"rotation": {"angle": 0, "axis": "y", "origin": [5.424, 6.552, 5.924]},
			"faces": {
				"north": {"uv": [15, 1, 16, 16], "rotation": 180, "texture": "#3"},
				"east": {"uv": [15, 16, 16, 1], "texture": "#3"},
				"south": {"uv": [15, 1, 16, 16], "rotation": 180, "texture": "#3"},
				"west": {"uv": [15, 1, 16, 16], "rotation": 180, "texture": "#3"},
				"up": {"uv": [15, 15, 16, 16], "rotation": 270, "texture": "#3"},
				"down": {"uv": [16, 1, 15, 2], "rotation": 270, "texture": "#3"}
			}
		},
		{
			"name": "glass_16",
			"from": [2.064, 4.784, 3.236],
			"to": [2.064, 4.984, 4.804],
			"rotation": {"angle": 0, "axis": "y", "origin": [5.424, 6.552, 5.924]},
			"faces": {
				"north": {"uv": [14, 15, 15, 16], "rotation": 180, "texture": "#3"},
				"east": {"uv": [1, 16, 15, 15], "texture": "#3"},
				"south": {"uv": [1, 15, 2, 16], "rotation": 180, "texture": "#3"},
				"west": {"uv": [1, 15, 15, 16], "rotation": 180, "texture": "#3"},
				"up": {"uv": [1, 15, 15, 16], "rotation": 270, "texture": "#3"},
				"down": {"uv": [15, 15, 1, 16], "rotation": 270, "texture": "#3"}
			}
		},
		{
			"name": "glass_16",
			"from": [4.6, 3, 2.6],
			"to": [4.6, 3.2, 5.4],
			"rotation": {"angle": 0, "axis": "y", "origin": [10.6, 6, 7.4]},
			"faces": {
				"north": {"uv": [14, 15, 15, 16], "rotation": 180, "texture": "#3"},
				"east": {"uv": [1, 16, 15, 15], "texture": "#3"},
				"south": {"uv": [1, 15, 2, 16], "rotation": 180, "texture": "#3"},
				"west": {"uv": [1, 15, 15, 16], "rotation": 180, "texture": "#3"},
				"up": {"uv": [1, 15, 15, 16], "rotation": 270, "texture": "#3"},
				"down": {"uv": [15, 15, 1, 16], "rotation": 270, "texture": "#3"}
			}
		},
		{
			"name": "glass_10",
			"from": [4.6, 0.2, 2.4],
			"to": [4.6, 3.2, 2.6],
			"rotation": {"angle": 0, "axis": "y", "origin": [10.6, 6, 7.4]},
			"faces": {
				"north": {"uv": [15, 1, 16, 16], "rotation": 180, "texture": "#3"},
				"east": {"uv": [15, 16, 16, 1], "texture": "#3"},
				"south": {"uv": [15, 1, 16, 16], "rotation": 180, "texture": "#3"},
				"west": {"uv": [15, 1, 16, 16], "rotation": 180, "texture": "#3"},
				"up": {"uv": [15, 15, 16, 16], "rotation": 270, "texture": "#3"},
				"down": {"uv": [16, 1, 15, 2], "rotation": 270, "texture": "#3"}
			}
		},
		{
			"name": "glass_9",
			"from": [4.6, 0.2, 5.4],
			"to": [4.6, 3.2, 5.6],
			"rotation": {"angle": 0, "axis": "y", "origin": [10.6, 6, 7.4]},
			"faces": {
				"north": {"uv": [0, 1, 1, 16], "rotation": 180, "texture": "#3"},
				"east": {"uv": [0, 16, 1, 1], "texture": "#3"},
				"south": {"uv": [0, 1, 1, 16], "rotation": 180, "texture": "#3"},
				"west": {"uv": [0, 1, 1, 16], "rotation": 180, "texture": "#3"},
				"up": {"uv": [0, 15, 1, 16], "rotation": 270, "texture": "#3"},
				"down": {"uv": [1, 1, 0, 2], "rotation": 270, "texture": "#3"}
			}
		},
		{
			"name": "glass_8",
			"from": [4.6, 0, 2.4],
			"to": [4.6, 0.2, 5.6],
			"rotation": {"angle": 0, "axis": "y", "origin": [10.6, 6, 7.4]},
			"faces": {
				"north": {"uv": [15, 0, 16, 1], "rotation": 180, "texture": "#3"},
				"east": {"uv": [0, 1, 16, 0], "texture": "#3"},
				"south": {"uv": [0, 0, 1, 1], "rotation": 180, "texture": "#3"},
				"west": {"uv": [0, 0, 16, 1], "rotation": 180, "texture": "#3"},
				"up": {"uv": [0, 0, 16, 1], "rotation": 270, "texture": "#3"},
				"down": {"uv": [16, 0, 0, 1], "rotation": 270, "texture": "#3"}
			}
		},
		{
			"name": "glass_11",
			"from": [4.6, 0.4, 4.6],
			"to": [4.6, 0.6, 4.8],
			"rotation": {"angle": 0, "axis": "y", "origin": [10.6, 6, 7.4]},
			"faces": {
				"north": {"uv": [4, 2, 5, 3], "rotation": 180, "texture": "#3"},
				"east": {"uv": [4, 3, 5, 2], "texture": "#3"},
				"south": {"uv": [4, 2, 5, 3], "rotation": 180, "texture": "#3"},
				"west": {"uv": [4, 2, 5, 3], "rotation": 180, "texture": "#3"},
				"up": {"uv": [4, 2, 5, 3], "rotation": 270, "texture": "#3"},
				"down": {"uv": [5, 2, 4, 3], "rotation": 270, "texture": "#3"}
			}
		},
		{
			"name": "glass_12",
			"from": [4.6, 0.6, 4.8],
			"to": [4.6, 0.8, 5],
			"rotation": {"angle": 0, "axis": "y", "origin": [10.6, 6, 7.4]},
			"faces": {
				"north": {"uv": [3, 3, 4, 4], "rotation": 180, "texture": "#3"},
				"east": {"uv": [3, 4, 4, 3], "texture": "#3"},
				"south": {"uv": [3, 3, 4, 4], "rotation": 180, "texture": "#3"},
				"west": {"uv": [3, 3, 4, 4], "rotation": 180, "texture": "#3"},
				"up": {"uv": [3, 3, 4, 4], "rotation": 270, "texture": "#3"},
				"down": {"uv": [4, 3, 3, 4], "rotation": 270, "texture": "#3"}
			}
		},
		{
			"name": "glass_13",
			"from": [4.6, 0.8, 5],
			"to": [4.6, 1, 5.2],
			"rotation": {"angle": 0, "axis": "y", "origin": [10.6, 6, 7.4]},
			"faces": {
				"north": {"uv": [2, 4, 3, 5], "rotation": 180, "texture": "#3"},
				"east": {"uv": [2, 5, 3, 4], "texture": "#3"},
				"south": {"uv": [2, 4, 3, 5], "rotation": 180, "texture": "#3"},
				"west": {"uv": [2, 4, 3, 5], "rotation": 180, "texture": "#3"},
				"up": {"uv": [2, 4, 3, 5], "rotation": 270, "texture": "#3"},
				"down": {"uv": [3, 4, 2, 5], "rotation": 270, "texture": "#3"}
			}
		},
		{
			"name": "glass_15",
			"from": [4.6, 2.6, 3],
			"to": [4.6, 2.8, 3.2],
			"rotation": {"angle": 0, "axis": "y", "origin": [10.6, 6, 7.4]},
			"faces": {
				"north": {"uv": [12, 13, 13, 14], "rotation": 180, "texture": "#3"},
				"east": {"uv": [12, 14, 13, 13], "texture": "#3"},
				"south": {"uv": [12, 13, 13, 14], "rotation": 180, "texture": "#3"},
				"west": {"uv": [12, 13, 13, 14], "rotation": 180, "texture": "#3"},
				"up": {"uv": [12, 13, 13, 14], "rotation": 270, "texture": "#3"},
				"down": {"uv": [13, 13, 12, 14], "rotation": 270, "texture": "#3"}
			}
		},
		{
			"name": "glass_14",
			"from": [4.6, 2.4, 2.8],
			"to": [4.6, 2.6, 3],
			"rotation": {"angle": 0, "axis": "y", "origin": [10.6, 6, 7.4]},
			"faces": {
				"north": {"uv": [13, 12, 14, 13], "rotation": 180, "texture": "#3"},
				"east": {"uv": [13, 13, 14, 12], "texture": "#3"},
				"south": {"uv": [13, 12, 14, 13], "rotation": 180, "texture": "#3"},
				"west": {"uv": [13, 12, 14, 13], "rotation": 180, "texture": "#3"},
				"up": {"uv": [13, 12, 14, 13], "rotation": 270, "texture": "#3"},
				"down": {"uv": [14, 12, 13, 13], "rotation": 270, "texture": "#3"}
			}
		},
		{
			"name": "glass_17",
			"from": [4.6, 3, 2.6],
			"to": [4.6, 3.2, 5.4],
			"rotation": {"angle": 0, "axis": "y", "origin": [10.6, 6, 7.4]},
			"faces": {
				"north": {"uv": [14, 15, 15, 16], "rotation": 180, "texture": "#3"},
				"east": {"uv": [1, 16, 15, 15], "texture": "#3"},
				"south": {"uv": [1, 15, 2, 16], "rotation": 180, "texture": "#3"},
				"west": {"uv": [1, 15, 15, 16], "rotation": 180, "texture": "#3"},
				"up": {"uv": [1, 15, 15, 16], "rotation": 270, "texture": "#3"},
				"down": {"uv": [15, 15, 1, 16], "rotation": 270, "texture": "#3"}
			}
		},
		{
			"name": "glass_11",
			"from": [4.6, 0.2, 2.4],
			"to": [4.6, 3.2, 2.6],
			"rotation": {"angle": 0, "axis": "y", "origin": [10.6, 6, 7.4]},
			"faces": {
				"north": {"uv": [15, 1, 16, 16], "rotation": 180, "texture": "#3"},
				"east": {"uv": [15, 16, 16, 1], "texture": "#3"},
				"south": {"uv": [15, 1, 16, 16], "rotation": 180, "texture": "#3"},
				"west": {"uv": [15, 1, 16, 16], "rotation": 180, "texture": "#3"},
				"up": {"uv": [15, 15, 16, 16], "rotation": 270, "texture": "#3"},
				"down": {"uv": [16, 1, 15, 2], "rotation": 270, "texture": "#3"}
			}
		},
		{
			"name": "glass_10",
			"from": [4.6, 0.2, 5.4],
			"to": [4.6, 3.2, 5.6],
			"rotation": {"angle": 0, "axis": "y", "origin": [10.6, 6, 7.4]},
			"faces": {
				"north": {"uv": [0, 1, 1, 16], "rotation": 180, "texture": "#3"},
				"east": {"uv": [0, 16, 1, 1], "texture": "#3"},
				"south": {"uv": [0, 1, 1, 16], "rotation": 180, "texture": "#3"},
				"west": {"uv": [0, 1, 1, 16], "rotation": 180, "texture": "#3"},
				"up": {"uv": [0, 15, 1, 16], "rotation": 270, "texture": "#3"},
				"down": {"uv": [1, 1, 0, 2], "rotation": 270, "texture": "#3"}
			}
		},
		{
			"name": "glass_9",
			"from": [4.6, 0, 2.4],
			"to": [4.6, 0.2, 5.6],
			"rotation": {"angle": 0, "axis": "y", "origin": [10.6, 6, 7.4]},
			"faces": {
				"north": {"uv": [15, 0, 16, 1], "rotation": 180, "texture": "#3"},
				"east": {"uv": [0, 1, 16, 0], "texture": "#3"},
				"south": {"uv": [0, 0, 1, 1], "rotation": 180, "texture": "#3"},
				"west": {"uv": [0, 0, 16, 1], "rotation": 180, "texture": "#3"},
				"up": {"uv": [0, 0, 16, 1], "rotation": 270, "texture": "#3"},
				"down": {"uv": [16, 0, 0, 1], "rotation": 270, "texture": "#3"}
			}
		},
		{
			"name": "glass_12",
			"from": [4.6, 0.4, 4.6],
			"to": [4.6, 0.6, 4.8],
			"rotation": {"angle": 0, "axis": "y", "origin": [10.6, 6, 7.4]},
			"faces": {
				"north": {"uv": [4, 2, 5, 3], "rotation": 180, "texture": "#3"},
				"east": {"uv": [4, 3, 5, 2], "texture": "#3"},
				"south": {"uv": [4, 2, 5, 3], "rotation": 180, "texture": "#3"},
				"west": {"uv": [4, 2, 5, 3], "rotation": 180, "texture": "#3"},
				"up": {"uv": [4, 2, 5, 3], "rotation": 270, "texture": "#3"},
				"down": {"uv": [5, 2, 4, 3], "rotation": 270, "texture": "#3"}
			}
		},
		{
			"name": "glass_13",
			"from": [4.6, 0.6, 4.8],
			"to": [4.6, 0.8, 5],
			"rotation": {"angle": 0, "axis": "y", "origin": [10.6, 6, 7.4]},
			"faces": {
				"north": {"uv": [3, 3, 4, 4], "rotation": 180, "texture": "#3"},
				"east": {"uv": [3, 4, 4, 3], "texture": "#3"},
				"south": {"uv": [3, 3, 4, 4], "rotation": 180, "texture": "#3"},
				"west": {"uv": [3, 3, 4, 4], "rotation": 180, "texture": "#3"},
				"up": {"uv": [3, 3, 4, 4], "rotation": 270, "texture": "#3"},
				"down": {"uv": [4, 3, 3, 4], "rotation": 270, "texture": "#3"}
			}
		},
		{
			"name": "glass_14",
			"from": [4.6, 0.8, 5],
			"to": [4.6, 1, 5.2],
			"rotation": {"angle": 0, "axis": "y", "origin": [10.6, 6, 7.4]},
			"faces": {
				"north": {"uv": [2, 4, 3, 5], "rotation": 180, "texture": "#3"},
				"east": {"uv": [2, 5, 3, 4], "texture": "#3"},
				"south": {"uv": [2, 4, 3, 5], "rotation": 180, "texture": "#3"},
				"west": {"uv": [2, 4, 3, 5], "rotation": 180, "texture": "#3"},
				"up": {"uv": [2, 4, 3, 5], "rotation": 270, "texture": "#3"},
				"down": {"uv": [3, 4, 2, 5], "rotation": 270, "texture": "#3"}
			}
		},
		{
			"name": "glass_16",
			"from": [4.6, 2.6, 3],
			"to": [4.6, 2.8, 3.2],
			"rotation": {"angle": 0, "axis": "y", "origin": [10.6, 6, 7.4]},
			"faces": {
				"north": {"uv": [12, 13, 13, 14], "rotation": 180, "texture": "#3"},
				"east": {"uv": [12, 14, 13, 13], "texture": "#3"},
				"south": {"uv": [12, 13, 13, 14], "rotation": 180, "texture": "#3"},
				"west": {"uv": [12, 13, 13, 14], "rotation": 180, "texture": "#3"},
				"up": {"uv": [12, 13, 13, 14], "rotation": 270, "texture": "#3"},
				"down": {"uv": [13, 13, 12, 14], "rotation": 270, "texture": "#3"}
			}
		},
		{
			"name": "glass_15",
			"from": [4.6, 2.4, 2.8],
			"to": [4.6, 2.6, 3],
			"rotation": {"angle": 0, "axis": "y", "origin": [10.6, 6, 7.4]},
			"faces": {
				"north": {"uv": [13, 12, 14, 13], "rotation": 180, "texture": "#3"},
				"east": {"uv": [13, 13, 14, 12], "texture": "#3"},
				"south": {"uv": [13, 12, 14, 13], "rotation": 180, "texture": "#3"},
				"west": {"uv": [13, 12, 14, 13], "rotation": 180, "texture": "#3"},
				"up": {"uv": [13, 12, 14, 13], "rotation": 270, "texture": "#3"},
				"down": {"uv": [14, 12, 13, 13], "rotation": 270, "texture": "#3"}
			}
		},
		{
			"name": "glass_12",
			"from": [3.856, 3.304, 3.124],
			"to": [3.856, 4.984, 3.236],
			"rotation": {"angle": 0, "axis": "y", "origin": [7.216, 6.552, 5.924]},
			"faces": {
				"north": {"uv": [15, 1, 16, 16], "rotation": 180, "texture": "#3"},
				"east": {"uv": [15, 16, 16, 1], "texture": "#3"},
				"south": {"uv": [15, 1, 16, 16], "rotation": 180, "texture": "#3"},
				"west": {"uv": [15, 1, 16, 16], "rotation": 180, "texture": "#3"},
				"up": {"uv": [15, 15, 16, 16], "rotation": 270, "texture": "#3"},
				"down": {"uv": [16, 1, 15, 2], "rotation": 270, "texture": "#3"}
			}
		},
		{
			"name": "glass_9",
			"from": [3.856, 3.192, 3.124],
			"to": [3.856, 3.392, 4.916],
			"rotation": {"angle": 0, "axis": "y", "origin": [7.216, 6.552, 5.924]},
			"faces": {
				"north": {"uv": [15, 0, 16, 1], "rotation": 180, "texture": "#3"},
				"east": {"uv": [0, 1, 16, 0], "texture": "#3"},
				"south": {"uv": [0, 0, 1, 1], "rotation": 180, "texture": "#3"},
				"west": {"uv": [0, 0, 16, 1], "rotation": 180, "texture": "#3"},
				"up": {"uv": [0, 0, 16, 1], "rotation": 270, "texture": "#3"},
				"down": {"uv": [16, 0, 0, 1], "rotation": 270, "texture": "#3"}
			}
		},
		{
			"name": "glass_10",
			"from": [3.856, 3.304, 4.716],
			"to": [3.856, 4.984, 4.916],
			"rotation": {"angle": 0, "axis": "y", "origin": [7.216, 6.552, 5.924]},
			"faces": {
				"north": {"uv": [0, 1, 1, 16], "rotation": 180, "texture": "#3"},
				"east": {"uv": [0, 16, 1, 1], "texture": "#3"},
				"south": {"uv": [0, 1, 1, 16], "rotation": 180, "texture": "#3"},
				"west": {"uv": [0, 1, 1, 16], "rotation": 180, "texture": "#3"},
				"up": {"uv": [0, 15, 1, 16], "rotation": 270, "texture": "#3"},
				"down": {"uv": [1, 1, 0, 2], "rotation": 270, "texture": "#3"}
			}
		},
		{
			"name": "glass_11",
			"from": [3.856, 3.304, 3.124],
			"to": [3.856, 4.984, 3.236],
			"rotation": {"angle": 0, "axis": "y", "origin": [7.216, 6.552, 5.924]},
			"faces": {
				"north": {"uv": [15, 1, 16, 16], "rotation": 180, "texture": "#3"},
				"east": {"uv": [15, 16, 16, 1], "texture": "#3"},
				"south": {"uv": [15, 1, 16, 16], "rotation": 180, "texture": "#3"},
				"west": {"uv": [15, 1, 16, 16], "rotation": 180, "texture": "#3"},
				"up": {"uv": [15, 15, 16, 16], "rotation": 270, "texture": "#3"},
				"down": {"uv": [16, 1, 15, 2], "rotation": 270, "texture": "#3"}
			}
		},
		{
			"name": "glass_17",
			"from": [3.856, 4.784, 3.236],
			"to": [3.856, 4.984, 4.804],
			"rotation": {"angle": 0, "axis": "y", "origin": [7.216, 6.552, 5.924]},
			"faces": {
				"north": {"uv": [14, 15, 15, 16], "rotation": 180, "texture": "#3"},
				"east": {"uv": [1, 16, 15, 15], "texture": "#3"},
				"south": {"uv": [1, 15, 2, 16], "rotation": 180, "texture": "#3"},
				"west": {"uv": [1, 15, 15, 16], "rotation": 180, "texture": "#3"},
				"up": {"uv": [1, 15, 15, 16], "rotation": 270, "texture": "#3"},
				"down": {"uv": [15, 15, 1, 16], "rotation": 270, "texture": "#3"}
			}
		},
		{
			"name": "glass_17",
			"from": [1.4, 0, 2.6],
			"to": [1.6, 0, 5.4],
			"rotation": {"angle": 0, "axis": "y", "origin": [-1.4, 6, 7.4]},
			"faces": {
				"north": {"uv": [14, 15, 15, 16], "rotation": 270, "texture": "#3"},
				"east": {"uv": [15, 15, 1, 16], "rotation": 180, "texture": "#3"},
				"south": {"uv": [1, 15, 2, 16], "rotation": 90, "texture": "#3"},
				"west": {"uv": [1, 15, 15, 16], "rotation": 180, "texture": "#3"},
				"up": {"uv": [1, 16, 15, 15], "rotation": 270, "texture": "#3"},
				"down": {"uv": [1, 15, 15, 16], "rotation": 90, "texture": "#3"}
			}
		},
		{
			"name": "glass_11",
			"from": [1.4, 0, 2.4],
			"to": [4.4, 0, 2.6],
			"rotation": {"angle": 0, "axis": "y", "origin": [-1.4, 6, 7.4]},
			"faces": {
				"north": {"uv": [15, 1, 16, 16], "rotation": 270, "texture": "#3"},
				"east": {"uv": [16, 1, 15, 2], "rotation": 180, "texture": "#3"},
				"south": {"uv": [15, 1, 16, 16], "rotation": 90, "texture": "#3"},
				"west": {"uv": [15, 15, 16, 16], "rotation": 180, "texture": "#3"},
				"up": {"uv": [15, 16, 16, 1], "rotation": 270, "texture": "#3"},
				"down": {"uv": [15, 1, 16, 16], "rotation": 90, "texture": "#3"}
			}
		},
		{
			"name": "glass_10",
			"from": [1.4, 0, 5.4],
			"to": [4.4, 0, 5.6],
			"rotation": {"angle": 0, "axis": "y", "origin": [-1.4, 6, 7.4]},
			"faces": {
				"north": {"uv": [0, 1, 1, 16], "rotation": 270, "texture": "#3"},
				"east": {"uv": [1, 1, 0, 2], "rotation": 180, "texture": "#3"},
				"south": {"uv": [0, 1, 1, 16], "rotation": 90, "texture": "#3"},
				"west": {"uv": [0, 15, 1, 16], "rotation": 180, "texture": "#3"},
				"up": {"uv": [0, 16, 1, 1], "rotation": 270, "texture": "#3"},
				"down": {"uv": [0, 1, 1, 16], "rotation": 90, "texture": "#3"}
			}
		},
		{
			"name": "glass_9",
			"from": [4.4, 0, 2.4],
			"to": [4.6, 0, 5.6],
			"rotation": {"angle": 0, "axis": "y", "origin": [-1.4, 6, 7.4]},
			"faces": {
				"north": {"uv": [15, 0, 16, 1], "rotation": 270, "texture": "#3"},
				"east": {"uv": [16, 0, 0, 1], "rotation": 180, "texture": "#3"},
				"south": {"uv": [0, 0, 1, 1], "rotation": 90, "texture": "#3"},
				"west": {"uv": [0, 0, 16, 1], "rotation": 180, "texture": "#3"},
				"up": {"uv": [0, 1, 16, 0], "rotation": 270, "texture": "#3"},
				"down": {"uv": [0, 0, 16, 1], "rotation": 90, "texture": "#3"}
			}
		},
		{
			"name": "glass_12",
			"from": [4, 0, 4.6],
			"to": [4.2, 0, 4.8],
			"rotation": {"angle": 0, "axis": "y", "origin": [-1.4, 6, 7.4]},
			"faces": {
				"north": {"uv": [4, 2, 5, 3], "rotation": 270, "texture": "#3"},
				"east": {"uv": [5, 2, 4, 3], "rotation": 180, "texture": "#3"},
				"south": {"uv": [4, 2, 5, 3], "rotation": 90, "texture": "#3"},
				"west": {"uv": [4, 2, 5, 3], "rotation": 180, "texture": "#3"},
				"up": {"uv": [4, 3, 5, 2], "rotation": 270, "texture": "#3"},
				"down": {"uv": [4, 2, 5, 3], "rotation": 90, "texture": "#3"}
			}
		},
		{
			"name": "glass_13",
			"from": [3.8, 0, 4.8],
			"to": [4, 0, 5],
			"rotation": {"angle": 0, "axis": "y", "origin": [-1.4, 6, 7.4]},
			"faces": {
				"north": {"uv": [3, 3, 4, 4], "rotation": 270, "texture": "#3"},
				"east": {"uv": [4, 3, 3, 4], "rotation": 180, "texture": "#3"},
				"south": {"uv": [3, 3, 4, 4], "rotation": 90, "texture": "#3"},
				"west": {"uv": [3, 3, 4, 4], "rotation": 180, "texture": "#3"},
				"up": {"uv": [3, 4, 4, 3], "rotation": 270, "texture": "#3"},
				"down": {"uv": [3, 3, 4, 4], "rotation": 90, "texture": "#3"}
			}
		},
		{
			"name": "glass_14",
			"from": [3.6, 0, 5],
			"to": [3.8, 0, 5.2],
			"rotation": {"angle": 0, "axis": "y", "origin": [-1.4, 6, 7.4]},
			"faces": {
				"north": {"uv": [2, 4, 3, 5], "rotation": 270, "texture": "#3"},
				"east": {"uv": [3, 4, 2, 5], "rotation": 180, "texture": "#3"},
				"south": {"uv": [2, 4, 3, 5], "rotation": 90, "texture": "#3"},
				"west": {"uv": [2, 4, 3, 5], "rotation": 180, "texture": "#3"},
				"up": {"uv": [2, 5, 3, 4], "rotation": 270, "texture": "#3"},
				"down": {"uv": [2, 4, 3, 5], "rotation": 90, "texture": "#3"}
			}
		},
		{
			"name": "glass_16",
			"from": [1.8, 0, 3],
			"to": [2, 0, 3.2],
			"rotation": {"angle": 0, "axis": "y", "origin": [-1.4, 6, 7.4]},
			"faces": {
				"north": {"uv": [12, 13, 13, 14], "rotation": 270, "texture": "#3"},
				"east": {"uv": [13, 13, 12, 14], "rotation": 180, "texture": "#3"},
				"south": {"uv": [12, 13, 13, 14], "rotation": 90, "texture": "#3"},
				"west": {"uv": [12, 13, 13, 14], "rotation": 180, "texture": "#3"},
				"up": {"uv": [12, 14, 13, 13], "rotation": 270, "texture": "#3"},
				"down": {"uv": [12, 13, 13, 14], "rotation": 90, "texture": "#3"}
			}
		},
		{
			"name": "glass_15",
			"from": [2, 0, 2.8],
			"to": [2.2, 0, 3],
			"rotation": {"angle": 0, "axis": "y", "origin": [-1.4, 6, 7.4]},
			"faces": {
				"north": {"uv": [13, 12, 14, 13], "rotation": 270, "texture": "#3"},
				"east": {"uv": [14, 12, 13, 13], "rotation": 180, "texture": "#3"},
				"south": {"uv": [13, 12, 14, 13], "rotation": 90, "texture": "#3"},
				"west": {"uv": [13, 12, 14, 13], "rotation": 180, "texture": "#3"},
				"up": {"uv": [13, 13, 14, 12], "rotation": 270, "texture": "#3"},
				"down": {"uv": [13, 12, 14, 13], "rotation": 90, "texture": "#3"}
			}
		},
		{
			"name": "glass_18",
			"from": [1.4, 0, 2.6],
			"to": [1.6, 0, 5.4],
			"rotation": {"angle": 0, "axis": "y", "origin": [-1.4, 6, 7.4]},
			"faces": {
				"north": {"uv": [14, 15, 15, 16], "rotation": 270, "texture": "#3"},
				"east": {"uv": [15, 15, 1, 16], "rotation": 180, "texture": "#3"},
				"south": {"uv": [1, 15, 2, 16], "rotation": 90, "texture": "#3"},
				"west": {"uv": [1, 15, 15, 16], "rotation": 180, "texture": "#3"},
				"up": {"uv": [1, 16, 15, 15], "rotation": 270, "texture": "#3"},
				"down": {"uv": [1, 15, 15, 16], "rotation": 90, "texture": "#3"}
			}
		},
		{
			"name": "glass_12",
			"from": [1.4, 0, 2.4],
			"to": [4.4, 0, 2.6],
			"rotation": {"angle": 0, "axis": "y", "origin": [-1.4, 6, 7.4]},
			"faces": {
				"north": {"uv": [15, 1, 16, 16], "rotation": 270, "texture": "#3"},
				"east": {"uv": [16, 1, 15, 2], "rotation": 180, "texture": "#3"},
				"south": {"uv": [15, 1, 16, 16], "rotation": 90, "texture": "#3"},
				"west": {"uv": [15, 15, 16, 16], "rotation": 180, "texture": "#3"},
				"up": {"uv": [15, 16, 16, 1], "rotation": 270, "texture": "#3"},
				"down": {"uv": [15, 1, 16, 16], "rotation": 90, "texture": "#3"}
			}
		},
		{
			"name": "glass_11",
			"from": [1.4, 0, 5.4],
			"to": [4.4, 0, 5.6],
			"rotation": {"angle": 0, "axis": "y", "origin": [-1.4, 6, 7.4]},
			"faces": {
				"north": {"uv": [0, 1, 1, 16], "rotation": 270, "texture": "#3"},
				"east": {"uv": [1, 1, 0, 2], "rotation": 180, "texture": "#3"},
				"south": {"uv": [0, 1, 1, 16], "rotation": 90, "texture": "#3"},
				"west": {"uv": [0, 15, 1, 16], "rotation": 180, "texture": "#3"},
				"up": {"uv": [0, 16, 1, 1], "rotation": 270, "texture": "#3"},
				"down": {"uv": [0, 1, 1, 16], "rotation": 90, "texture": "#3"}
			}
		},
		{
			"name": "glass_10",
			"from": [4.4, 0, 2.4],
			"to": [4.6, 0, 5.6],
			"rotation": {"angle": 0, "axis": "y", "origin": [-1.4, 6, 7.4]},
			"faces": {
				"north": {"uv": [15, 0, 16, 1], "rotation": 270, "texture": "#3"},
				"east": {"uv": [16, 0, 0, 1], "rotation": 180, "texture": "#3"},
				"south": {"uv": [0, 0, 1, 1], "rotation": 90, "texture": "#3"},
				"west": {"uv": [0, 0, 16, 1], "rotation": 180, "texture": "#3"},
				"up": {"uv": [0, 1, 16, 0], "rotation": 270, "texture": "#3"},
				"down": {"uv": [0, 0, 16, 1], "rotation": 90, "texture": "#3"}
			}
		},
		{
			"name": "glass_13",
			"from": [4, 0, 4.6],
			"to": [4.2, 0, 4.8],
			"rotation": {"angle": 0, "axis": "y", "origin": [-1.4, 6, 7.4]},
			"faces": {
				"north": {"uv": [4, 2, 5, 3], "rotation": 270, "texture": "#3"},
				"east": {"uv": [5, 2, 4, 3], "rotation": 180, "texture": "#3"},
				"south": {"uv": [4, 2, 5, 3], "rotation": 90, "texture": "#3"},
				"west": {"uv": [4, 2, 5, 3], "rotation": 180, "texture": "#3"},
				"up": {"uv": [4, 3, 5, 2], "rotation": 270, "texture": "#3"},
				"down": {"uv": [4, 2, 5, 3], "rotation": 90, "texture": "#3"}
			}
		},
		{
			"name": "glass_14",
			"from": [3.8, 0, 4.8],
			"to": [4, 0, 5],
			"rotation": {"angle": 0, "axis": "y", "origin": [-1.4, 6, 7.4]},
			"faces": {
				"north": {"uv": [3, 3, 4, 4], "rotation": 270, "texture": "#3"},
				"east": {"uv": [4, 3, 3, 4], "rotation": 180, "texture": "#3"},
				"south": {"uv": [3, 3, 4, 4], "rotation": 90, "texture": "#3"},
				"west": {"uv": [3, 3, 4, 4], "rotation": 180, "texture": "#3"},
				"up": {"uv": [3, 4, 4, 3], "rotation": 270, "texture": "#3"},
				"down": {"uv": [3, 3, 4, 4], "rotation": 90, "texture": "#3"}
			}
		},
		{
			"name": "glass_15",
			"from": [3.6, 0, 5],
			"to": [3.8, 0, 5.2],
			"rotation": {"angle": 0, "axis": "y", "origin": [-1.4, 6, 7.4]},
			"faces": {
				"north": {"uv": [2, 4, 3, 5], "rotation": 270, "texture": "#3"},
				"east": {"uv": [3, 4, 2, 5], "rotation": 180, "texture": "#3"},
				"south": {"uv": [2, 4, 3, 5], "rotation": 90, "texture": "#3"},
				"west": {"uv": [2, 4, 3, 5], "rotation": 180, "texture": "#3"},
				"up": {"uv": [2, 5, 3, 4], "rotation": 270, "texture": "#3"},
				"down": {"uv": [2, 4, 3, 5], "rotation": 90, "texture": "#3"}
			}
		},
		{
			"name": "glass_17",
			"from": [1.8, 0, 3],
			"to": [2, 0, 3.2],
			"rotation": {"angle": 0, "axis": "y", "origin": [-1.4, 6, 7.4]},
			"faces": {
				"north": {"uv": [12, 13, 13, 14], "rotation": 270, "texture": "#3"},
				"east": {"uv": [13, 13, 12, 14], "rotation": 180, "texture": "#3"},
				"south": {"uv": [12, 13, 13, 14], "rotation": 90, "texture": "#3"},
				"west": {"uv": [12, 13, 13, 14], "rotation": 180, "texture": "#3"},
				"up": {"uv": [12, 14, 13, 13], "rotation": 270, "texture": "#3"},
				"down": {"uv": [12, 13, 13, 14], "rotation": 90, "texture": "#3"}
			}
		},
		{
			"name": "glass_16",
			"from": [2, 0, 2.8],
			"to": [2.2, 0, 3],
			"rotation": {"angle": 0, "axis": "y", "origin": [-1.4, 6, 7.4]},
			"faces": {
				"north": {"uv": [13, 12, 14, 13], "rotation": 270, "texture": "#3"},
				"east": {"uv": [14, 12, 13, 13], "rotation": 180, "texture": "#3"},
				"south": {"uv": [13, 12, 14, 13], "rotation": 90, "texture": "#3"},
				"west": {"uv": [13, 12, 14, 13], "rotation": 180, "texture": "#3"},
				"up": {"uv": [13, 13, 14, 12], "rotation": 270, "texture": "#3"},
				"down": {"uv": [13, 12, 14, 13], "rotation": 90, "texture": "#3"}
			}
		},
		{
			"name": "glass_18",
			"from": [1.4, 3.2, 2.6],
			"to": [1.6, 3.2, 5.4],
			"rotation": {"angle": 0, "axis": "y", "origin": [-1.4, 9.2, 7.4]},
			"faces": {
				"north": {"uv": [14, 15, 15, 16], "rotation": 270, "texture": "#3"},
				"east": {"uv": [15, 15, 1, 16], "rotation": 180, "texture": "#3"},
				"south": {"uv": [1, 15, 2, 16], "rotation": 90, "texture": "#3"},
				"west": {"uv": [1, 15, 15, 16], "rotation": 180, "texture": "#3"},
				"up": {"uv": [1, 16, 15, 15], "rotation": 270, "texture": "#3"},
				"down": {"uv": [1, 15, 15, 16], "rotation": 90, "texture": "#3"}
			}
		},
		{
			"name": "glass_12",
			"from": [1.4, 3.2, 2.4],
			"to": [4.4, 3.2, 2.6],
			"rotation": {"angle": 0, "axis": "y", "origin": [-1.4, 9.2, 7.4]},
			"faces": {
				"north": {"uv": [15, 1, 16, 16], "rotation": 270, "texture": "#3"},
				"east": {"uv": [16, 1, 15, 2], "rotation": 180, "texture": "#3"},
				"south": {"uv": [15, 1, 16, 16], "rotation": 90, "texture": "#3"},
				"west": {"uv": [15, 15, 16, 16], "rotation": 180, "texture": "#3"},
				"up": {"uv": [15, 16, 16, 1], "rotation": 270, "texture": "#3"},
				"down": {"uv": [15, 1, 16, 16], "rotation": 90, "texture": "#3"}
			}
		},
		{
			"name": "glass_11",
			"from": [1.4, 3.2, 5.4],
			"to": [4.4, 3.2, 5.6],
			"rotation": {"angle": 0, "axis": "y", "origin": [-1.4, 9.2, 7.4]},
			"faces": {
				"north": {"uv": [0, 1, 1, 16], "rotation": 270, "texture": "#3"},
				"east": {"uv": [1, 1, 0, 2], "rotation": 180, "texture": "#3"},
				"south": {"uv": [0, 1, 1, 16], "rotation": 90, "texture": "#3"},
				"west": {"uv": [0, 15, 1, 16], "rotation": 180, "texture": "#3"},
				"up": {"uv": [0, 16, 1, 1], "rotation": 270, "texture": "#3"},
				"down": {"uv": [0, 1, 1, 16], "rotation": 90, "texture": "#3"}
			}
		},
		{
			"name": "glass_10",
			"from": [4.4, 3.2, 2.4],
			"to": [4.6, 3.2, 5.6],
			"rotation": {"angle": 0, "axis": "y", "origin": [-1.4, 9.2, 7.4]},
			"faces": {
				"north": {"uv": [15, 0, 16, 1], "rotation": 270, "texture": "#3"},
				"east": {"uv": [16, 0, 0, 1], "rotation": 180, "texture": "#3"},
				"south": {"uv": [0, 0, 1, 1], "rotation": 90, "texture": "#3"},
				"west": {"uv": [0, 0, 16, 1], "rotation": 180, "texture": "#3"},
				"up": {"uv": [0, 1, 16, 0], "rotation": 270, "texture": "#3"},
				"down": {"uv": [0, 0, 16, 1], "rotation": 90, "texture": "#3"}
			}
		},
		{
			"name": "glass_13",
			"from": [4, 3.2, 4.6],
			"to": [4.2, 3.2, 4.8],
			"rotation": {"angle": 0, "axis": "y", "origin": [-1.4, 9.2, 7.4]},
			"faces": {
				"north": {"uv": [4, 2, 5, 3], "rotation": 270, "texture": "#3"},
				"east": {"uv": [5, 2, 4, 3], "rotation": 180, "texture": "#3"},
				"south": {"uv": [4, 2, 5, 3], "rotation": 90, "texture": "#3"},
				"west": {"uv": [4, 2, 5, 3], "rotation": 180, "texture": "#3"},
				"up": {"uv": [4, 3, 5, 2], "rotation": 270, "texture": "#3"},
				"down": {"uv": [4, 2, 5, 3], "rotation": 90, "texture": "#3"}
			}
		},
		{
			"name": "glass_14",
			"from": [3.8, 3.2, 4.8],
			"to": [4, 3.2, 5],
			"rotation": {"angle": 0, "axis": "y", "origin": [-1.4, 9.2, 7.4]},
			"faces": {
				"north": {"uv": [3, 3, 4, 4], "rotation": 270, "texture": "#3"},
				"east": {"uv": [4, 3, 3, 4], "rotation": 180, "texture": "#3"},
				"south": {"uv": [3, 3, 4, 4], "rotation": 90, "texture": "#3"},
				"west": {"uv": [3, 3, 4, 4], "rotation": 180, "texture": "#3"},
				"up": {"uv": [3, 4, 4, 3], "rotation": 270, "texture": "#3"},
				"down": {"uv": [3, 3, 4, 4], "rotation": 90, "texture": "#3"}
			}
		},
		{
			"name": "glass_15",
			"from": [3.6, 3.2, 5],
			"to": [3.8, 3.2, 5.2],
			"rotation": {"angle": 0, "axis": "y", "origin": [-1.4, 9.2, 7.4]},
			"faces": {
				"north": {"uv": [2, 4, 3, 5], "rotation": 270, "texture": "#3"},
				"east": {"uv": [3, 4, 2, 5], "rotation": 180, "texture": "#3"},
				"south": {"uv": [2, 4, 3, 5], "rotation": 90, "texture": "#3"},
				"west": {"uv": [2, 4, 3, 5], "rotation": 180, "texture": "#3"},
				"up": {"uv": [2, 5, 3, 4], "rotation": 270, "texture": "#3"},
				"down": {"uv": [2, 4, 3, 5], "rotation": 90, "texture": "#3"}
			}
		},
		{
			"name": "glass_17",
			"from": [1.8, 3.2, 3],
			"to": [2, 3.2, 3.2],
			"rotation": {"angle": 0, "axis": "y", "origin": [-1.4, 9.2, 7.4]},
			"faces": {
				"north": {"uv": [12, 13, 13, 14], "rotation": 270, "texture": "#3"},
				"east": {"uv": [13, 13, 12, 14], "rotation": 180, "texture": "#3"},
				"south": {"uv": [12, 13, 13, 14], "rotation": 90, "texture": "#3"},
				"west": {"uv": [12, 13, 13, 14], "rotation": 180, "texture": "#3"},
				"up": {"uv": [12, 14, 13, 13], "rotation": 270, "texture": "#3"},
				"down": {"uv": [12, 13, 13, 14], "rotation": 90, "texture": "#3"}
			}
		},
		{
			"name": "glass_16",
			"from": [2, 3.2, 2.8],
			"to": [2.2, 3.2, 3],
			"rotation": {"angle": 0, "axis": "y", "origin": [-1.4, 9.2, 7.4]},
			"faces": {
				"north": {"uv": [13, 12, 14, 13], "rotation": 270, "texture": "#3"},
				"east": {"uv": [14, 12, 13, 13], "rotation": 180, "texture": "#3"},
				"south": {"uv": [13, 12, 14, 13], "rotation": 90, "texture": "#3"},
				"west": {"uv": [13, 12, 14, 13], "rotation": 180, "texture": "#3"},
				"up": {"uv": [13, 13, 14, 12], "rotation": 270, "texture": "#3"},
				"down": {"uv": [13, 12, 14, 13], "rotation": 90, "texture": "#3"}
			}
		},
		{
			"name": "glass_19",
			"from": [1.4, 3.2, 2.6],
			"to": [1.6, 3.2, 5.4],
			"rotation": {"angle": 0, "axis": "y", "origin": [-1.4, 9.2, 7.4]},
			"faces": {
				"north": {"uv": [14, 15, 15, 16], "rotation": 270, "texture": "#3"},
				"east": {"uv": [15, 15, 1, 16], "rotation": 180, "texture": "#3"},
				"south": {"uv": [1, 15, 2, 16], "rotation": 90, "texture": "#3"},
				"west": {"uv": [1, 15, 15, 16], "rotation": 180, "texture": "#3"},
				"up": {"uv": [1, 16, 15, 15], "rotation": 270, "texture": "#3"},
				"down": {"uv": [1, 15, 15, 16], "rotation": 90, "texture": "#3"}
			}
		},
		{
			"name": "glass_13",
			"from": [1.4, 3.2, 2.4],
			"to": [4.4, 3.2, 2.6],
			"rotation": {"angle": 0, "axis": "y", "origin": [-1.4, 9.2, 7.4]},
			"faces": {
				"north": {"uv": [15, 1, 16, 16], "rotation": 270, "texture": "#3"},
				"east": {"uv": [16, 1, 15, 2], "rotation": 180, "texture": "#3"},
				"south": {"uv": [15, 1, 16, 16], "rotation": 90, "texture": "#3"},
				"west": {"uv": [15, 15, 16, 16], "rotation": 180, "texture": "#3"},
				"up": {"uv": [15, 16, 16, 1], "rotation": 270, "texture": "#3"},
				"down": {"uv": [15, 1, 16, 16], "rotation": 90, "texture": "#3"}
			}
		},
		{
			"name": "glass_12",
			"from": [1.4, 3.2, 5.4],
			"to": [4.4, 3.2, 5.6],
			"rotation": {"angle": 0, "axis": "y", "origin": [-1.4, 9.2, 7.4]},
			"faces": {
				"north": {"uv": [0, 1, 1, 16], "rotation": 270, "texture": "#3"},
				"east": {"uv": [1, 1, 0, 2], "rotation": 180, "texture": "#3"},
				"south": {"uv": [0, 1, 1, 16], "rotation": 90, "texture": "#3"},
				"west": {"uv": [0, 15, 1, 16], "rotation": 180, "texture": "#3"},
				"up": {"uv": [0, 16, 1, 1], "rotation": 270, "texture": "#3"},
				"down": {"uv": [0, 1, 1, 16], "rotation": 90, "texture": "#3"}
			}
		},
		{
			"name": "glass_11",
			"from": [4.4, 3.2, 2.4],
			"to": [4.6, 3.2, 5.6],
			"rotation": {"angle": 0, "axis": "y", "origin": [-1.4, 9.2, 7.4]},
			"faces": {
				"north": {"uv": [15, 0, 16, 1], "rotation": 270, "texture": "#3"},
				"east": {"uv": [16, 0, 0, 1], "rotation": 180, "texture": "#3"},
				"south": {"uv": [0, 0, 1, 1], "rotation": 90, "texture": "#3"},
				"west": {"uv": [0, 0, 16, 1], "rotation": 180, "texture": "#3"},
				"up": {"uv": [0, 1, 16, 0], "rotation": 270, "texture": "#3"},
				"down": {"uv": [0, 0, 16, 1], "rotation": 90, "texture": "#3"}
			}
		},
		{
			"name": "glass_14",
			"from": [4, 3.2, 4.6],
			"to": [4.2, 3.2, 4.8],
			"rotation": {"angle": 0, "axis": "y", "origin": [-1.4, 9.2, 7.4]},
			"faces": {
				"north": {"uv": [4, 2, 5, 3], "rotation": 270, "texture": "#3"},
				"east": {"uv": [5, 2, 4, 3], "rotation": 180, "texture": "#3"},
				"south": {"uv": [4, 2, 5, 3], "rotation": 90, "texture": "#3"},
				"west": {"uv": [4, 2, 5, 3], "rotation": 180, "texture": "#3"},
				"up": {"uv": [4, 3, 5, 2], "rotation": 270, "texture": "#3"},
				"down": {"uv": [4, 2, 5, 3], "rotation": 90, "texture": "#3"}
			}
		},
		{
			"name": "glass_15",
			"from": [3.8, 3.2, 4.8],
			"to": [4, 3.2, 5],
			"rotation": {"angle": 0, "axis": "y", "origin": [-1.4, 9.2, 7.4]},
			"faces": {
				"north": {"uv": [3, 3, 4, 4], "rotation": 270, "texture": "#3"},
				"east": {"uv": [4, 3, 3, 4], "rotation": 180, "texture": "#3"},
				"south": {"uv": [3, 3, 4, 4], "rotation": 90, "texture": "#3"},
				"west": {"uv": [3, 3, 4, 4], "rotation": 180, "texture": "#3"},
				"up": {"uv": [3, 4, 4, 3], "rotation": 270, "texture": "#3"},
				"down": {"uv": [3, 3, 4, 4], "rotation": 90, "texture": "#3"}
			}
		},
		{
			"name": "glass_16",
			"from": [3.6, 3.2, 5],
			"to": [3.8, 3.2, 5.2],
			"rotation": {"angle": 0, "axis": "y", "origin": [-1.4, 9.2, 7.4]},
			"faces": {
				"north": {"uv": [2, 4, 3, 5], "rotation": 270, "texture": "#3"},
				"east": {"uv": [3, 4, 2, 5], "rotation": 180, "texture": "#3"},
				"south": {"uv": [2, 4, 3, 5], "rotation": 90, "texture": "#3"},
				"west": {"uv": [2, 4, 3, 5], "rotation": 180, "texture": "#3"},
				"up": {"uv": [2, 5, 3, 4], "rotation": 270, "texture": "#3"},
				"down": {"uv": [2, 4, 3, 5], "rotation": 90, "texture": "#3"}
			}
		},
		{
			"name": "glass_18",
			"from": [1.8, 3.2, 3],
			"to": [2, 3.2, 3.2],
			"rotation": {"angle": 0, "axis": "y", "origin": [-1.4, 9.2, 7.4]},
			"faces": {
				"north": {"uv": [12, 13, 13, 14], "rotation": 270, "texture": "#3"},
				"east": {"uv": [13, 13, 12, 14], "rotation": 180, "texture": "#3"},
				"south": {"uv": [12, 13, 13, 14], "rotation": 90, "texture": "#3"},
				"west": {"uv": [12, 13, 13, 14], "rotation": 180, "texture": "#3"},
				"up": {"uv": [12, 14, 13, 13], "rotation": 270, "texture": "#3"},
				"down": {"uv": [12, 13, 13, 14], "rotation": 90, "texture": "#3"}
			}
		},
		{
			"name": "glass_17",
			"from": [2, 3.2, 2.8],
			"to": [2.2, 3.2, 3],
			"rotation": {"angle": 0, "axis": "y", "origin": [-1.4, 9.2, 7.4]},
			"faces": {
				"north": {"uv": [13, 12, 14, 13], "rotation": 270, "texture": "#3"},
				"east": {"uv": [14, 12, 13, 13], "rotation": 180, "texture": "#3"},
				"south": {"uv": [13, 12, 14, 13], "rotation": 90, "texture": "#3"},
				"west": {"uv": [13, 12, 14, 13], "rotation": 180, "texture": "#3"},
				"up": {"uv": [13, 13, 14, 12], "rotation": 270, "texture": "#3"},
				"down": {"uv": [13, 12, 14, 13], "rotation": 90, "texture": "#3"}
			}
		},
		{
			"from": [1.425, 0.1, 2.45],
			"to": [4.55, 2.1, 5.55],
			"rotation": {"angle": 0, "axis": "y", "origin": [1.5, 0.1, 3.5]},
			"faces": {
				"north": {"uv": [0, 0, 3, 2], "texture": "#5"},
				"east": {"uv": [0, 0, 3, 2], "texture": "#5"},
				"south": {"uv": [0, 0, 3, 2], "texture": "#5"},
				"west": {"uv": [0, 0, 3, 2], "texture": "#5"},
				"up": {"uv": [0, 0, 3, 3], "texture": "#5"},
				"down": {"uv": [0, 0, 3, 3], "texture": "#5"}
			}
		},
		{
			"from": [1.75, 4, 2.8],
			"to": [4.15, 5, 5.2],
			"rotation": {"angle": 0, "axis": "y", "origin": [1.95, 4, 3]},
			"faces": {
				"north": {"uv": [0, 0, 2, 1], "texture": "#17"},
				"east": {"uv": [0, 0, 2, 1], "texture": "#17"},
				"south": {"uv": [0, 0, 2, 1], "texture": "#17"},
				"west": {"uv": [0, 0, 2, 1], "texture": "#17"},
				"up": {"uv": [0, 0, 2, 2], "texture": "#17"},
				"down": {"uv": [0, 0, 2, 2], "texture": "#17"}
			}
		}
	],
	"display": {
		"thirdperson_righthand": {
			"rotation": [75, 45, 0],
			"translation": [0, 2.5, 0],
			"scale": [0.375, 0.375, 0.375]
		},
		"thirdperson_lefthand": {
			"rotation": [75, 45, 0],
			"translation": [0, 2.5, 0],
			"scale": [0.375, 0.375, 0.375]
		},
		"firstperson_righthand": {
			"rotation": [0, 45, 0],
			"scale": [0.4, 0.4, 0.4]
		},
		"firstperson_lefthand": {
			"rotation": [0, 45, 0],
			"scale": [0.4, 0.4, 0.4]
		},
		"ground": {
			"translation": [0, 3, 0],
			"scale": [0.25, 0.25, 0.25]
		},
		"gui": {
			"rotation": [30, 225, 0],
			"translation": [0, -0.5, 0],
			"scale": [0.625, 0.625, 0.625]
		},
		"fixed": {
			"rotation": [-90, 0, 0],
			"translation": [0, 0, -7.25]
		}
	},
	"groups": [
		{
			"name": "Glass",
			"origin": [9.6, 7, 6.4],
			"color": 0,
			"children": []
		},
		{
			"name": "Glass",
			"origin": [9.6, 7, 6.4],
			"color": 0,
			"children": []
		},
		{
			"name": "Glass",
			"origin": [9.6, 7, 6.4],
			"color": 0,
			"children": []
		},
		{
			"name": "Glass",
			"origin": [9.6, 7, 6.4],
			"color": 0,
			"children": []
		},
		{
			"name": "Glass",
			"origin": [9.6, 7, 6.4],
			"color": 0,
			"children": []
		},
		{
			"name": "Glass",
			"origin": [9.6, 7, 6.4],
			"color": 0,
			"children": []
		},
		{
			"name": "Glass",
			"origin": [9.6, 7, 6.4],
			"color": 0,
			"children": [
				{
					"name": "group",
					"origin": [2.8, 1, 12.4],
					"color": 0,
					"children": [
						{
							"name": "group",
							"origin": [2.8, 1, 12.4],
							"color": 0,
							"children": []
						},
						{
							"name": "group",
							"origin": [2.8, 1, 12.4],
							"color": 0,
							"children": [
								{
									"name": "group",
									"origin": [2.8, 1, 12.4],
									"color": 0,
									"children": []
								}
							]
						}
					]
				}
			]
		},
		{
			"name": "Glass",
			"origin": [9.6, 7, 6.4],
			"color": 0,
			"children": [
				{
					"name": "group",
					"origin": [5.6, 16.7, 4.9],
					"color": 0,
					"children": []
				},
				{
					"name": "group",
					"origin": [5.6, 16.7, 4.9],
					"color": 0,
					"children": []
				}
			]
		},
		{
			"name": "Glass",
			"origin": [9.6, 7, 6.4],
			"color": 0,
			"children": [
				{
					"name": "group",
					"origin": [5.6, 16.7, 4.9],
					"color": 0,
					"children": []
				},
				{
					"name": "group",
					"origin": [5.6, 16.7, 4.9],
					"color": 0,
					"children": []
				}
			]
		},
		{
			"name": "Glass",
			"origin": [9.6, 7, 6.4],
			"color": 0,
			"children": [
				{
					"name": "group",
					"origin": [12, 13, 10.4],
					"color": 0,
					"children": []
				},
				{
					"name": "group",
					"origin": [12, 13, 10.4],
					"color": 0,
					"children": []
				}
			]
		},
		{
			"name": "Glass",
			"origin": [9.6, 7, 6.4],
			"color": 0,
			"children": [
				{
					"name": "group",
					"origin": [12, 13, 10.4],
					"color": 0,
					"children": []
				},
				{
					"name": "group",
					"origin": [12, 13, 10.4],
					"color": 0,
					"children": []
				}
			]
		},
		{
			"name": "Glass",
			"origin": [9.6, 7, 6.4],
			"color": 0,
			"children": [
				{
					"name": "group",
					"origin": [12, 13, 10.4],
					"color": 0,
					"children": []
				},
				{
					"name": "group",
					"origin": [12, 13, 10.4],
					"color": 0,
					"children": []
				}
			]
		},
		{
			"name": "candle",
			"origin": [10, 16, 15.5],
			"color": 0,
			"children": []
		},
		{
			"name": "candle",
			"origin": [10, 16, 15.5],
			"color": 0,
			"children": []
		},
		0,
		1,
		2,
		3,
		4,
		{
			"name": "SIDES",
			"origin": [0, 0, 0],
			"color": 0,
			"children": []
		},
		{
			"name": "FRONT",
			"origin": [-13, 0, 0],
			"color": 0,
			"children": []
		},
		{
			"name": "INTERIOR",
			"origin": [0, -0.75, 30],
			"color": 0,
			"children": [
				{
					"name": "LOGS",
					"origin": [6.1, 4, 6.2],
					"color": 0,
					"children": [5, 6, 7]
				}
			]
		},
		{
			"name": "TOP",
			"origin": [0, 0, 30],
			"color": 0,
			"children": []
		},
		{
			"name": "EXTRAS",
			"origin": [0, 0, -14],
			"color": 0,
			"children": [
				{
					"name": "Tongs",
					"origin": [8, 8, 8],
					"color": 0,
					"children": [
						{
							"name": "first",
							"origin": [4.7, 16, 0.95],
							"color": 0,
							"children": []
						},
						{
							"name": "second",
							"origin": [4.7, 16, 0.95],
							"color": 0,
							"children": []
						}
					]
				},
				{
					"name": "Chimney",
					"origin": [19, 0, -1],
					"color": 0,
					"children": []
				}
			]
		},
		{
			"name": "BOTTOM",
			"origin": [0, 0, 0],
			"color": 0,
			"children": []
		},
		8,
		9,
		10,
		11,
		12,
		13,
		14,
		15,
		16,
		17,
		18,
		19,
		20,
		21,
		22,
		23,
		24,
		25,
		26,
		27,
		28,
		29,
		30,
		{
			"name": "bottle",
			"origin": [12.5, 4.1, 7.5],
			"color": 0,
			"children": [
				31,
				32,
				33,
				34,
				35,
				36,
				37,
				38,
				39,
				40,
				41,
				42,
				43,
				44,
				45,
				46,
				47,
				48,
				49,
				50,
				51,
				52,
				53,
				54,
				55,
				56,
				57,
				58,
				59,
				60,
				61,
				62,
				63,
				64,
				65,
				66,
				67,
				68,
				69,
				70,
				71,
				72,
				73,
				74,
				75,
				76,
				77,
				78,
				79,
				80,
				81,
				82,
				83,
				84,
				85,
				86,
				87,
				88,
				89,
				90,
				91,
				92,
				93,
				94,
				95,
				96,
				97,
				98,
				99,
				100,
				101,
				102,
				103,
				104,
				105,
				106,
				107,
				108,
				109,
				110,
				111,
				112,
				113,
				114,
				115,
				116,
				117,
				118,
				119,
				120,
				121,
				122,
				123,
				124,
				125,
				126,
				127,
				128,
				129,
				130,
				131,
				132,
				133,
				134,
				135,
				136,
				137,
				138,
				139,
				140,
				141,
				142,
				143,
				144,
				145,
				146,
				147,
				148,
				149,
				150,
				151,
				152,
				153,
				154,
				155,
				156
			]
		},
		157
	]
}