{
	"credit": "Made with Blockbench",
	"elements": [
		{
			"from": [4.3, -0.7, 6],
			"to": [11.7, 1.3, 10],
			"rotation": {"angle": 0, "axis": "y", "origin": [0, -0.7, 0]},
			"faces": {
				"north": {"uv": [5, 14, 11, 16], "texture": "#missing"},
				"east": {"uv": [6, 14, 10, 16], "texture": "#missing"},
				"south": {"uv": [5, 14, 11, 16], "texture": "#missing"},
				"west": {"uv": [6, 14, 10, 16], "texture": "#missing"},
				"up": {"uv": [5, 6, 11, 10], "texture": "#missing"},
				"down": {"uv": [5, 6, 11, 10], "texture": "#missing", "cullface": "down"}
			}
		},
		{
			"from": [3.3, -2, 4.7],
			"to": [12.7, 1, 11.3],
			"faces": {
				"north": {"uv": [5, 14, 11, 16], "texture": "#missing"},
				"east": {"uv": [6, 14, 10, 16], "texture": "#missing"},
				"south": {"uv": [5, 14, 11, 16], "texture": "#missing"},
				"west": {"uv": [6, 14, 10, 16], "texture": "#missing"},
				"up": {"uv": [5, 6, 11, 10], "texture": "#missing"},
				"down": {"uv": [5, 6, 11, 10], "texture": "#missing", "cullface": "down"}
			}
		}
	]
}