{
	"credit": "Made with Blockbench",
	"parent": "block/block",
	"elements": [
		{
			"from": [4.3, 6, 6],
			"to": [11.7, 10, 8],
			"rotation": {"angle": 0, "axis": "x", "origin": [0, 0, 8]},
			"color": 6,
			"faces": {
				"north": {"uv": [5, 6, 11, 10], "rotation": 180, "texture": "#missing"},
				"east": {"uv": [6, 14, 10, 16], "rotation": 90, "texture": "#missing"},
				"south": {"uv": [5, 6, 11, 10], "texture": "#missing", "cullface": "down"},
				"west": {"uv": [6, 14, 10, 16], "rotation": 270, "texture": "#missing"},
				"up": {"uv": [5, 14, 11, 16], "texture": "#missing"},
				"down": {"uv": [5, 14, 11, 16], "rotation": 180, "texture": "#missing"}
			}
		},
		{
			"from": [3.3, 4.7, 7],
			"to": [12.7, 11.3, 10],
			"rotation": {"angle": 0, "axis": "x", "origin": [0, 0, 8]},
			"color": 2,
			"faces": {
				"north": {"uv": [5, 6, 11, 10], "rotation": 180, "texture": "#missing"},
				"east": {"uv": [6, 14, 10, 16], "rotation": 90, "texture": "#missing"},
				"south": {"uv": [5, 6, 11, 10], "texture": "#missing", "cullface": "down"},
				"west": {"uv": [6, 14, 10, 16], "rotation": 270, "texture": "#missing"},
				"up": {"uv": [5, 14, 11, 16], "texture": "#missing"},
				"down": {"uv": [5, 14, 11, 16], "rotation": 180, "texture": "#missing"}
			}
		}
	]
}