{
	"credit": "Made with Blockbench",
	"parent": "minecraft:block/template_chiseled_bookshelf_slot_bottom_mid",
	"textures": {
		"4": "block/sandstone_top",
		"9": "block/magenta_terracotta",
		"11": "block/bamboo_planks",
		"particle": "block/stripped_dark_oak_log"
	},
	"elements": [
		{
			"from": [6.2, 2, 1],
			"to": [7.2, 7.5, 6],
			"rotation": {"angle": 0, "axis": "y", "origin": [7.7, 2, 2]},
			"faces": {
				"north": {"uv": [0, 0, 1, 5.5], "texture": "#9"},
				"east": {"uv": [0, 0, 5, 5.5], "texture": "#9"},
				"south": {"uv": [0, 0, 1, 5.5], "texture": "#9"},
				"west": {"uv": [0, 0, 5, 5.5], "texture": "#9"},
				"up": {"uv": [0, 0, 1, 5], "texture": "#9"},
				"down": {"uv": [0, 0, 1, 5], "texture": "#9"}
			}
		},
		{
			"from": [7.2, 2, 1],
			"to": [8.7, 7.5, 2],
			"rotation": {"angle": 0, "axis": "y", "origin": [7.7, 2, 2]},
			"faces": {
				"north": {"uv": [0, 0, 1.5, 5.5], "texture": "#9"},
				"east": {"uv": [0, 0, 1, 5.5], "texture": "#9"},
				"south": {"uv": [0, 0, 1.5, 5.5], "texture": "#9"},
				"west": {"uv": [0, 0, 1, 5.5], "texture": "#9"},
				"up": {"uv": [0, 0, 1.5, 1], "texture": "#9"},
				"down": {"uv": [0, 0, 1.5, 1], "texture": "#9"}
			}
		},
		{
			"from": [7.2, 2.3, 2],
			"to": [8.7, 7.2, 5.8],
			"rotation": {"angle": 0, "axis": "y", "origin": [7.7, 2, 2]},
			"faces": {
				"north": {"uv": [0, 0, 1.5, 4.9], "texture": "#4"},
				"east": {"uv": [0, 0, 3.8, 4.9], "texture": "#4"},
				"south": {"uv": [0, 0, 1.5, 4.9], "texture": "#4"},
				"west": {"uv": [0, 0, 3.8, 4.9], "texture": "#4"},
				"up": {"uv": [5, 7, 6.5, 10.8], "texture": "#4"},
				"down": {"uv": [0, 0, 1.5, 3.8], "texture": "#4"}
			}
		},
		{
			"from": [8.7, 2, 1],
			"to": [9.7, 7.5, 6],
			"rotation": {"angle": 0, "axis": "y", "origin": [7.7, 2, 2]},
			"faces": {
				"north": {"uv": [0, 0, 1, 5.5], "texture": "#9"},
				"east": {"uv": [0, 0, 5, 5.5], "texture": "#9"},
				"south": {"uv": [0, 0, 1, 5.5], "texture": "#9"},
				"west": {"uv": [0, 0, 5, 5.5], "texture": "#9"},
				"up": {"uv": [0, 0, 1, 5], "texture": "#9"},
				"down": {"uv": [0, 0, 1, 5], "texture": "#9"}
			}
		},
		{
			"from": [8.7, 3.4, 5.9],
			"to": [9.7, 4.1, 6.1],
			"rotation": {"angle": 0, "axis": "y", "origin": [7.7, 2, 2]},
			"faces": {
				"north": {"uv": [0, 0, 1, 0.7], "texture": "#11"},
				"east": {"uv": [0, 0, 0.2, 0.7], "texture": "#11"},
				"south": {"uv": [0, 0, 1, 0.7], "texture": "#11"},
				"west": {"uv": [0, 0, 0.2, 0.7], "texture": "#11"},
				"up": {"uv": [0, 0, 1, 0.2], "texture": "#11"},
				"down": {"uv": [0, 0, 1, 0.2], "texture": "#11"}
			}
		},
		{
			"from": [6.2, 3.4, 5.9],
			"to": [7.2, 4.1, 6.1],
			"rotation": {"angle": 0, "axis": "y", "origin": [8.2, 1, 1]},
			"faces": {
				"north": {"uv": [1, 0, 2, 0.7], "texture": "#11"},
				"east": {"uv": [0.2, 0, 0.4, 0.7], "texture": "#11"},
				"south": {"uv": [1, 0, 2, 0.7], "texture": "#11"},
				"west": {"uv": [0.2, 0, 0.4, 0.7], "texture": "#11"},
				"up": {"uv": [1, 0, 2, 0.2], "texture": "#11"},
				"down": {"uv": [1, 0, 2, 0.2], "texture": "#11"}
			}
		},
		{
			"from": [6.1, 3.4, 0.9],
			"to": [6.2, 4.1, 6.1],
			"rotation": {"angle": 0, "axis": "y", "origin": [7.7, 2, 2]},
			"faces": {
				"north": {"uv": [0.1, 0, 0.2, 0.7], "texture": "#11"},
				"east": {"uv": [5.2, 0, 10.4, 0.7], "texture": "#11"},
				"south": {"uv": [0.1, 0, 0.2, 0.7], "texture": "#11"},
				"west": {"uv": [5.2, 0, 10.4, 0.7], "texture": "#11"},
				"up": {"uv": [1.1, 2, 1.2, 7.2], "texture": "#11"},
				"down": {"uv": [0.1, 0, 0.2, 5.2], "texture": "#11"}
			}
		},
		{
			"from": [9.7, 3.4, 0.9],
			"to": [9.8, 4.1, 6.1],
			"rotation": {"angle": 0, "axis": "y", "origin": [7.7, 2, 2]},
			"faces": {
				"north": {"uv": [0, 0, 0.1, 0.7], "texture": "#11"},
				"east": {"uv": [1, 2, 6.2, 2.7], "texture": "#11"},
				"south": {"uv": [0, 0, 0.1, 0.7], "texture": "#11"},
				"west": {"uv": [0, 0, 5.2, 0.7], "texture": "#11"},
				"up": {"uv": [0, 0, 0.1, 5.2], "texture": "#11"},
				"down": {"uv": [0, 0, 0.1, 5.2], "texture": "#11"}
			}
		},
		{
			"from": [6.2, 3.4, 0.9],
			"to": [9.7, 4.1, 1],
			"rotation": {"angle": 0, "axis": "y", "origin": [7.7, 2, 2]},
			"faces": {
				"north": {"uv": [1, 2, 4.5, 2.7], "texture": "#11"},
				"east": {"uv": [0, 0, 0.1, 0.7], "texture": "#11"},
				"south": {"uv": [0, 0, 3.5, 0.7], "texture": "#11"},
				"west": {"uv": [0, 0, 0.1, 0.7], "texture": "#11"},
				"up": {"uv": [0, 0, 3.5, 0.1], "texture": "#11"},
				"down": {"uv": [0, 0, 3.5, 0.1], "texture": "#11"}
			}
		}
	],
	"groups": [
		{
			"name": "Book",
			"origin": [7.7, 8, -11],
			"color": 0,
			"children": [0, 1, 2, 3, 4, 5, 6, 7, 8]
		}
	]
}