{
	"credit": "Made with Blockbench",
	"textures": {
		"2": "block/azalea_leaves",
		"4": "block/pumpkin_side",
		"5": "block/pumpkin_top",
		"particle": "block/composter_compost",
		"inside": "block/composter_compost"
	},
	"elements": [
		{
			"from": [2, 0, 2],
			"to": [14, 11, 14],
			"faces": {
				"up": {"uv": [2, 2, 14, 14], "texture": "#inside"}
			}
		},
		{
			"from": [6, 5.5, 3.5],
			"to": [11, 10.5, 8.5],
			"rotation": {"angle": 22.5, "axis": "z", "origin": [6.5, 8, 4]},
			"faces": {
				"north": {"uv": [0, 0, 9, 9], "texture": "#2"},
				"east": {"uv": [0, 0, 9, 9], "texture": "#2"},
				"south": {"uv": [0, 0, 9, 9], "texture": "#2"},
				"west": {"uv": [0, 0, 9, 9], "texture": "#2"},
				"up": {"uv": [0, 0, 9, 9], "texture": "#2"},
				"down": {"uv": [0, 0, 9, 9], "texture": "#2"}
			}
		},
		{
			"from": [7, 10, 8],
			"to": [12, 13, 13],
			"rotation": {"angle": 45, "axis": "y", "origin": [8, 10, 10]},
			"faces": {
				"north": {"uv": [0, 0, 9, 3], "texture": "#4"},
				"east": {"uv": [2, 0, 11, 3], "texture": "#4"},
				"south": {"uv": [3, 0, 12, 3], "texture": "#4"},
				"west": {"uv": [0, 3, 9, 6], "texture": "#4"},
				"down": {"uv": [0, 0, 5, 5], "texture": "#4"}
			}
		},
		{
			"from": [7, 13, 8],
			"to": [12, 13, 13],
			"rotation": {"angle": 45, "axis": "y", "origin": [8, 10, 10]},
			"faces": {
				"north": {"uv": [0, 0, 5, 0], "texture": "#5"},
				"east": {"uv": [0, 0, 5, 0], "texture": "#5"},
				"south": {"uv": [0, 0, 5, 0], "texture": "#5"},
				"west": {"uv": [0, 0, 5, 0], "texture": "#5"},
				"up": {"uv": [3, 3, 12, 12], "texture": "#5"},
				"down": {"uv": [0, 0, 5, 5], "texture": "#5"}
			}
		}
	],
	"groups": [
		0,
		{
			"name": "group",
			"origin": [3.6, 5, 9.1],
			"color": 0,
			"children": []
		},
		{
			"name": "group",
			"origin": [5.8, 10, 7],
			"color": 0,
			"children": []
		},
		1,
		2,
		3
	]
}