{
	"credit": "Made with Blockbench",
	"textures": {
		"1": "block/spruce_sapling",
		"2": "block/azalea_leaves",
		"particle": "block/composter_compost",
		"inside": "block/composter_compost"
	},
	"elements": [
		{
			"from": [2, 0, 2],
			"to": [14, 9, 14],
			"faces": {
				"up": {"uv": [2, 2, 14, 14], "rotation": 270, "texture": "#inside"}
			}
		},
		{
			"from": [6, 5.5, 3.5],
			"to": [11, 10.5, 8.5],
			"rotation": {"angle": 22.5, "axis": "z", "origin": [6.5, 8, 4]},
			"faces": {
				"north": {"uv": [0, 0, 9, 9], "texture": "#2"},
				"east": {"uv": [0, 0, 9, 9], "texture": "#2"},
				"south": {"uv": [0, 0, 9, 9], "texture": "#2"},
				"west": {"uv": [0, 0, 9, 9], "texture": "#2"},
				"up": {"uv": [1, 2, 10, 11], "texture": "#2"},
				"down": {"uv": [0, 0, 9, 9], "texture": "#2"}
			}
		},
		{
			"from": [11.40387, 3.82443, 7.62885],
			"to": [11.40387, 4.28658, 8.55316],
			"rotation": {"angle": -22.5, "axis": "z", "origin": [11.40387, 7.52169, 8.091]},
			"faces": {
				"north": {"uv": [9, 15, 7, 16], "texture": "#1"},
				"east": {"uv": [7, 15, 9, 16], "texture": "#1"},
				"south": {"uv": [9, 15, 7, 16], "texture": "#1"},
				"west": {"uv": [9, 15, 7, 16], "texture": "#1"},
				"up": {"uv": [9, 15, 7, 16], "rotation": 270, "texture": "#1"},
				"down": {"uv": [9, 15, 7, 16], "rotation": 90, "texture": "#1"}
			}
		},
		{
			"from": [11.40387, 4.28658, 7.62885],
			"to": [11.40387, 4.74874, 9.01532],
			"rotation": {"angle": -22.5, "axis": "z", "origin": [11.40387, 7.52169, 8.091]},
			"faces": {
				"north": {"uv": [9, 14, 6, 15], "texture": "#1"},
				"east": {"uv": [6, 14, 9, 15], "texture": "#1"},
				"south": {"uv": [9, 14, 6, 15], "texture": "#1"},
				"west": {"uv": [9, 14, 6, 15], "texture": "#1"},
				"up": {"uv": [9, 14, 6, 15], "rotation": 270, "texture": "#1"},
				"down": {"uv": [9, 14, 6, 15], "rotation": 90, "texture": "#1"}
			}
		},
		{
			"from": [11.40387, 4.28658, 6.70453],
			"to": [11.40387, 4.74874, 7.16669],
			"rotation": {"angle": -22.5, "axis": "z", "origin": [11.40387, 7.52169, 8.091]},
			"faces": {
				"north": {"uv": [11, 14, 10, 15], "texture": "#1"},
				"east": {"uv": [10, 14, 11, 15], "texture": "#1"},
				"south": {"uv": [11, 14, 10, 15], "texture": "#1"},
				"west": {"uv": [11, 14, 10, 15], "texture": "#1"},
				"up": {"uv": [11, 14, 10, 15], "rotation": 270, "texture": "#1"},
				"down": {"uv": [11, 14, 10, 15], "rotation": 90, "texture": "#1"}
			}
		},
		{
			"from": [11.40387, 4.74874, 6.24237],
			"to": [11.40387, 5.2109, 9.47748],
			"rotation": {"angle": -22.5, "axis": "z", "origin": [11.40387, 7.52169, 8.091]},
			"faces": {
				"north": {"uv": [12, 13, 5, 14], "texture": "#1"},
				"east": {"uv": [5, 13, 12, 14], "texture": "#1"},
				"south": {"uv": [12, 13, 5, 14], "texture": "#1"},
				"west": {"uv": [12, 13, 5, 14], "texture": "#1"},
				"up": {"uv": [12, 13, 5, 14], "rotation": 270, "texture": "#1"},
				"down": {"uv": [12, 13, 5, 14], "rotation": 90, "texture": "#1"}
			}
		},
		{
			"from": [11.40387, 5.2109, 6.70453],
			"to": [11.40387, 5.67306, 10.40179],
			"rotation": {"angle": -22.5, "axis": "z", "origin": [11.40387, 7.52169, 8.091]},
			"faces": {
				"north": {"uv": [11, 12, 3, 13], "texture": "#1"},
				"east": {"uv": [3, 12, 11, 13], "texture": "#1"},
				"south": {"uv": [11, 12, 3, 13], "texture": "#1"},
				"west": {"uv": [11, 12, 3, 13], "texture": "#1"},
				"up": {"uv": [11, 12, 3, 13], "rotation": 270, "texture": "#1"},
				"down": {"uv": [11, 12, 3, 13], "rotation": 90, "texture": "#1"}
			}
		},
		{
			"from": [11.40387, 5.2109, 5.78022],
			"to": [11.40387, 5.67306, 6.24237],
			"rotation": {"angle": -22.5, "axis": "z", "origin": [11.40387, 7.52169, 8.091]},
			"faces": {
				"north": {"uv": [13, 12, 12, 13], "texture": "#1"},
				"east": {"uv": [12, 12, 13, 13], "texture": "#1"},
				"south": {"uv": [13, 12, 12, 13], "texture": "#1"},
				"west": {"uv": [13, 12, 12, 13], "texture": "#1"},
				"up": {"uv": [13, 12, 12, 13], "rotation": 270, "texture": "#1"},
				"down": {"uv": [13, 12, 12, 13], "rotation": 90, "texture": "#1"}
			}
		},
		{
			"from": [11.40387, 5.67306, 6.24237],
			"to": [11.40387, 6.13521, 9.93963],
			"rotation": {"angle": -22.5, "axis": "z", "origin": [11.40387, 7.52169, 8.091]},
			"faces": {
				"north": {"uv": [12, 11, 4, 12], "texture": "#1"},
				"east": {"uv": [4, 11, 12, 12], "texture": "#1"},
				"south": {"uv": [12, 11, 4, 12], "texture": "#1"},
				"west": {"uv": [12, 11, 4, 12], "texture": "#1"},
				"up": {"uv": [12, 11, 4, 12], "rotation": 270, "texture": "#1"},
				"down": {"uv": [12, 11, 4, 12], "rotation": 90, "texture": "#1"}
			}
		},
		{
			"from": [11.40387, 6.13521, 6.24237],
			"to": [11.40387, 6.59737, 9.47748],
			"rotation": {"angle": -22.5, "axis": "z", "origin": [11.40387, 7.52169, 8.091]},
			"faces": {
				"north": {"uv": [12, 10, 5, 11], "texture": "#1"},
				"east": {"uv": [5, 10, 12, 11], "texture": "#1"},
				"south": {"uv": [12, 10, 5, 11], "texture": "#1"},
				"west": {"uv": [12, 10, 5, 11], "texture": "#1"},
				"up": {"uv": [12, 10, 5, 11], "rotation": 270, "texture": "#1"},
				"down": {"uv": [12, 10, 5, 11], "rotation": 90, "texture": "#1"}
			}
		},
		{
			"from": [11.40387, 6.59737, 6.70453],
			"to": [11.40387, 7.52169, 9.93963],
			"rotation": {"angle": -22.5, "axis": "z", "origin": [11.40387, 7.52169, 8.091]},
			"faces": {
				"north": {"uv": [11, 8, 4, 10], "texture": "#1"},
				"east": {"uv": [4, 8, 11, 10], "texture": "#1"},
				"south": {"uv": [11, 8, 4, 10], "texture": "#1"},
				"west": {"uv": [11, 8, 4, 10], "texture": "#1"},
				"up": {"uv": [11, 8, 4, 10], "rotation": 270, "texture": "#1"},
				"down": {"uv": [11, 8, 4, 10], "rotation": 90, "texture": "#1"}
			}
		},
		{
			"from": [11.40387, 7.52169, 6.24237],
			"to": [11.40387, 7.98384, 9.47748],
			"rotation": {"angle": -22.5, "axis": "z", "origin": [11.40387, 7.52169, 8.091]},
			"faces": {
				"north": {"uv": [12, 7, 5, 8], "texture": "#1"},
				"east": {"uv": [5, 7, 12, 8], "texture": "#1"},
				"south": {"uv": [12, 7, 5, 8], "texture": "#1"},
				"west": {"uv": [12, 7, 5, 8], "texture": "#1"},
				"up": {"uv": [12, 7, 5, 8], "rotation": 270, "texture": "#1"},
				"down": {"uv": [12, 7, 5, 8], "rotation": 90, "texture": "#1"}
			}
		},
		{
			"from": [11.40387, 7.98384, 6.70453],
			"to": [11.40387, 8.446, 9.47748],
			"rotation": {"angle": -22.5, "axis": "z", "origin": [11.40387, 7.52169, 8.091]},
			"faces": {
				"north": {"uv": [11, 6, 5, 7], "texture": "#1"},
				"east": {"uv": [5, 6, 11, 7], "texture": "#1"},
				"south": {"uv": [11, 6, 5, 7], "texture": "#1"},
				"west": {"uv": [11, 6, 5, 7], "texture": "#1"},
				"up": {"uv": [11, 6, 5, 7], "rotation": 270, "texture": "#1"},
				"down": {"uv": [11, 6, 5, 7], "rotation": 90, "texture": "#1"}
			}
		},
		{
			"from": [11.40387, 8.446, 6.70453],
			"to": [11.40387, 8.90816, 9.93963],
			"rotation": {"angle": -22.5, "axis": "z", "origin": [11.40387, 7.52169, 8.091]},
			"faces": {
				"north": {"uv": [12, 7, 5, 8], "texture": "#1"},
				"east": {"uv": [5, 7, 12, 8], "texture": "#1"},
				"south": {"uv": [12, 7, 5, 8], "texture": "#1"},
				"west": {"uv": [11, 5, 4, 6], "texture": "#1"},
				"up": {"uv": [12, 7, 5, 8], "rotation": 270, "texture": "#1"},
				"down": {"uv": [12, 7, 5, 8], "rotation": 90, "texture": "#1"}
			}
		},
		{
			"from": [11.40387, 8.90816, 7.16669],
			"to": [11.40387, 9.37032, 9.47748],
			"rotation": {"angle": -22.5, "axis": "z", "origin": [11.40387, 7.52169, 8.091]},
			"faces": {
				"north": {"uv": [10, 4, 5, 5], "texture": "#1"},
				"east": {"uv": [5, 4, 10, 5], "texture": "#1"},
				"south": {"uv": [10, 4, 5, 5], "texture": "#1"},
				"west": {"uv": [10, 4, 5, 5], "texture": "#1"},
				"up": {"uv": [10, 4, 5, 5], "rotation": 270, "texture": "#1"},
				"down": {"uv": [10, 4, 5, 5], "rotation": 90, "texture": "#1"}
			}
		},
		{
			"from": [11.40387, 9.37032, 7.62885],
			"to": [11.40387, 10.29463, 9.01532],
			"rotation": {"angle": -22.5, "axis": "z", "origin": [11.40387, 7.52169, 8.091]},
			"faces": {
				"north": {"uv": [9, 2, 6, 4], "texture": "#1"},
				"east": {"uv": [6, 2, 9, 4], "texture": "#1"},
				"south": {"uv": [9, 2, 6, 4], "texture": "#1"},
				"west": {"uv": [9, 2, 6, 4], "texture": "#1"},
				"up": {"uv": [9, 2, 6, 4], "rotation": 270, "texture": "#1"},
				"down": {"uv": [9, 2, 6, 4], "rotation": 90, "texture": "#1"}
			}
		},
		{
			"from": [11.40387, 10.29463, 8.091],
			"to": [11.40387, 10.75679, 8.55316],
			"rotation": {"angle": -22.5, "axis": "z", "origin": [11.40387, 7.52169, 8.091]},
			"faces": {
				"north": {"uv": [8, 1, 7, 2], "texture": "#1"},
				"east": {"uv": [7, 1, 8, 2], "texture": "#1"},
				"south": {"uv": [8, 1, 7, 2], "texture": "#1"},
				"west": {"uv": [8, 1, 7, 2], "texture": "#1"},
				"up": {"uv": [8, 1, 7, 2], "rotation": 270, "texture": "#1"},
				"down": {"uv": [8, 1, 7, 2], "rotation": 90, "texture": "#1"}
			}
		},
		{
			"from": [10.71063, 3.82443, 8.27468],
			"to": [11.63494, 4.28658, 8.27468],
			"rotation": {"angle": -22.5, "axis": "z", "origin": [11.17279, 7.52169, 8.27468]},
			"faces": {
				"north": {"uv": [7, 15, 9, 16], "texture": "#1"},
				"east": {"uv": [7, 15, 9, 16], "texture": "#1"},
				"south": {"uv": [9, 15, 7, 16], "texture": "#1"},
				"west": {"uv": [7, 15, 9, 16], "texture": "#1"},
				"up": {"uv": [7, 15, 9, 16], "texture": "#1"},
				"down": {"uv": [7, 15, 9, 16], "texture": "#1"}
			}
		},
		{
			"from": [10.71063, 4.28658, 8.27468],
			"to": [12.0971, 4.74874, 8.27468],
			"rotation": {"angle": -22.5, "axis": "z", "origin": [11.17279, 7.52169, 8.27468]},
			"faces": {
				"north": {"uv": [6, 14, 9, 15], "texture": "#1"},
				"east": {"uv": [6, 14, 9, 15], "texture": "#1"},
				"south": {"uv": [9, 14, 6, 15], "texture": "#1"},
				"west": {"uv": [6, 14, 9, 15], "texture": "#1"},
				"up": {"uv": [6, 14, 9, 15], "texture": "#1"},
				"down": {"uv": [6, 14, 9, 15], "texture": "#1"}
			}
		},
		{
			"from": [9.78631, 4.28658, 8.27468],
			"to": [10.24847, 4.74874, 8.27468],
			"rotation": {"angle": -22.5, "axis": "z", "origin": [11.17279, 7.52169, 8.27468]},
			"faces": {
				"north": {"uv": [10, 14, 11, 15], "texture": "#1"},
				"east": {"uv": [10, 14, 11, 15], "texture": "#1"},
				"south": {"uv": [11, 14, 10, 15], "texture": "#1"},
				"west": {"uv": [10, 14, 11, 15], "texture": "#1"},
				"up": {"uv": [10, 14, 11, 15], "texture": "#1"},
				"down": {"uv": [10, 14, 11, 15], "texture": "#1"}
			}
		},
		{
			"from": [9.32416, 4.74874, 8.27468],
			"to": [12.55926, 5.2109, 8.27468],
			"rotation": {"angle": -22.5, "axis": "z", "origin": [11.17279, 7.52169, 8.27468]},
			"faces": {
				"north": {"uv": [5, 13, 12, 14], "texture": "#1"},
				"east": {"uv": [5, 13, 12, 14], "texture": "#1"},
				"south": {"uv": [12, 13, 5, 14], "texture": "#1"},
				"west": {"uv": [5, 13, 12, 14], "texture": "#1"},
				"up": {"uv": [5, 13, 12, 14], "texture": "#1"},
				"down": {"uv": [5, 13, 12, 14], "texture": "#1"}
			}
		},
		{
			"from": [9.78631, 5.2109, 8.27468],
			"to": [13.48357, 5.67306, 8.27468],
			"rotation": {"angle": -22.5, "axis": "z", "origin": [11.17279, 7.52169, 8.27468]},
			"faces": {
				"north": {"uv": [3, 12, 11, 13], "texture": "#1"},
				"east": {"uv": [3, 12, 11, 13], "texture": "#1"},
				"south": {"uv": [11, 12, 3, 13], "texture": "#1"},
				"west": {"uv": [3, 12, 11, 13], "texture": "#1"},
				"up": {"uv": [3, 12, 11, 13], "texture": "#1"},
				"down": {"uv": [3, 12, 11, 13], "texture": "#1"}
			}
		},
		{
			"from": [8.862, 5.2109, 8.27468],
			"to": [9.32416, 5.67306, 8.27468],
			"rotation": {"angle": -22.5, "axis": "z", "origin": [11.17279, 7.52169, 8.27468]},
			"faces": {
				"north": {"uv": [12, 12, 13, 13], "texture": "#1"},
				"east": {"uv": [12, 12, 13, 13], "texture": "#1"},
				"south": {"uv": [13, 12, 12, 13], "texture": "#1"},
				"west": {"uv": [12, 12, 13, 13], "texture": "#1"},
				"up": {"uv": [12, 12, 13, 13], "texture": "#1"},
				"down": {"uv": [12, 12, 13, 13], "texture": "#1"}
			}
		},
		{
			"from": [9.32416, 5.67306, 8.27468],
			"to": [13.02142, 6.13521, 8.27468],
			"rotation": {"angle": -22.5, "axis": "z", "origin": [11.17279, 7.52169, 8.27468]},
			"faces": {
				"north": {"uv": [4, 11, 12, 12], "texture": "#1"},
				"east": {"uv": [4, 11, 12, 12], "texture": "#1"},
				"south": {"uv": [12, 11, 4, 12], "texture": "#1"},
				"west": {"uv": [4, 11, 12, 12], "texture": "#1"},
				"up": {"uv": [4, 11, 12, 12], "texture": "#1"},
				"down": {"uv": [4, 11, 12, 12], "texture": "#1"}
			}
		},
		{
			"from": [9.32416, 6.13521, 8.27468],
			"to": [12.55926, 6.59737, 8.27468],
			"rotation": {"angle": -22.5, "axis": "z", "origin": [11.17279, 7.52169, 8.27468]},
			"faces": {
				"north": {"uv": [5, 10, 12, 11], "texture": "#1"},
				"east": {"uv": [5, 10, 12, 11], "texture": "#1"},
				"south": {"uv": [12, 10, 5, 11], "texture": "#1"},
				"west": {"uv": [5, 10, 12, 11], "texture": "#1"},
				"up": {"uv": [5, 10, 12, 11], "texture": "#1"},
				"down": {"uv": [5, 10, 12, 11], "texture": "#1"}
			}
		},
		{
			"from": [9.78631, 6.59737, 8.27468],
			"to": [13.02142, 7.52169, 8.27468],
			"rotation": {"angle": -22.5, "axis": "z", "origin": [11.17279, 7.52169, 8.27468]},
			"faces": {
				"north": {"uv": [4, 8, 11, 10], "texture": "#1"},
				"east": {"uv": [4, 8, 11, 10], "texture": "#1"},
				"south": {"uv": [11, 8, 4, 10], "texture": "#1"},
				"west": {"uv": [4, 8, 11, 10], "texture": "#1"},
				"up": {"uv": [4, 8, 11, 10], "texture": "#1"},
				"down": {"uv": [4, 8, 11, 10], "texture": "#1"}
			}
		},
		{
			"from": [9.32416, 7.52169, 8.27468],
			"to": [12.55926, 7.98384, 8.27468],
			"rotation": {"angle": -22.5, "axis": "z", "origin": [11.17279, 7.52169, 8.27468]},
			"faces": {
				"north": {"uv": [5, 7, 12, 8], "texture": "#1"},
				"east": {"uv": [5, 7, 12, 8], "texture": "#1"},
				"south": {"uv": [12, 7, 5, 8], "texture": "#1"},
				"west": {"uv": [5, 7, 12, 8], "texture": "#1"},
				"up": {"uv": [5, 7, 12, 8], "texture": "#1"},
				"down": {"uv": [5, 7, 12, 8], "texture": "#1"}
			}
		},
		{
			"from": [9.78631, 7.98384, 8.27468],
			"to": [12.55926, 8.446, 8.27468],
			"rotation": {"angle": -22.5, "axis": "z", "origin": [11.17279, 7.52169, 8.27468]},
			"faces": {
				"north": {"uv": [5, 6, 11, 7], "texture": "#1"},
				"east": {"uv": [5, 6, 11, 7], "texture": "#1"},
				"south": {"uv": [11, 6, 5, 7], "texture": "#1"},
				"west": {"uv": [5, 6, 11, 7], "texture": "#1"},
				"up": {"uv": [5, 6, 11, 7], "texture": "#1"},
				"down": {"uv": [5, 6, 11, 7], "texture": "#1"}
			}
		},
		{
			"from": [9.78631, 8.446, 8.27468],
			"to": [13.02142, 8.90816, 8.27468],
			"rotation": {"angle": -22.5, "axis": "z", "origin": [11.17279, 7.52169, 8.27468]},
			"faces": {
				"north": {"uv": [4, 5, 11, 6], "texture": "#1"},
				"east": {"uv": [5, 7, 12, 8], "texture": "#1"},
				"south": {"uv": [12, 7, 5, 8], "texture": "#1"},
				"west": {"uv": [5, 7, 12, 8], "texture": "#1"},
				"up": {"uv": [5, 7, 12, 8], "texture": "#1"},
				"down": {"uv": [5, 7, 12, 8], "texture": "#1"}
			}
		},
		{
			"from": [10.24847, 8.90816, 8.27468],
			"to": [12.55926, 9.37032, 8.27468],
			"rotation": {"angle": -22.5, "axis": "z", "origin": [11.17279, 7.52169, 8.27468]},
			"faces": {
				"north": {"uv": [5, 4, 10, 5], "texture": "#1"},
				"east": {"uv": [5, 4, 10, 5], "texture": "#1"},
				"south": {"uv": [10, 4, 5, 5], "texture": "#1"},
				"west": {"uv": [5, 4, 10, 5], "texture": "#1"},
				"up": {"uv": [5, 4, 10, 5], "texture": "#1"},
				"down": {"uv": [5, 4, 10, 5], "texture": "#1"}
			}
		},
		{
			"from": [10.71063, 9.37032, 8.27468],
			"to": [12.0971, 10.29463, 8.27468],
			"rotation": {"angle": -22.5, "axis": "z", "origin": [11.17279, 7.52169, 8.27468]},
			"faces": {
				"north": {"uv": [6, 2, 9, 4], "texture": "#1"},
				"east": {"uv": [6, 2, 9, 4], "texture": "#1"},
				"south": {"uv": [9, 2, 6, 4], "texture": "#1"},
				"west": {"uv": [6, 2, 9, 4], "texture": "#1"},
				"up": {"uv": [6, 2, 9, 4], "texture": "#1"},
				"down": {"uv": [6, 2, 9, 4], "texture": "#1"}
			}
		},
		{
			"from": [11.17279, 10.29463, 8.27468],
			"to": [11.63494, 10.75679, 8.27468],
			"rotation": {"angle": -22.5, "axis": "z", "origin": [11.17279, 7.52169, 8.27468]},
			"faces": {
				"north": {"uv": [7, 1, 8, 2], "texture": "#1"},
				"east": {"uv": [7, 1, 8, 2], "texture": "#1"},
				"south": {"uv": [8, 1, 7, 2], "texture": "#1"},
				"west": {"uv": [7, 1, 8, 2], "texture": "#1"},
				"up": {"uv": [7, 1, 8, 2], "texture": "#1"},
				"down": {"uv": [7, 1, 8, 2], "texture": "#1"}
			}
		}
	],
	"groups": [
		0,
		{
			"name": "group",
			"origin": [3.6, 5, 9.1],
			"color": 0,
			"children": []
		},
		{
			"name": "group",
			"origin": [5.8, 10, 7],
			"color": 0,
			"children": []
		},
		1,
		{
			"name": "group",
			"origin": [5.8, 10, 7],
			"color": 0,
			"children": []
		},
		{
			"name": "sappling",
			"origin": [1, 14, -6],
			"color": 0,
			"children": [2, 3, 4, 5, 6, 7, 8, 9, 10, 11, 12, 13, 14, 15, 16, 17, 18, 19, 20, 21, 22, 23, 24, 25, 26, 27, 28, 29, 30, 31]
		}
	]
}