{
	"credit": "Made with Blockbench",
	"textures": {
		"1": "item/wheat_seeds",
		"particle": "block/composter_compost",
		"inside": "block/composter_compost"
	},
	"elements": [
		{
			"from": [2, 0, 2],
			"to": [14, 3, 14],
			"faces": {
				"up": {"uv": [2, 2, 14, 14], "texture": "#inside"}
			}
		},
		{
			"from": [5, 3, 4],
			"to": [7, 3.5, 6],
			"rotation": {"angle": 0, "axis": "y", "origin": [5, 1.5, 4]},
			"faces": {
				"north": {"uv": [12, 7, 13, 8], "texture": "#1"},
				"east": {"uv": [12, 7, 13, 8], "texture": "#1"},
				"south": {"uv": [12, 7, 13, 8], "texture": "#1"},
				"west": {"uv": [12, 7, 13, 8], "texture": "#1"},
				"up": {"uv": [12, 7, 13, 8], "texture": "#1"},
				"down": {"uv": [12, 7, 13, 8], "texture": "#1"}
			}
		},
		{
			"from": [6.3, 3, 6.2],
			"to": [7.9, 3.5, 7.8],
			"rotation": {"angle": 0, "axis": "y", "origin": [6.1, 1.5, 6]},
			"faces": {
				"north": {"uv": [12, 10, 12.6, 10.6], "texture": "#1"},
				"east": {"uv": [12, 10, 12.6, 10.6], "texture": "#1"},
				"south": {"uv": [12, 10, 12.6, 10.6], "texture": "#1"},
				"west": {"uv": [12, 10, 12.6, 10.6], "texture": "#1"},
				"up": {"uv": [12, 10, 12.6, 10.6], "texture": "#1"},
				"down": {"uv": [12, 10, 12.6, 10.6], "texture": "#1"}
			}
		},
		{
			"from": [11.3, 3, 9.2],
			"to": [12.9, 3.5, 10.8],
			"rotation": {"angle": 22.5, "axis": "y", "origin": [11.1, 1.5, 9]},
			"faces": {
				"north": {"uv": [11, 4, 12, 5], "texture": "#1"},
				"east": {"uv": [11, 4, 12, 5], "texture": "#1"},
				"south": {"uv": [11, 4, 12, 5], "texture": "#1"},
				"west": {"uv": [11, 4, 12, 5], "texture": "#1"},
				"up": {"uv": [11, 4, 12, 5], "texture": "#1"},
				"down": {"uv": [11, 4, 12, 5], "texture": "#1"}
			}
		},
		{
			"from": [7.15, 3, 9.95],
			"to": [9.05, 3.5, 12.05],
			"rotation": {"angle": -45, "axis": "y", "origin": [7.1, 1.5, 10]},
			"faces": {
				"north": {"uv": [7.3, 11.2, 7.9, 12], "texture": "#1"},
				"east": {"uv": [7.3, 11.2, 7.9, 12], "texture": "#1"},
				"south": {"uv": [7.3, 11.2, 7.9, 12], "texture": "#1"},
				"west": {"uv": [7.3, 11.2, 7.9, 12], "texture": "#1"},
				"up": {"uv": [7.3, 11.2, 7.9, 12], "texture": "#1"},
				"down": {"uv": [7.3, 11.2, 7.9, 12], "texture": "#1"}
			}
		},
		{
			"from": [10.55, 3, 6.35],
			"to": [11.65, 3.5, 7.65],
			"rotation": {"angle": -45, "axis": "y", "origin": [10.1, 1.5, 6]},
			"faces": {
				"north": {"uv": [3.2, 9.1, 4, 9.9], "texture": "#1"},
				"east": {"uv": [3.2, 9.1, 4, 9.9], "texture": "#1"},
				"south": {"uv": [3.2, 9.1, 4, 9.9], "texture": "#1"},
				"west": {"uv": [3.2, 9.1, 4, 9.9], "texture": "#1"},
				"up": {"uv": [3.2, 9.1, 4, 9.9], "texture": "#1"},
				"down": {"uv": [3.2, 9.1, 4, 9.9], "texture": "#1"}
			}
		}
	]
}