{
	"credit": "Made with Blockbench",
	"textures": {
		"4": "block/pumpkin_side",
		"5": "item/stick",
		"6": "item/wheat_seeds",
		"10": "block/pumpkin_top",
		"inside": "block/composter_compost",
		"particle": "item/bow"
	},
	"elements": [
		{
			"from": [2, 0, 2],
			"to": [14.5, 13, 14],
			"faces": {
				"up": {"uv": [2, 2, 14, 14], "texture": "#inside"}
			}
		},
		{
			"from": [7, 10.4, 8],
			"to": [12, 13.4, 13],
			"rotation": {"angle": 45, "axis": "y", "origin": [8, 10.4, 10]},
			"faces": {
				"north": {"uv": [0, 0, 9, 3], "texture": "#4"},
				"east": {"uv": [2, 0, 11, 3], "texture": "#4"},
				"south": {"uv": [3, 0, 12, 3], "texture": "#4"},
				"west": {"uv": [0, 3, 9, 6], "texture": "#4"},
				"down": {"uv": [0, 0, 5, 5], "texture": "#4"}
			}
		},
		{
			"from": [7, 13.4, 8],
			"to": [12, 13.4, 13],
			"rotation": {"angle": 45, "axis": "y", "origin": [8, 10.4, 10]},
			"faces": {
				"north": {"uv": [0, 0, 5, 0], "texture": "#10"},
				"east": {"uv": [0, 0, 5, 0], "texture": "#10"},
				"south": {"uv": [0, 0, 5, 0], "texture": "#10"},
				"west": {"uv": [0, 0, 5, 0], "texture": "#10"},
				"up": {"uv": [3, 3, 12, 12], "texture": "#10"},
				"down": {"uv": [0, 0, 5, 5], "texture": "#10"}
			}
		},
		{
			"from": [5, 12, 4],
			"to": [7, 14, 6],
			"rotation": {"angle": 45, "axis": "y", "origin": [5, 12, 4]},
			"faces": {
				"north": {"uv": [7, 11, 9, 13], "texture": "#6"},
				"east": {"uv": [7, 11, 9, 13], "texture": "#6"},
				"south": {"uv": [7, 11, 9, 13], "texture": "#6"},
				"west": {"uv": [7, 11, 9, 13], "texture": "#6"},
				"up": {"uv": [7, 11, 9, 13], "texture": "#6"},
				"down": {"uv": [7, 11, 9, 13], "texture": "#6"}
			}
		},
		{
			"from": [9, 11.5, 4],
			"to": [10, 13.5, 5],
			"rotation": {"angle": 0, "axis": "y", "origin": [9, 11.5, 5]},
			"faces": {
				"north": {"uv": [5, 4, 6, 5], "rotation": 270, "texture": "#6"},
				"east": {"uv": [5, 4, 6, 5], "rotation": 270, "texture": "#6"},
				"south": {"uv": [5, 4, 6, 5], "rotation": 270, "texture": "#6"},
				"west": {"uv": [5, 4, 6, 5], "rotation": 270, "texture": "#6"},
				"up": {"uv": [5, 4, 6, 5], "rotation": 270, "texture": "#6"},
				"down": {"uv": [5, 4, 6, 5], "rotation": 270, "texture": "#6"}
			}
		},
		{
			"from": [5, 12.3, 8],
			"to": [7, 14.3, 10],
			"rotation": {"angle": 22.5, "axis": "y", "origin": [5, 12.3, 9]},
			"faces": {
				"north": {"uv": [11, 10, 13, 12], "rotation": 270, "texture": "#6"},
				"east": {"uv": [11, 10, 13, 12], "rotation": 270, "texture": "#6"},
				"south": {"uv": [11, 10, 13, 12], "rotation": 270, "texture": "#6"},
				"west": {"uv": [11, 10, 13, 12], "rotation": 270, "texture": "#6"},
				"up": {"uv": [11, 10, 13, 12], "rotation": 270, "texture": "#6"},
				"down": {"uv": [11, 10, 13, 12], "rotation": 270, "texture": "#6"}
			}
		},
		{
			"name": "stick_1",
			"from": [2.935, 15.66, 5.61],
			"to": [4.095, 16.82, 6.19],
			"rotation": {"angle": 45, "axis": "x", "origin": [6.85, 13.05, 5.9]},
			"faces": {
				"north": {"uv": [13, 2, 15, 4], "texture": "#5"},
				"east": {"uv": [14, 4, 13, 2], "rotation": 180, "texture": "#5"},
				"south": {"uv": [13, 4, 15, 2], "rotation": 180, "texture": "#5"},
				"west": {"uv": [15, 4, 14, 2], "rotation": 180, "texture": "#5"},
				"up": {"uv": [15, 2, 13, 3], "texture": "#5"},
				"down": {"uv": [13, 3, 15, 4], "rotation": 180, "texture": "#5"}
			}
		},
		{
			"name": "stick_2",
			"from": [4.095, 14.5, 5.61],
			"to": [4.675, 16.24, 6.19],
			"rotation": {"angle": 45, "axis": "x", "origin": [6.85, 13.05, 5.9]},
			"faces": {
				"north": {"uv": [12, 3, 13, 6], "texture": "#5"},
				"east": {"uv": [13, 6, 12, 3], "rotation": 180, "texture": "#5"},
				"south": {"uv": [12, 6, 13, 3], "rotation": 180, "texture": "#5"},
				"west": {"uv": [13, 6, 12, 3], "rotation": 180, "texture": "#5"},
				"up": {"uv": [13, 3, 12, 4], "texture": "#5"},
				"down": {"uv": [12, 5, 13, 6], "rotation": 180, "texture": "#5"}
			}
		},
		{
			"name": "stick_3",
			"from": [4.675, 13.92, 5.61],
			"to": [5.255, 15.66, 6.19],
			"rotation": {"angle": 45, "axis": "x", "origin": [6.85, 13.05, 5.9]},
			"faces": {
				"north": {"uv": [11, 4, 12, 7], "texture": "#5"},
				"east": {"uv": [12, 7, 11, 4], "rotation": 180, "texture": "#5"},
				"south": {"uv": [11, 7, 12, 4], "rotation": 180, "texture": "#5"},
				"west": {"uv": [12, 7, 11, 4], "rotation": 180, "texture": "#5"},
				"up": {"uv": [12, 4, 11, 5], "texture": "#5"},
				"down": {"uv": [11, 6, 12, 7], "rotation": 180, "texture": "#5"}
			}
		},
		{
			"name": "stick_4",
			"from": [3.515, 15.08, 5.61],
			"to": [4.095, 15.66, 6.19],
			"rotation": {"angle": 45, "axis": "x", "origin": [6.85, 13.05, 5.9]},
			"faces": {
				"north": {"uv": [13, 4, 14, 5], "texture": "#5"},
				"east": {"uv": [14, 5, 13, 4], "rotation": 180, "texture": "#5"},
				"south": {"uv": [13, 5, 14, 4], "rotation": 180, "texture": "#5"},
				"west": {"uv": [14, 5, 13, 4], "rotation": 180, "texture": "#5"},
				"up": {"uv": [14, 4, 13, 5], "texture": "#5"},
				"down": {"uv": [13, 4, 14, 5], "rotation": 180, "texture": "#5"}
			}
		},
		{
			"name": "stick_5",
			"from": [5.255, 13.34, 5.61],
			"to": [5.835, 15.08, 6.19],
			"rotation": {"angle": 45, "axis": "x", "origin": [6.85, 13.05, 5.9]},
			"faces": {
				"north": {"uv": [10, 5, 11, 8], "texture": "#5"},
				"east": {"uv": [11, 8, 10, 5], "rotation": 180, "texture": "#5"},
				"south": {"uv": [10, 8, 11, 5], "rotation": 180, "texture": "#5"},
				"west": {"uv": [11, 8, 10, 5], "rotation": 180, "texture": "#5"},
				"up": {"uv": [11, 5, 10, 6], "texture": "#5"},
				"down": {"uv": [10, 7, 11, 8], "rotation": 180, "texture": "#5"}
			}
		},
		{
			"name": "stick_6",
			"from": [5.835, 12.76, 5.61],
			"to": [6.415, 14.5, 6.19],
			"rotation": {"angle": 45, "axis": "x", "origin": [6.85, 13.05, 5.9]},
			"faces": {
				"north": {"uv": [9, 6, 10, 9], "texture": "#5"},
				"east": {"uv": [10, 9, 9, 6], "rotation": 180, "texture": "#5"},
				"south": {"uv": [9, 9, 10, 6], "rotation": 180, "texture": "#5"},
				"west": {"uv": [10, 9, 9, 6], "rotation": 180, "texture": "#5"},
				"up": {"uv": [10, 6, 9, 7], "texture": "#5"},
				"down": {"uv": [9, 8, 10, 9], "rotation": 180, "texture": "#5"}
			}
		},
		{
			"name": "stick_7",
			"from": [6.415, 12.18, 5.61],
			"to": [6.995, 13.92, 6.19],
			"rotation": {"angle": 45, "axis": "x", "origin": [6.85, 13.05, 5.9]},
			"faces": {
				"north": {"uv": [8, 7, 9, 10], "texture": "#5"},
				"east": {"uv": [9, 10, 8, 7], "rotation": 180, "texture": "#5"},
				"south": {"uv": [8, 10, 9, 7], "rotation": 180, "texture": "#5"},
				"west": {"uv": [9, 10, 8, 7], "rotation": 180, "texture": "#5"},
				"up": {"uv": [9, 7, 8, 8], "texture": "#5"},
				"down": {"uv": [8, 9, 9, 10], "rotation": 180, "texture": "#5"}
			}
		},
		{
			"name": "stick_8",
			"from": [6.995, 11.6, 5.61],
			"to": [7.575, 13.34, 6.19],
			"rotation": {"angle": 45, "axis": "x", "origin": [6.85, 13.05, 5.9]},
			"faces": {
				"north": {"uv": [7, 8, 8, 11], "texture": "#5"},
				"east": {"uv": [8, 11, 7, 8], "rotation": 180, "texture": "#5"},
				"south": {"uv": [7, 11, 8, 8], "rotation": 180, "texture": "#5"},
				"west": {"uv": [8, 11, 7, 8], "rotation": 180, "texture": "#5"},
				"up": {"uv": [8, 8, 7, 9], "texture": "#5"},
				"down": {"uv": [7, 10, 8, 11], "rotation": 180, "texture": "#5"}
			}
		},
		{
			"name": "stick_9",
			"from": [7.575, 11.02, 5.61],
			"to": [8.155, 12.76, 6.19],
			"rotation": {"angle": 45, "axis": "x", "origin": [6.85, 13.05, 5.9]},
			"faces": {
				"north": {"uv": [6, 9, 7, 12], "texture": "#5"},
				"east": {"uv": [7, 12, 6, 9], "rotation": 180, "texture": "#5"},
				"south": {"uv": [6, 12, 7, 9], "rotation": 180, "texture": "#5"},
				"west": {"uv": [7, 12, 6, 9], "rotation": 180, "texture": "#5"},
				"up": {"uv": [7, 9, 6, 10], "texture": "#5"},
				"down": {"uv": [6, 11, 7, 12], "rotation": 180, "texture": "#5"}
			}
		},
		{
			"name": "stick_10",
			"from": [8.155, 10.44, 5.61],
			"to": [8.735, 12.18, 6.19],
			"rotation": {"angle": 45, "axis": "x", "origin": [6.85, 13.05, 5.9]},
			"faces": {
				"north": {"uv": [5, 10, 6, 13], "texture": "#5"},
				"east": {"uv": [6, 13, 5, 10], "rotation": 180, "texture": "#5"},
				"south": {"uv": [5, 13, 6, 10], "rotation": 180, "texture": "#5"},
				"west": {"uv": [6, 13, 5, 10], "rotation": 180, "texture": "#5"},
				"up": {"uv": [6, 10, 5, 11], "texture": "#5"},
				"down": {"uv": [5, 12, 6, 13], "rotation": 180, "texture": "#5"}
			}
		},
		{
			"name": "stick_11",
			"from": [8.735, 9.86, 5.61],
			"to": [9.315, 11.6, 6.19],
			"rotation": {"angle": 45, "axis": "x", "origin": [6.85, 13.05, 5.9]},
			"faces": {
				"north": {"uv": [4, 11, 5, 14], "texture": "#5"},
				"east": {"uv": [5, 14, 4, 11], "rotation": 180, "texture": "#5"},
				"south": {"uv": [4, 14, 5, 11], "rotation": 180, "texture": "#5"},
				"west": {"uv": [5, 14, 4, 11], "rotation": 180, "texture": "#5"},
				"up": {"uv": [5, 11, 4, 12], "texture": "#5"},
				"down": {"uv": [4, 13, 5, 14], "rotation": 180, "texture": "#5"}
			}
		},
		{
			"name": "stick_12",
			"from": [9.315, 9.28, 5.61],
			"to": [9.895, 11.02, 6.19],
			"rotation": {"angle": 45, "axis": "x", "origin": [6.85, 13.05, 5.9]},
			"faces": {
				"north": {"uv": [3, 12, 4, 15], "texture": "#5"},
				"east": {"uv": [4, 15, 3, 12], "rotation": 180, "texture": "#5"},
				"south": {"uv": [3, 15, 4, 12], "rotation": 180, "texture": "#5"},
				"west": {"uv": [4, 15, 3, 12], "rotation": 180, "texture": "#5"},
				"up": {"uv": [4, 12, 3, 13], "texture": "#5"},
				"down": {"uv": [3, 14, 4, 15], "rotation": 180, "texture": "#5"}
			}
		},
		{
			"name": "stick_13",
			"from": [9.895, 9.28, 5.61],
			"to": [10.475, 10.44, 6.19],
			"rotation": {"angle": 45, "axis": "x", "origin": [6.85, 13.05, 5.9]},
			"faces": {
				"north": {"uv": [2, 13, 3, 15], "texture": "#5"},
				"east": {"uv": [3, 15, 2, 13], "rotation": 180, "texture": "#5"},
				"south": {"uv": [2, 15, 3, 13], "rotation": 180, "texture": "#5"},
				"west": {"uv": [3, 15, 2, 13], "rotation": 180, "texture": "#5"},
				"up": {"uv": [3, 13, 2, 14], "texture": "#5"},
				"down": {"uv": [2, 14, 3, 15], "rotation": 180, "texture": "#5"}
			}
		}
	],
	"display": {
		"thirdperson_righthand": {
			"rotation": [180, 0, 0],
			"translation": [-0.5, -1.25, 0.25],
			"scale": [0.83, 0.83, 0.83]
		},
		"thirdperson_lefthand": {
			"rotation": [75, 45, 0],
			"translation": [0, 2.5, 0],
			"scale": [0.375, 0.375, 0.375]
		},
		"firstperson_righthand": {
			"rotation": [0, -90, -20],
			"translation": [1.13, 3.2, 1.13],
			"scale": [0.68, 0.68, 0.68]
		},
		"firstperson_lefthand": {
			"rotation": [0, 225, 0],
			"scale": [0.4, 0.4, 0.4]
		},
		"ground": {
			"rotation": [0, 0, -45],
			"translation": [0, 2, 0],
			"scale": [0.5, 0.5, 0.5]
		},
		"gui": {
			"scale": [0.61, 0.61, 0.61]
		},
		"head": {
			"rotation": [0, 180, -45],
			"translation": [0, 13, 7]
		},
		"fixed": {
			"rotation": [0, 180, -45]
		}
	},
	"groups": [
		0,
		{
			"name": "group",
			"origin": [3.6, 5, 9.1],
			"color": 0,
			"children": []
		},
		{
			"name": "group",
			"origin": [5.8, 10, 7],
			"color": 0,
			"children": []
		},
		1,
		2,
		3,
		4,
		5,
		{
			"name": "bow",
			"origin": [8, 8, 8],
			"color": 0,
			"children": []
		},
		{
			"name": "stick",
			"origin": [8, 8, 8],
			"color": 0,
			"children": [
				{
					"name": "group",
					"origin": [13.75, 4.25, 7.5],
					"color": 0,
					"children": [6, 7, 8, 9, 10, 11, 12, 13, 14, 15, 16, 17, 18]
				}
			]
		},
		{
			"name": "stick",
			"origin": [8, 8, 8],
			"color": 0,
			"children": []
		},
		{
			"name": "stick",
			"origin": [8, 8, 8],
			"color": 0,
			"children": []
		},
		{
			"name": "leatherthing",
			"origin": [4, 14, 1],
			"color": 0,
			"children": [
				{
					"name": "group",
					"origin": [3, 14, 1],
					"color": 0,
					"children": []
				},
				{
					"name": "group",
					"origin": [3, 14, 1],
					"color": 0,
					"children": []
				},
				{
					"name": "group",
					"origin": [7, 14, -1.2],
					"color": 0,
					"children": []
				},
				{
					"name": "group",
					"origin": [7, 14, -1.2],
					"color": 0,
					"children": []
				}
			]
		},
		{
			"name": "corners",
			"origin": [-0.6, 14.6, 16.6],
			"color": 0,
			"children": []
		},
		{
			"name": "idk",
			"origin": [4, 4, 14],
			"color": 0,
			"children": []
		},
		{
			"name": "Feather",
			"origin": [6, 15.45, 9],
			"color": 0,
			"children": []
		},
		{
			"name": "arrow",
			"origin": [7.2696, 12.956, 14.5432],
			"color": 0,
			"children": []
		},
		{
			"name": "arrow",
			"origin": [7.2696, 12.956, 14.5432],
			"color": 0,
			"children": []
		},
		{
			"name": "arrow",
			"origin": [7.2696, 12.956, 14.5432],
			"color": 0,
			"children": []
		}
	]
}