{
	"credit": "Made with Blockbench",
	"textures": {
		"5": "block/stone",
		"6": "block/spruce_log",
		"7": "block/anvil",
		"8": "block/iron_block",
		"9": "block/stripped_spruce_log",
		"11": "block/dark_oak_log",
		"13": "block/workbench/workbench_paper2",
		"14": "block/barrel_bottom",
		"15": "block/stripped_dark_oak_log",
		"16": "block/crafting_table_top",
		"17": "block/coal_block",
		"particle": "block/stone"
	},
	"elements": [
		{
			"from": [1, 1, 4],
			"to": [1.95, 19, 6],
			"rotation": {"angle": 45, "axis": "x", "origin": [0, 5, 4]},
			"faces": {
				"north": {"uv": [5, 0, 5.5, 9], "texture": "#15"},
				"east": {"uv": [2, 0, 3, 9], "texture": "#15"},
				"south": {"uv": [5.5, 0, 6, 9], "texture": "#15"},
				"west": {"uv": [3, 0, 5, 15], "texture": "#15"},
				"up": {"uv": [6.5, 3, 6, 2], "texture": "#15"},
				"down": {"uv": [6.5, 3, 6, 4], "texture": "#15"}
			}
		},
		{
			"from": [0.5, 1, 10],
			"to": [1.95, 19, 12],
			"rotation": {"angle": -45, "axis": "x", "origin": [0, 5, 12]},
			"faces": {
				"north": {"uv": [4, 0, 4.5, 9], "texture": "#15"},
				"east": {"uv": [0, 0, 1, 9], "texture": "#15"},
				"south": {"uv": [4.5, 0, 5, 9], "texture": "#15"},
				"west": {"uv": [1, 0, 3, 15], "texture": "#15"},
				"up": {"uv": [6.5, 1, 6, 0], "texture": "#15"},
				"down": {"uv": [6.5, 1, 6, 2], "texture": "#15"}
			}
		},
		{
			"from": [14, 0, 0],
			"to": [16, 18, 2],
			"faces": {
				"north": {"uv": [0, 0, 2, 14], "texture": "#11"},
				"east": {"uv": [2, 0, 4, 14], "texture": "#11"},
				"south": {"uv": [4, 0, 6, 14], "texture": "#11"},
				"west": {"uv": [6, 0, 8, 14], "texture": "#11"},
				"up": {"uv": [8, 2, 6, 0], "texture": "#11"},
				"down": {"uv": [10, 2, 8, 4], "texture": "#11"}
			}
		},
		{
			"from": [0, 0, 0],
			"to": [2, 18, 2],
			"rotation": {"angle": 0, "axis": "y", "origin": [16, 0, 0]},
			"faces": {
				"north": {"uv": [2, 0, 0, 14], "texture": "#11"},
				"east": {"uv": [8, 0, 6, 14], "texture": "#11"},
				"south": {"uv": [6, 0, 4, 14], "texture": "#11"},
				"west": {"uv": [4, 0, 2, 14], "texture": "#11"},
				"up": {"uv": [6, 2, 8, 0], "texture": "#11"},
				"down": {"uv": [8, 2, 10, 4], "texture": "#11"}
			}
		},
		{
			"from": [0, 0, 14],
			"to": [2, 18, 16],
			"rotation": {"angle": 0, "axis": "y", "origin": [16, 0, 16]},
			"faces": {
				"north": {"uv": [4, 0, 6, 14], "texture": "#11"},
				"east": {"uv": [6, 0, 8, 14], "texture": "#11"},
				"south": {"uv": [0, 0, 2, 14], "texture": "#11"},
				"west": {"uv": [2, 0, 4, 14], "texture": "#11"},
				"up": {"uv": [6, 0, 8, 2], "texture": "#11"},
				"down": {"uv": [8, 4, 10, 2], "texture": "#11"}
			}
		},
		{
			"from": [14, 0, 14],
			"to": [16, 18, 16],
			"rotation": {"angle": 0, "axis": "y", "origin": [0, 0, 16]},
			"faces": {
				"north": {"uv": [6, 0, 4, 14], "texture": "#11"},
				"east": {"uv": [4, 0, 2, 14], "texture": "#11"},
				"south": {"uv": [2, 0, 0, 14], "texture": "#11"},
				"west": {"uv": [8, 0, 6, 14], "texture": "#11"},
				"up": {"uv": [8, 0, 6, 2], "texture": "#11"},
				"down": {"uv": [10, 4, 8, 2], "texture": "#11"}
			}
		},
		{
			"from": [14, 10, 2],
			"to": [16, 12, 14],
			"rotation": {"angle": 0, "axis": "y", "origin": [0, -1, 0]},
			"faces": {
				"north": {"uv": [4, 4, 6, 6], "texture": "#15"},
				"east": {"uv": [0, 0, 12, 2], "texture": "#15"},
				"south": {"uv": [4, 6, 6, 8], "texture": "#15"},
				"west": {"uv": [0, 2, 12, 4], "texture": "#15"},
				"up": {"uv": [2, 16, 0, 4], "texture": "#15"},
				"down": {"uv": [4, 4, 2, 16], "texture": "#15"}
			}
		},
		{
			"from": [2, 10, 14],
			"to": [14, 12, 16],
			"rotation": {"angle": 0, "axis": "y", "origin": [0, -1, 30]},
			"faces": {
				"north": {"uv": [0, 0, 12, 2], "texture": "#15"},
				"east": {"uv": [4, 6, 6, 8], "texture": "#15"},
				"south": {"uv": [0, 2, 12, 4], "texture": "#15"},
				"west": {"uv": [4, 4, 6, 6], "texture": "#15"},
				"up": {"uv": [2, 16, 0, 4], "rotation": 270, "texture": "#15"},
				"down": {"uv": [4, 4, 2, 16], "rotation": 90, "texture": "#15"}
			}
		},
		{
			"from": [2, 0, 0],
			"to": [14, 2, 2],
			"rotation": {"angle": 0, "axis": "y", "origin": [0, -2, 0]},
			"faces": {
				"north": {"uv": [0, 0, 12, 2], "texture": "#11"},
				"east": {"uv": [0, 8, 2, 10], "texture": "#11"},
				"south": {"uv": [0, 2, 12, 4], "texture": "#11"},
				"west": {"uv": [2, 8, 4, 10], "texture": "#11"},
				"up": {"uv": [12, 6, 0, 4], "texture": "#11"},
				"down": {"uv": [12, 6, 0, 8], "texture": "#11"}
			}
		},
		{
			"from": [2, 0, 14],
			"to": [14, 2, 16],
			"rotation": {"angle": 0, "axis": "y", "origin": [0, -2, 16]},
			"faces": {
				"north": {"uv": [12, 2, 0, 4], "texture": "#11"},
				"east": {"uv": [2, 8, 0, 10], "texture": "#11"},
				"south": {"uv": [12, 0, 0, 2], "texture": "#11"},
				"west": {"uv": [4, 8, 2, 10], "texture": "#11"},
				"up": {"uv": [12, 4, 0, 6], "texture": "#11"},
				"down": {"uv": [12, 8, 0, 6], "texture": "#11"}
			}
		},
		{
			"from": [0, 0, 2],
			"to": [2, 2, 14],
			"rotation": {"angle": 0, "axis": "y", "origin": [2, -2, 16]},
			"faces": {
				"north": {"uv": [2, 8, 0, 10], "texture": "#11"},
				"east": {"uv": [12, 0, 0, 2], "texture": "#11"},
				"south": {"uv": [4, 8, 2, 10], "texture": "#11"},
				"west": {"uv": [12, 2, 0, 4], "texture": "#11"},
				"up": {"uv": [12, 4, 0, 6], "rotation": 270, "texture": "#11"},
				"down": {"uv": [12, 8, 0, 6], "rotation": 90, "texture": "#11"}
			}
		},
		{
			"from": [14, 0, 2],
			"to": [16, 2, 14],
			"rotation": {"angle": 0, "axis": "y", "origin": [16, -2, 16]},
			"faces": {
				"north": {"uv": [2, 8, 0, 10], "texture": "#11"},
				"east": {"uv": [12, 0, 0, 2], "texture": "#11"},
				"south": {"uv": [4, 8, 2, 10], "texture": "#11"},
				"west": {"uv": [12, 2, 0, 4], "texture": "#11"},
				"up": {"uv": [12, 4, 0, 6], "rotation": 270, "texture": "#11"},
				"down": {"uv": [12, 8, 0, 6], "rotation": 90, "texture": "#11"}
			}
		},
		{
			"name": "TableMain",
			"from": [2, 2, 2],
			"to": [14, 14, 14],
			"rotation": {"angle": 0, "axis": "y", "origin": [2, 2, 2]},
			"faces": {
				"north": {"uv": [0, 0, 16, 16], "texture": "#14"},
				"east": {"uv": [0, 0, 16, 16], "texture": "#14"},
				"south": {"uv": [0, 0, 16, 16], "texture": "#14"},
				"west": {"uv": [0, 0, 16, 16], "texture": "#14"},
				"up": {"uv": [0, 0, 16, 16], "texture": "#14"},
				"down": {"uv": [0, 0, 16, 16], "texture": "#14"}
			}
		},
		{
			"from": [2, 14, 2],
			"to": [14, 16, 14],
			"rotation": {"angle": 0, "axis": "x", "origin": [2, 0, 2]},
			"faces": {
				"north": {"uv": [6, 0, 12, 1], "texture": "#14"},
				"east": {"uv": [6, 1, 12, 2], "texture": "#14"},
				"south": {"uv": [6, 2, 12, 3], "texture": "#14"},
				"west": {"uv": [6, 3, 12, 4], "texture": "#14"},
				"up": {"uv": [14, 14, 2, 2], "texture": "#14"},
				"down": {"uv": [6, 6, 0, 12], "texture": "#14"}
			}
		},
		{
			"from": [2, 14, 0],
			"to": [14, 16, 2],
			"rotation": {"angle": 0, "axis": "y", "origin": [14, 0, 0]},
			"faces": {
				"north": {"uv": [0, 2, 12, 4], "texture": "#14"},
				"east": {"uv": [2, 8, 4, 10], "texture": "#14"},
				"south": {"uv": [0, 0, 12, 2], "texture": "#14"},
				"west": {"uv": [0, 8, 2, 10], "texture": "#14"},
				"up": {"uv": [12, 6, 0, 4], "rotation": 180, "texture": "#14"},
				"down": {"uv": [14, 4, 2, 6], "rotation": 180, "texture": "#14"}
			}
		},
		{
			"from": [2, 14, 14],
			"to": [14, 16, 16],
			"rotation": {"angle": 0, "axis": "y", "origin": [2, 0, 16]},
			"faces": {
				"north": {"uv": [0, 0, 12, 2], "texture": "#14"},
				"east": {"uv": [0, 8, 2, 10], "texture": "#14"},
				"south": {"uv": [0, 2, 12, 4], "texture": "#14"},
				"west": {"uv": [2, 8, 4, 10], "texture": "#14"},
				"up": {"uv": [12, 6, 0, 4], "texture": "#14"},
				"down": {"uv": [13, 5, 1, 7], "texture": "#14"}
			}
		},
		{
			"from": [0, 14, 2],
			"to": [2, 16, 14],
			"rotation": {"angle": 0, "axis": "y", "origin": [0, 0, 2]},
			"faces": {
				"north": {"uv": [2, 8, 4, 10], "texture": "#14"},
				"east": {"uv": [0, 0, 12, 2], "texture": "#14"},
				"south": {"uv": [0, 8, 2, 10], "texture": "#14"},
				"west": {"uv": [0, 2, 12, 4], "texture": "#14"},
				"up": {"uv": [12, 6, 0, 4], "rotation": 90, "texture": "#14"},
				"down": {"uv": [13, 5, 1, 7], "rotation": 270, "texture": "#14"}
			}
		},
		{
			"from": [14, 14, 2],
			"to": [16, 16, 14],
			"rotation": {"angle": 0, "axis": "y", "origin": [16, 0, 14]},
			"faces": {
				"north": {"uv": [0, 8, 2, 10], "texture": "#14"},
				"east": {"uv": [0, 2, 12, 4], "texture": "#14"},
				"south": {"uv": [2, 8, 4, 10], "texture": "#14"},
				"west": {"uv": [0, 0, 12, 2], "texture": "#14"},
				"up": {"uv": [12, 6, 0, 4], "rotation": 270, "texture": "#14"},
				"down": {"uv": [13, 5, 1, 7], "rotation": 90, "texture": "#14"}
			}
		},
		{
			"from": [11.1, 16.2, 10.2],
			"to": [11.6, 16.25, 11.2],
			"rotation": {"angle": 0, "axis": "y", "origin": [13, 15, 11.7]},
			"faces": {
				"north": {"uv": [0, 6, 1, 8], "texture": "#13"},
				"east": {"uv": [0, 6, 1, 8], "texture": "#13"},
				"south": {"uv": [0, 6, 1, 8], "texture": "#13"},
				"west": {"uv": [0, 6, 1, 8], "texture": "#13"},
				"up": {"uv": [0, 6, 1, 8], "texture": "#13"},
				"down": {"uv": [0, 6, 1, 8], "texture": "#13"}
			}
		},
		{
			"from": [14.6, 16.2, 8.7],
			"to": [15.1, 16.25, 11.2],
			"rotation": {"angle": 0, "axis": "y", "origin": [13, 15, 11.7]},
			"faces": {
				"north": {"uv": [7, 6, 8, 11], "texture": "#13"},
				"east": {"uv": [7, 6, 8, 11], "texture": "#13"},
				"south": {"uv": [7, 6, 8, 11], "texture": "#13"},
				"west": {"uv": [7, 6, 8, 11], "texture": "#13"},
				"up": {"uv": [7, 11, 8, 6], "texture": "#13"},
				"down": {"uv": [7, 6, 8, 11], "texture": "#13"}
			}
		},
		{
			"from": [14.6, 16.2, 13.2],
			"to": [15.1, 16.25, 13.7],
			"rotation": {"angle": 0, "axis": "y", "origin": [13, 15, 11.7]},
			"faces": {
				"north": {"uv": [7, 1, 8, 2], "texture": "#13"},
				"east": {"uv": [7, 1, 8, 2], "texture": "#13"},
				"south": {"uv": [7, 1, 8, 2], "texture": "#13"},
				"west": {"uv": [7, 1, 8, 2], "texture": "#13"},
				"up": {"uv": [7, 1, 8, 2], "texture": "#13"},
				"down": {"uv": [7, 1, 8, 2], "texture": "#13"}
			}
		},
		{
			"from": [14.6, 16.2, 11.7],
			"to": [15.1, 16.25, 12.2],
			"rotation": {"angle": 0, "axis": "y", "origin": [13, 15, 11.7]},
			"faces": {
				"north": {"uv": [7, 4, 8, 5], "texture": "#13"},
				"east": {"uv": [7, 4, 8, 5], "texture": "#13"},
				"south": {"uv": [7, 4, 8, 5], "texture": "#13"},
				"west": {"uv": [7, 4, 8, 5], "texture": "#13"},
				"up": {"uv": [7, 4, 8, 5], "texture": "#13"},
				"down": {"uv": [7, 4, 8, 5], "texture": "#13"}
			}
		},
		{
			"from": [11.1, 16.2, 11.7],
			"to": [11.6, 16.25, 13.7],
			"rotation": {"angle": 0, "axis": "y", "origin": [13, 15, 11.7]},
			"faces": {
				"north": {"uv": [0, 1, 1, 5], "texture": "#13"},
				"east": {"uv": [0, 1, 1, 5], "texture": "#13"},
				"south": {"uv": [0, 4, 1, 5], "texture": "#13"},
				"west": {"uv": [1, 5, 0, 1], "rotation": 90, "texture": "#13"},
				"up": {"uv": [0, 5, 1, 1], "texture": "#13"},
				"down": {"uv": [0, 1, 1, 5], "texture": "#13"}
			}
		},
		{
			"from": [11.6, 16.2, 8.2],
			"to": [12.1, 16.25, 14.2],
			"rotation": {"angle": 0, "axis": "y", "origin": [13, 15, 11.7]},
			"faces": {
				"north": {"uv": [1, 0, 2, 12], "texture": "#13"},
				"east": {"uv": [1, 0, 2, 12], "texture": "#13"},
				"south": {"uv": [1, 0, 2, 12], "texture": "#13"},
				"west": {"uv": [1, 0, 2, 12], "texture": "#13"},
				"up": {"uv": [1, 0, 2, 12], "texture": "#13"},
				"down": {"uv": [1, 0, 2, 12], "texture": "#13"}
			}
		},
		{
			"from": [12.6, 16.2, 8.2],
			"to": [13.1, 16.25, 14.2],
			"rotation": {"angle": 0, "axis": "y", "origin": [13, 15, 11.7]},
			"faces": {
				"north": {"uv": [3, 0, 4, 12], "texture": "#13"},
				"east": {"uv": [3, 0, 4, 12], "texture": "#13"},
				"south": {"uv": [3, 0, 4, 12], "texture": "#13"},
				"west": {"uv": [3, 0, 4, 12], "texture": "#13"},
				"up": {"uv": [3, 0, 4, 12], "texture": "#13"},
				"down": {"uv": [3, 0, 4, 12], "texture": "#13"}
			}
		},
		{
			"from": [14.1, 16.2, 8.2],
			"to": [14.6, 16.25, 14.2],
			"rotation": {"angle": 0, "axis": "y", "origin": [13, 15, 11.7]},
			"faces": {
				"north": {"uv": [6, 0, 7, 12], "texture": "#13"},
				"east": {"uv": [6, 0, 7, 12], "texture": "#13"},
				"south": {"uv": [6, 0, 7, 12], "texture": "#13"},
				"west": {"uv": [6, 0, 7, 12], "texture": "#13"},
				"up": {"uv": [6, 0, 7, 12], "texture": "#13"},
				"down": {"uv": [6, 0, 7, 12], "texture": "#13"}
			}
		},
		{
			"from": [12.1, 16.2, 8.2],
			"to": [12.6, 16.25, 13.7],
			"rotation": {"angle": 0, "axis": "y", "origin": [13, 15, 11.7]},
			"faces": {
				"north": {"uv": [2, 1, 3, 12], "texture": "#13"},
				"east": {"uv": [2, 1, 3, 12], "texture": "#13"},
				"south": {"uv": [2, 1, 3, 12], "texture": "#13"},
				"west": {"uv": [2, 1, 3, 12], "texture": "#13"},
				"up": {"uv": [2, 1, 3, 12], "texture": "#13"},
				"down": {"uv": [2, 1, 3, 12], "texture": "#13"}
			}
		},
		{
			"from": [13.1, 16.2, 8.7],
			"to": [13.6, 16.25, 14.2],
			"rotation": {"angle": 0, "axis": "y", "origin": [13, 15, 11.7]},
			"faces": {
				"north": {"uv": [4, 0, 5, 11], "texture": "#13"},
				"east": {"uv": [4, 0, 5, 11], "texture": "#13"},
				"south": {"uv": [4, 0, 5, 11], "texture": "#13"},
				"west": {"uv": [4, 0, 5, 11], "texture": "#13"},
				"up": {"uv": [4, 0, 5, 11], "texture": "#13"},
				"down": {"uv": [4, 0, 5, 11], "texture": "#13"}
			}
		},
		{
			"from": [13.6, 16.2, 9.2],
			"to": [14.1, 16.25, 13.7],
			"rotation": {"angle": 0, "axis": "y", "origin": [13, 15, 11.7]},
			"faces": {
				"north": {"uv": [5, 1, 6, 10], "texture": "#13"},
				"east": {"uv": [5, 1, 6, 10], "texture": "#13"},
				"south": {"uv": [5, 1, 6, 10], "texture": "#13"},
				"west": {"uv": [5, 1, 6, 10], "texture": "#13"},
				"up": {"uv": [5, 1, 6, 10], "texture": "#13"},
				"down": {"uv": [5, 1, 6, 10], "texture": "#13"}
			}
		},
		{
			"from": [11.1, 16.2, 8.7],
			"to": [11.6, 16.25, 9.7],
			"rotation": {"angle": 0, "axis": "y", "origin": [13, 15, 11.7]},
			"faces": {
				"north": {"uv": [0, 9, 1, 11], "texture": "#13"},
				"east": {"uv": [0, 9, 1, 11], "texture": "#13"},
				"south": {"uv": [0, 9, 1, 11], "texture": "#13"},
				"west": {"uv": [0, 9, 1, 11], "texture": "#13"},
				"up": {"uv": [1, 11, 0, 9], "texture": "#13"},
				"down": {"uv": [0, 9, 1, 11], "texture": "#13"}
			}
		},
		{
			"from": [8.1, 16.225, 11.1],
			"to": [8.6, 16.275, 12.1],
			"rotation": {"angle": -22.5, "axis": "y", "origin": [10, 15.025, 12.6]},
			"faces": {
				"north": {"uv": [0, 6, 1, 8], "texture": "#13"},
				"east": {"uv": [0, 6, 1, 8], "texture": "#13"},
				"south": {"uv": [0, 6, 1, 8], "texture": "#13"},
				"west": {"uv": [0, 6, 1, 8], "texture": "#13"},
				"up": {"uv": [0, 6, 1, 8], "texture": "#13"},
				"down": {"uv": [0, 6, 1, 8], "texture": "#13"}
			}
		},
		{
			"from": [11.6, 16.225, 9.6],
			"to": [12.1, 16.275, 12.1],
			"rotation": {"angle": -22.5, "axis": "y", "origin": [10, 15.025, 12.6]},
			"faces": {
				"north": {"uv": [7, 6, 8, 11], "texture": "#13"},
				"east": {"uv": [7, 6, 8, 11], "texture": "#13"},
				"south": {"uv": [7, 6, 8, 11], "texture": "#13"},
				"west": {"uv": [7, 6, 8, 11], "texture": "#13"},
				"up": {"uv": [7, 11, 8, 6], "texture": "#13"},
				"down": {"uv": [7, 6, 8, 11], "texture": "#13"}
			}
		},
		{
			"from": [11.6, 16.225, 14.1],
			"to": [12.1, 16.275, 14.6],
			"rotation": {"angle": -22.5, "axis": "y", "origin": [10, 15.025, 12.6]},
			"faces": {
				"north": {"uv": [7, 1, 8, 2], "texture": "#13"},
				"east": {"uv": [7, 1, 8, 2], "texture": "#13"},
				"south": {"uv": [7, 1, 8, 2], "texture": "#13"},
				"west": {"uv": [7, 1, 8, 2], "texture": "#13"},
				"up": {"uv": [7, 1, 8, 2], "texture": "#13"},
				"down": {"uv": [7, 1, 8, 2], "texture": "#13"}
			}
		},
		{
			"from": [11.6, 16.225, 12.6],
			"to": [12.1, 16.275, 13.1],
			"rotation": {"angle": -22.5, "axis": "y", "origin": [10, 15.025, 12.6]},
			"faces": {
				"north": {"uv": [7, 4, 8, 5], "texture": "#13"},
				"east": {"uv": [7, 4, 8, 5], "texture": "#13"},
				"south": {"uv": [7, 4, 8, 5], "texture": "#13"},
				"west": {"uv": [7, 4, 8, 5], "texture": "#13"},
				"up": {"uv": [7, 4, 8, 5], "texture": "#13"},
				"down": {"uv": [7, 4, 8, 5], "texture": "#13"}
			}
		},
		{
			"from": [8.1, 16.225, 12.6],
			"to": [8.6, 16.275, 14.6],
			"rotation": {"angle": -22.5, "axis": "y", "origin": [10, 15.025, 12.6]},
			"faces": {
				"north": {"uv": [0, 1, 1, 5], "texture": "#13"},
				"east": {"uv": [0, 1, 1, 5], "texture": "#13"},
				"south": {"uv": [0, 4, 1, 5], "texture": "#13"},
				"west": {"uv": [1, 5, 0, 1], "rotation": 90, "texture": "#13"},
				"up": {"uv": [0, 5, 1, 1], "texture": "#13"},
				"down": {"uv": [0, 1, 1, 5], "texture": "#13"}
			}
		},
		{
			"from": [8.6, 16.225, 9.1],
			"to": [9.1, 16.275, 15.1],
			"rotation": {"angle": -22.5, "axis": "y", "origin": [10, 15.025, 12.6]},
			"faces": {
				"north": {"uv": [1, 0, 2, 12], "texture": "#13"},
				"east": {"uv": [1, 0, 2, 12], "texture": "#13"},
				"south": {"uv": [1, 0, 2, 12], "texture": "#13"},
				"west": {"uv": [1, 0, 2, 12], "texture": "#13"},
				"up": {"uv": [1, 0, 2, 12], "texture": "#13"},
				"down": {"uv": [1, 0, 2, 12], "texture": "#13"}
			}
		},
		{
			"from": [9.6, 16.225, 9.1],
			"to": [10.1, 16.275, 15.1],
			"rotation": {"angle": -22.5, "axis": "y", "origin": [10, 15.025, 12.6]},
			"faces": {
				"north": {"uv": [3, 0, 4, 12], "texture": "#13"},
				"east": {"uv": [3, 0, 4, 12], "texture": "#13"},
				"south": {"uv": [3, 0, 4, 12], "texture": "#13"},
				"west": {"uv": [3, 0, 4, 12], "texture": "#13"},
				"up": {"uv": [3, 0, 4, 12], "texture": "#13"},
				"down": {"uv": [3, 0, 4, 12], "texture": "#13"}
			}
		},
		{
			"from": [11.1, 16.225, 9.1],
			"to": [11.6, 16.275, 15.1],
			"rotation": {"angle": -22.5, "axis": "y", "origin": [10, 15.025, 12.6]},
			"faces": {
				"north": {"uv": [6, 0, 7, 12], "texture": "#13"},
				"east": {"uv": [6, 0, 7, 12], "texture": "#13"},
				"south": {"uv": [6, 0, 7, 12], "texture": "#13"},
				"west": {"uv": [6, 0, 7, 12], "texture": "#13"},
				"up": {"uv": [6, 0, 7, 12], "texture": "#13"},
				"down": {"uv": [6, 0, 7, 12], "texture": "#13"}
			}
		},
		{
			"from": [9.1, 16.225, 9.1],
			"to": [9.6, 16.275, 14.6],
			"rotation": {"angle": -22.5, "axis": "y", "origin": [10, 15.025, 12.6]},
			"faces": {
				"north": {"uv": [2, 1, 3, 12], "texture": "#13"},
				"east": {"uv": [2, 1, 3, 12], "texture": "#13"},
				"south": {"uv": [2, 1, 3, 12], "texture": "#13"},
				"west": {"uv": [2, 1, 3, 12], "texture": "#13"},
				"up": {"uv": [2, 1, 3, 12], "texture": "#13"},
				"down": {"uv": [2, 1, 3, 12], "texture": "#13"}
			}
		},
		{
			"from": [10.1, 16.225, 9.6],
			"to": [10.6, 16.275, 15.1],
			"rotation": {"angle": -22.5, "axis": "y", "origin": [10, 15.025, 12.6]},
			"faces": {
				"north": {"uv": [4, 0, 5, 11], "texture": "#13"},
				"east": {"uv": [4, 0, 5, 11], "texture": "#13"},
				"south": {"uv": [4, 0, 5, 11], "texture": "#13"},
				"west": {"uv": [4, 0, 5, 11], "texture": "#13"},
				"up": {"uv": [4, 0, 5, 11], "texture": "#13"},
				"down": {"uv": [4, 0, 5, 11], "texture": "#13"}
			}
		},
		{
			"from": [10.6, 16.225, 10.1],
			"to": [11.1, 16.275, 14.6],
			"rotation": {"angle": -22.5, "axis": "y", "origin": [10, 15.025, 12.6]},
			"faces": {
				"north": {"uv": [5, 1, 6, 10], "texture": "#13"},
				"east": {"uv": [5, 1, 6, 10], "texture": "#13"},
				"south": {"uv": [5, 1, 6, 10], "texture": "#13"},
				"west": {"uv": [5, 1, 6, 10], "texture": "#13"},
				"up": {"uv": [5, 1, 6, 10], "texture": "#13"},
				"down": {"uv": [5, 1, 6, 10], "texture": "#13"}
			}
		},
		{
			"from": [8.1, 16.225, 9.6],
			"to": [8.6, 16.275, 10.6],
			"rotation": {"angle": -22.5, "axis": "y", "origin": [10, 15.025, 12.6]},
			"faces": {
				"north": {"uv": [0, 9, 1, 11], "texture": "#13"},
				"east": {"uv": [0, 9, 1, 11], "texture": "#13"},
				"south": {"uv": [0, 9, 1, 11], "texture": "#13"},
				"west": {"uv": [0, 9, 1, 11], "texture": "#13"},
				"up": {"uv": [1, 11, 0, 9], "texture": "#13"},
				"down": {"uv": [0, 9, 1, 11], "texture": "#13"}
			}
		},
		{
			"from": [5, 16, 3],
			"to": [6, 17, 6],
			"rotation": {"angle": -22.5, "axis": "y", "origin": [5, 16, 3]},
			"faces": {
				"north": {"uv": [0, 0, 1, 1], "texture": "#15"},
				"east": {"uv": [0, 0, 4, 1], "texture": "#15"},
				"south": {"uv": [0, 0, 1, 1], "texture": "#15"},
				"west": {"uv": [0, 0, 3, 1], "texture": "#15"},
				"up": {"uv": [1, 0, 3, 3], "texture": "#15"},
				"down": {"uv": [1, 0, 3, 3], "texture": "#15"}
			}
		},
		{
			"from": [5.1, 16.3, 6],
			"to": [5.9, 16.7, 7],
			"rotation": {"angle": -22.5, "axis": "y", "origin": [5, 16, 3]},
			"faces": {
				"north": {"uv": [0, 0, 1.8, 2.4], "texture": "#7"},
				"east": {"uv": [0, 0, 2, 2.4], "texture": "#7"},
				"south": {"uv": [0, 0, 1.8, 2.4], "texture": "#7"},
				"west": {"uv": [0, 0, 2, 2.4], "texture": "#7"},
				"up": {"uv": [0, 0, 1.8, 2], "texture": "#7"},
				"down": {"uv": [0, 0, 1.8, 2], "texture": "#7"}
			}
		},
		{
			"from": [5, 16.3, 7],
			"to": [6.1, 16.7, 12.4],
			"rotation": {"angle": -22.5, "axis": "y", "origin": [5, 16, 3]},
			"faces": {
				"north": {"uv": [0, 0, 1.8, 2.4], "texture": "#7"},
				"east": {"uv": [0, 0, 2, 2.4], "texture": "#7"},
				"south": {"uv": [0, 0, 1.8, 2.4], "texture": "#7"},
				"west": {"uv": [0, 0, 2, 2.4], "texture": "#7"},
				"up": {"uv": [0, 2, 2, 8], "texture": "#7"},
				"down": {"uv": [0, 0, 1.8, 2], "texture": "#7"}
			}
		},
		{
			"from": [6.1, 16.3, 7],
			"to": [6.4, 16.7, 11.8],
			"rotation": {"angle": -22.5, "axis": "y", "origin": [5, 16, 3]},
			"faces": {
				"north": {"uv": [0, 0, 1.8, 2.4], "texture": "#7"},
				"east": {"uv": [0, 0, 2, 2.4], "texture": "#7"},
				"south": {"uv": [0, 0, 1.8, 2.4], "texture": "#7"},
				"west": {"uv": [0, 0, 2, 2.4], "texture": "#7"},
				"up": {"uv": [0, 3, 0.8, 11], "texture": "#7"},
				"down": {"uv": [0, 0, 1.8, 2], "texture": "#7"}
			}
		},
		{
			"from": [5.5, 4.5, -2.5],
			"to": [10.5, 5.5, -2],
			"rotation": {"angle": 0, "axis": "y", "origin": [0, 4, 0]},
			"faces": {
				"north": {"uv": [0, 0, 2.5, 0.5], "texture": "#7"},
				"east": {"uv": [0, 0, 0.25, 0.5], "texture": "#7"},
				"south": {"uv": [0, 0, 2.5, 0.5], "texture": "#7"},
				"west": {"uv": [0, 0, 0.25, 0.5], "texture": "#7"},
				"up": {"uv": [0, 0, 2.5, 0.25], "texture": "#7"},
				"down": {"uv": [0, 0, 2.5, 0.25], "texture": "#7"}
			}
		},
		{
			"from": [4, 4, -1],
			"to": [12, 4.5, 2],
			"rotation": {"angle": 0, "axis": "y", "origin": [7, 4, 0]},
			"faces": {
				"north": {"uv": [0, 6, 8, 7], "texture": "#9"},
				"east": {"uv": [8, 4, 11, 5], "texture": "#9"},
				"south": {"uv": [0, 7, 8, 8], "texture": "#9"},
				"west": {"uv": [8, 5, 11, 6], "texture": "#9"},
				"up": {"uv": [8, 3, 0, 0], "texture": "#9"},
				"down": {"uv": [8, 3, 0, 6], "texture": "#9"}
			}
		},
		{
			"from": [11, 4.5, -1],
			"to": [12, 6, 2],
			"rotation": {"angle": 0, "axis": "y", "origin": [7, 4, 0]},
			"faces": {
				"north": {"uv": [0, 10, 1, 12], "texture": "#9"},
				"east": {"uv": [8, 2, 11, 4], "texture": "#9"},
				"south": {"uv": [1, 10, 2, 12], "texture": "#9"},
				"west": {"uv": [3, 8, 6, 10], "texture": "#9"},
				"up": {"uv": [8, 11, 7, 8], "texture": "#9"},
				"down": {"uv": [10, 6, 9, 9], "texture": "#9"}
			}
		},
		{
			"from": [4, 4.5, -1],
			"to": [5, 6, 2],
			"rotation": {"angle": 0, "axis": "y", "origin": [0, 4, 0]},
			"faces": {
				"north": {"uv": [8, 9, 9, 11], "texture": "#9"},
				"east": {"uv": [0, 8, 3, 10], "texture": "#9"},
				"south": {"uv": [9, 9, 10, 11], "texture": "#9"},
				"west": {"uv": [8, 0, 11, 2], "texture": "#9"},
				"up": {"uv": [7, 11, 6, 8], "texture": "#9"},
				"down": {"uv": [9, 6, 8, 9], "texture": "#9"}
			}
		},
		{
			"from": [3.5, 3.5, -2],
			"to": [12.5, 6.5, -1],
			"rotation": {"angle": 0, "axis": "y", "origin": [0, 4, 0]},
			"faces": {
				"north": {"uv": [0, 0, 9, 3], "texture": "#6"},
				"east": {"uv": [0, 8, 1, 11], "texture": "#6"},
				"south": {"uv": [0, 3, 9, 6], "texture": "#6"},
				"west": {"uv": [1, 8, 2, 11], "texture": "#6"},
				"up": {"uv": [9, 7, 0, 6], "texture": "#6"},
				"down": {"uv": [9, 7, 0, 8], "texture": "#6"}
			}
		},
		{
			"from": [5.5, 9.5, -1.5],
			"to": [10.5, 10.5, -1],
			"rotation": {"angle": 0, "axis": "y", "origin": [0, 9, 1]},
			"faces": {
				"north": {"uv": [0, 0, 2.5, 0.5], "texture": "#7"},
				"east": {"uv": [0, 0, 0.25, 0.5], "texture": "#7"},
				"south": {"uv": [0, 0, 2.5, 0.5], "texture": "#7"},
				"west": {"uv": [0, 0, 0.25, 0.5], "texture": "#7"},
				"up": {"uv": [0, 0, 2.5, 0.25], "texture": "#7"},
				"down": {"uv": [0, 0, 2.5, 0.25], "texture": "#7"}
			}
		},
		{
			"from": [4, 9, 0],
			"to": [12, 9.5, 3],
			"rotation": {"angle": 0, "axis": "y", "origin": [7, 9, 1]},
			"faces": {
				"north": {"uv": [0, 6, 8, 7], "texture": "#9"},
				"east": {"uv": [8, 4, 11, 5], "texture": "#9"},
				"south": {"uv": [0, 7, 8, 8], "texture": "#9"},
				"west": {"uv": [8, 5, 11, 6], "texture": "#9"},
				"up": {"uv": [8, 3, 0, 0], "texture": "#9"},
				"down": {"uv": [8, 3, 0, 6], "texture": "#9"}
			}
		},
		{
			"from": [11, 9.5, 0],
			"to": [12, 11, 3],
			"rotation": {"angle": 0, "axis": "y", "origin": [7, 9, 1]},
			"faces": {
				"north": {"uv": [0, 10, 1, 12], "texture": "#9"},
				"east": {"uv": [8, 2, 11, 4], "texture": "#9"},
				"south": {"uv": [1, 10, 2, 12], "texture": "#9"},
				"west": {"uv": [3, 8, 6, 10], "texture": "#9"},
				"up": {"uv": [8, 11, 7, 8], "texture": "#9"},
				"down": {"uv": [10, 6, 9, 9], "texture": "#9"}
			}
		},
		{
			"from": [4, 9.5, 0],
			"to": [5, 11, 3],
			"rotation": {"angle": 0, "axis": "y", "origin": [0, 9, 1]},
			"faces": {
				"north": {"uv": [8, 9, 9, 11], "texture": "#9"},
				"east": {"uv": [0, 8, 3, 10], "texture": "#9"},
				"south": {"uv": [9, 9, 10, 11], "texture": "#9"},
				"west": {"uv": [8, 0, 11, 2], "texture": "#9"},
				"up": {"uv": [7, 11, 6, 8], "texture": "#9"},
				"down": {"uv": [9, 6, 8, 9], "texture": "#9"}
			}
		},
		{
			"from": [3.5, 8.5, -1],
			"to": [12.5, 11.5, 0],
			"rotation": {"angle": 0, "axis": "y", "origin": [0, 9, 1]},
			"faces": {
				"north": {"uv": [0, 0, 9, 3], "texture": "#6"},
				"east": {"uv": [0, 8, 1, 11], "texture": "#6"},
				"south": {"uv": [0, 3, 9, 6], "texture": "#6"},
				"west": {"uv": [1, 8, 2, 11], "texture": "#6"},
				"up": {"uv": [9, 7, 0, 6], "texture": "#6"},
				"down": {"uv": [9, 7, 0, 8], "texture": "#6"}
			}
		},
		{
			"from": [3.5, 8.5, 1.9],
			"to": [12.5, 11.5, 2.1],
			"rotation": {"angle": 0, "axis": "y", "origin": [0, 9, 2.9]},
			"faces": {
				"north": {"uv": [0, 0, 9, 3], "texture": "#17"},
				"east": {"uv": [0, 8, 1, 11], "texture": "#17"},
				"south": {"uv": [0, 3, 9, 6], "texture": "#17"},
				"west": {"uv": [1, 8, 2, 11], "texture": "#17"},
				"up": {"uv": [9, 7, 0, 6], "texture": "#17"},
				"down": {"uv": [9, 7, 0, 8], "texture": "#17"}
			}
		},
		{
			"from": [3.5, 3.5, 1.9],
			"to": [12.5, 6.5, 2.1],
			"rotation": {"angle": 0, "axis": "y", "origin": [0, 4, 2.9]},
			"faces": {
				"north": {"uv": [0, 0, 9, 3], "texture": "#17"},
				"east": {"uv": [0, 8, 1, 11], "texture": "#17"},
				"south": {"uv": [0, 3, 9, 6], "texture": "#17"},
				"west": {"uv": [1, 8, 2, 11], "texture": "#17"},
				"up": {"uv": [9, 7, 0, 6], "texture": "#17"},
				"down": {"uv": [9, 7, 0, 8], "texture": "#17"}
			}
		},
		{
			"from": [15.5, 2.5, 8.3],
			"to": [17.5, 5, 12.7],
			"rotation": {"angle": 0, "axis": "y", "origin": [14, 9, 9]},
			"faces": {
				"north": {"uv": [0, 6, 2, 9], "texture": "#5"},
				"east": {"uv": [0, 0, 4, 3], "texture": "#5"},
				"south": {"uv": [6, 0, 8, 3], "texture": "#5"},
				"west": {"uv": [0, 3, 4, 6], "texture": "#5"},
				"up": {"uv": [6, 4, 4, 0], "texture": "#5"},
				"down": {"uv": [6, 4, 4, 8], "texture": "#5"}
			}
		},
		{
			"from": [16, 2, 10],
			"to": [17, 11, 11],
			"rotation": {"angle": 0, "axis": "y", "origin": [14, 9, 9]},
			"faces": {
				"north": {"uv": [0, 0, 1, 9], "texture": "#15"},
				"east": {"uv": [1, 0, 3, 9], "texture": "#15"},
				"south": {"uv": [2, 0, 3, 9], "texture": "#15"},
				"west": {"uv": [3, 0, 4, 9], "texture": "#15"},
				"up": {"uv": [7, 12, 6, 11], "texture": "#15"},
				"down": {"uv": [12, 6, 11, 7], "texture": "#15"}
			}
		},
		{
			"from": [16, 11, 4.1],
			"to": [16.5, 12, 7],
			"rotation": {"angle": 0, "axis": "y", "origin": [14, 10, 3.5]},
			"faces": {
				"north": {"uv": [4, 11, 5, 12], "texture": "#15"},
				"east": {"uv": [6, 0, 10, 1], "texture": "#15"},
				"south": {"uv": [11, 4, 12, 5], "texture": "#15"},
				"west": {"uv": [6, 1, 9, 2], "texture": "#15"},
				"up": {"uv": [7, 5, 6, 2], "texture": "#15"},
				"down": {"uv": [5, 6, 4, 9], "texture": "#15"}
			}
		},
		{
			"from": [16, 8.375, 5.125],
			"to": [16.5, 9.375, 7.5],
			"rotation": {"angle": 0, "axis": "y", "origin": [14, 6.875, 3.625]},
			"faces": {
				"north": {"uv": [1, 11, 2, 12], "texture": "#15"},
				"east": {"uv": [2, 9, 5, 10], "texture": "#15"},
				"south": {"uv": [11, 1, 12, 2], "texture": "#15"},
				"west": {"uv": [9, 2, 11, 3], "texture": "#15"},
				"up": {"uv": [10, 5, 9, 3], "texture": "#15"},
				"down": {"uv": [5, 9, 4, 11], "texture": "#15"}
			}
		},
		{
			"from": [16.25, 1.375, 6.225],
			"to": [16.25, 8.375, 7.1],
			"rotation": {"angle": 0, "axis": "y", "origin": [14, 6.875, 3.425]},
			"faces": {
				"north": {"uv": [0, 0, 0, 7], "texture": "#8"},
				"east": {"uv": [1, 1, 2.875, 8], "texture": "#8"},
				"south": {"uv": [0, 0, 0, 7], "texture": "#8"},
				"west": {"uv": [0, 0, 0.875, 7], "texture": "#8"},
				"up": {"uv": [0, 0, 0, 0.875], "texture": "#8"},
				"down": {"uv": [0, 0, 0, 0.875], "texture": "#8"}
			}
		},
		{
			"from": [16.25, 3.375, 5.425],
			"to": [16.25, 8.375, 6.225],
			"rotation": {"angle": 0, "axis": "y", "origin": [14, 6.875, 3.925]},
			"faces": {
				"north": {"uv": [0, 0, 0, 5], "texture": "#8"},
				"east": {"uv": [1, 1, 2.8, 6], "texture": "#8"},
				"south": {"uv": [0, 0, 0, 5], "texture": "#8"},
				"west": {"uv": [0, 0, 0.8, 5], "texture": "#8"},
				"up": {"uv": [0, 0, 0, 0.8], "texture": "#8"},
				"down": {"uv": [0, 0, 0, 0.8], "texture": "#8"}
			}
		},
		{
			"from": [16.25, 5.375, 4.425],
			"to": [16.25, 9.375, 5.425],
			"rotation": {"angle": 0, "axis": "x", "origin": [14, 6.875, 2.925]},
			"faces": {
				"north": {"uv": [0, 0, 0, 4], "texture": "#8"},
				"east": {"uv": [1, 1, 3, 5], "texture": "#8"},
				"south": {"uv": [0, 0, 0, 4], "texture": "#8"},
				"west": {"uv": [0, 0, 1, 4], "texture": "#8"},
				"up": {"uv": [0, 0, 0, 1], "texture": "#8"},
				"down": {"uv": [0, 0, 0, 1], "texture": "#8"}
			}
		},
		{
			"from": [16.25, 7.375, 3.825],
			"to": [16.25, 10.175, 4.425],
			"rotation": {"angle": 0, "axis": "x", "origin": [14, 7.875, 1.925]},
			"faces": {
				"north": {"uv": [0, 0, 0, 2.8], "texture": "#8"},
				"east": {"uv": [1, 1, 2.6, 3.8], "texture": "#8"},
				"south": {"uv": [0, 0, 0, 2.8], "texture": "#8"},
				"west": {"uv": [0, 0, 0.6, 2.8], "texture": "#8"},
				"up": {"uv": [0, 0, 0, 0.6], "texture": "#8"},
				"down": {"uv": [0, 0, 0, 0.6], "texture": "#8"}
			}
		},
		{
			"from": [16, 9.375, 7],
			"to": [16.5, 12, 7.5],
			"rotation": {"angle": 0, "axis": "y", "origin": [14, 10, 3.5]},
			"faces": {
				"north": {"uv": [4, 0, 5, 3], "texture": "#15"},
				"east": {"uv": [4, 3, 6, 6], "texture": "#15"},
				"south": {"uv": [5, 0, 6, 3], "texture": "#15"},
				"west": {"uv": [5, 3, 6, 6], "texture": "#15"},
				"up": {"uv": [12, 3, 11, 2], "texture": "#15"},
				"down": {"uv": [12, 3, 11, 4], "texture": "#15"}
			}
		},
		{
			"from": [16, 10, 3.5],
			"to": [16.5, 12, 4.2],
			"rotation": {"angle": 0, "axis": "y", "origin": [14, 10, 0]},
			"faces": {
				"north": {"uv": [5, 9, 6, 11], "texture": "#15"},
				"east": {"uv": [9, 5, 11, 7], "texture": "#15"},
				"south": {"uv": [9, 7, 10, 9], "texture": "#15"},
				"west": {"uv": [9, 9, 10, 11], "texture": "#15"},
				"up": {"uv": [6, 12, 5, 11], "texture": "#15"},
				"down": {"uv": [12, 5, 11, 6], "texture": "#15"}
			}
		},
		{
			"from": [16, 5.9, 6.15],
			"to": [16.5, 8.2, 7.15],
			"rotation": {"angle": -45, "axis": "x", "origin": [14, 5.9, 2.65]},
			"faces": {
				"north": {"uv": [8, 8, 9, 10], "texture": "#15"},
				"east": {"uv": [0, 9, 2, 11], "texture": "#15"},
				"south": {"uv": [9, 0, 10, 2], "texture": "#15"},
				"west": {"uv": [1, 9, 2, 11], "texture": "#15"},
				"up": {"uv": [1, 12, 0, 11], "texture": "#15"},
				"down": {"uv": [12, 0, 11, 1], "texture": "#15"}
			}
		},
		{
			"from": [10, 9.5, 16.1],
			"to": [10.9, 12, 16.9],
			"rotation": {"angle": 0, "axis": "y", "origin": [11, 10, 14]},
			"faces": {
				"north": {"uv": [8, 2, 9, 5], "texture": "#15"},
				"east": {"uv": [8, 5, 9, 8], "texture": "#15"},
				"south": {"uv": [6, 8, 8, 11], "texture": "#15"},
				"west": {"uv": [7, 8, 8, 11], "texture": "#15"},
				"up": {"uv": [12, 10, 11, 9], "texture": "#15"},
				"down": {"uv": [11, 11, 10, 12], "texture": "#15"}
			}
		},
		{
			"from": [8.1, 9.5, 16.1],
			"to": [9, 12, 16.9],
			"rotation": {"angle": 0, "axis": "y", "origin": [8, 10, 14]},
			"faces": {
				"north": {"uv": [5, 6, 6, 9], "texture": "#15"},
				"east": {"uv": [6, 5, 7, 8], "texture": "#15"},
				"south": {"uv": [7, 2, 9, 5], "texture": "#15"},
				"west": {"uv": [7, 5, 8, 8], "texture": "#15"},
				"up": {"uv": [12, 9, 11, 8], "texture": "#15"},
				"down": {"uv": [10, 11, 9, 12], "texture": "#15"}
			}
		},
		{
			"from": [8.875, 8.175, 16.1],
			"to": [9.775, 9.675, 16.9],
			"rotation": {"angle": 22.5, "axis": "z", "origin": [8.775, 7.675, 14]},
			"faces": {
				"north": {"uv": [10, 0, 11, 2], "texture": "#15"},
				"east": {"uv": [2, 10, 3, 12], "texture": "#15"},
				"south": {"uv": [3, 10, 5, 12], "texture": "#15"},
				"west": {"uv": [10, 3, 11, 5], "texture": "#15"},
				"up": {"uv": [8, 12, 7, 11], "texture": "#15"},
				"down": {"uv": [12, 7, 11, 8], "texture": "#15"}
			}
		},
		{
			"from": [9.225, 8.175, 16.1],
			"to": [10.125, 9.675, 16.9],
			"rotation": {"angle": -22.5, "axis": "z", "origin": [10.225, 7.675, 14]},
			"faces": {
				"north": {"uv": [10, 5, 11, 7], "texture": "#15"},
				"east": {"uv": [10, 7, 11, 9], "texture": "#15"},
				"south": {"uv": [8, 10, 10, 12], "texture": "#15"},
				"west": {"uv": [10, 9, 11, 11], "texture": "#15"},
				"up": {"uv": [12, 11, 11, 10], "texture": "#15"},
				"down": {"uv": [12, 11, 11, 12], "texture": "#15"}
			}
		},
		{
			"from": [9.65, 6.775, 16.3],
			"to": [10.25, 8.575, 16.7],
			"rotation": {"angle": 22.5, "axis": "z", "origin": [10.45, 8.075, 14]},
			"faces": {
				"north": {"uv": [3.6, 3, 4.2, 4.8], "texture": "#7"},
				"east": {"uv": [4.4, 3, 4.8, 4.8], "texture": "#7"},
				"south": {"uv": [3.6, 3, 4.2, 4.8], "texture": "#7"},
				"west": {"uv": [4.4, 3, 4.8, 4.8], "texture": "#7"},
				"up": {"uv": [3.6, 4, 4.2, 4.4], "texture": "#7"},
				"down": {"uv": [3.6, 4, 4.2, 4.4], "texture": "#7"}
			}
		},
		{
			"from": [8.75, 6.775, 16.3],
			"to": [9.35, 8.575, 16.7],
			"rotation": {"angle": -22.5, "axis": "z", "origin": [8.55, 8.075, 14]},
			"faces": {
				"north": {"uv": [4, 3, 4.6, 4.8], "texture": "#7"},
				"east": {"uv": [4, 3, 4.4, 4.8], "texture": "#7"},
				"south": {"uv": [4, 3, 4.6, 4.8], "texture": "#7"},
				"west": {"uv": [4, 3, 4.4, 4.8], "texture": "#7"},
				"up": {"uv": [4, 4, 4.6, 4.4], "texture": "#7"},
				"down": {"uv": [4, 4, 4.6, 4.4], "texture": "#7"}
			}
		},
		{
			"from": [9.05, 8.175, 16.3],
			"to": [9.95, 8.975, 16.7],
			"rotation": {"angle": 0, "axis": "z", "origin": [8.55, 8.075, 14]},
			"faces": {
				"north": {"uv": [4, 4, 4.9, 4.8], "texture": "#7"},
				"east": {"uv": [4, 4, 4.4, 4.8], "texture": "#7"},
				"south": {"uv": [4, 4, 4.9, 4.8], "texture": "#7"},
				"west": {"uv": [4, 4, 4.4, 4.8], "texture": "#7"},
				"up": {"uv": [4, 3, 4.9, 3.4], "texture": "#7"},
				"down": {"uv": [4, 4, 4.9, 4.4], "texture": "#7"}
			}
		},
		{
			"from": [3, 2, 15.4],
			"to": [4.2, 2.3, 16.6],
			"rotation": {"angle": 45, "axis": "y", "origin": [2.6, 0, 15]},
			"faces": {
				"north": {"uv": [0, 0, 1.2, 0.3], "texture": "#7"},
				"east": {"uv": [0, 0, 1.2, 0.3], "texture": "#7"},
				"south": {"uv": [0, 0, 1.2, 0.3], "texture": "#7"},
				"west": {"uv": [0, 0, 1.2, 0.3], "texture": "#7"},
				"up": {"uv": [0, 0, 1.2, 1.2], "texture": "#7"},
				"down": {"uv": [0, 0, 1.2, 1.2], "texture": "#7"}
			}
		},
		{
			"from": [3.8, 2.3, 14.8],
			"to": [4.2, 3.8, 15.2],
			"rotation": {"angle": 0, "axis": "y", "origin": [3, 0, 14]},
			"faces": {
				"north": {"uv": [0, 0, 0.4, 1.5], "texture": "#7"},
				"east": {"uv": [0, 0, 0.4, 1.5], "texture": "#7"},
				"south": {"uv": [0, 0, 0.4, 1.5], "texture": "#7"},
				"west": {"uv": [0, 0, 0.4, 1.5], "texture": "#7"},
				"up": {"uv": [0, 0, 0.4, 0.4], "texture": "#7"},
				"down": {"uv": [0, 0, 0.4, 0.4], "texture": "#7"}
			}
		},
		{
			"from": [9, 2, 15.4],
			"to": [10.2, 2.3, 16.6],
			"rotation": {"angle": 45, "axis": "y", "origin": [8.6, 0, 15]},
			"faces": {
				"north": {"uv": [0, 0, 1.2, 0.3], "texture": "#7"},
				"east": {"uv": [0, 0, 1.2, 0.3], "texture": "#7"},
				"south": {"uv": [0, 0, 1.2, 0.3], "texture": "#7"},
				"west": {"uv": [0, 0, 1.2, 0.3], "texture": "#7"},
				"up": {"uv": [0, 0, 1.2, 1.2], "texture": "#7"},
				"down": {"uv": [0, 0, 1.2, 1.2], "texture": "#7"}
			}
		},
		{
			"from": [9.8, 2.3, 14.8],
			"to": [10.2, 3.8, 15.2],
			"rotation": {"angle": 0, "axis": "y", "origin": [9, 0, 14]},
			"faces": {
				"north": {"uv": [0, 0, 0.4, 1.5], "texture": "#7"},
				"east": {"uv": [0, 0, 0.4, 1.5], "texture": "#7"},
				"south": {"uv": [0, 0, 0.4, 1.5], "texture": "#7"},
				"west": {"uv": [0, 0, 0.4, 1.5], "texture": "#7"},
				"up": {"uv": [0, 0, 0.4, 0.4], "texture": "#7"},
				"down": {"uv": [0, 0, 0.4, 0.4], "texture": "#7"}
			}
		},
		{
			"from": [5.37063, 1.98, 14.32334],
			"to": [6.37863, 2.232, 15.33134],
			"rotation": {"angle": 0, "axis": "y", "origin": [5.688, 0.3, 14.42]},
			"faces": {
				"north": {"uv": [0, 0, 1.2, 0.3], "texture": "#7"},
				"east": {"uv": [0, 0, 1.2, 0.3], "texture": "#7"},
				"south": {"uv": [0, 0, 1.2, 0.3], "texture": "#7"},
				"west": {"uv": [0, 0, 1.2, 0.3], "texture": "#7"},
				"up": {"uv": [0, 0, 1.2, 1.2], "rotation": 270, "texture": "#7"},
				"down": {"uv": [0, 0, 1.2, 1.2], "rotation": 90, "texture": "#7"}
			}
		},
		{
			"from": [5.352, 2.232, 14.672],
			"to": [5.688, 3.492, 15.008],
			"rotation": {"angle": 45, "axis": "y", "origin": [5.688, 0.3, 14.42]},
			"faces": {
				"north": {"uv": [0, 0, 0.4, 1.5], "texture": "#7"},
				"east": {"uv": [0, 0, 0.4, 1.5], "texture": "#7"},
				"south": {"uv": [0, 0, 0.4, 1.5], "texture": "#7"},
				"west": {"uv": [0, 0, 0.4, 1.5], "texture": "#7"},
				"up": {"uv": [0, 0, 0.4, 0.4], "texture": "#7"},
				"down": {"uv": [0, 0, 0.4, 0.4], "texture": "#7"}
			}
		},
		{
			"from": [11.37063, 1.98, 14.32334],
			"to": [12.37863, 2.232, 15.33134],
			"rotation": {"angle": 0, "axis": "y", "origin": [11.688, 0.3, 14.42]},
			"faces": {
				"north": {"uv": [0, 0, 1.2, 0.3], "texture": "#7"},
				"east": {"uv": [0, 0, 1.2, 0.3], "texture": "#7"},
				"south": {"uv": [0, 0, 1.2, 0.3], "texture": "#7"},
				"west": {"uv": [0, 0, 1.2, 0.3], "texture": "#7"},
				"up": {"uv": [0, 0, 1.2, 1.2], "rotation": 270, "texture": "#7"},
				"down": {"uv": [0, 0, 1.2, 1.2], "rotation": 90, "texture": "#7"}
			}
		},
		{
			"from": [11.352, 2.232, 14.672],
			"to": [11.688, 3.492, 15.008],
			"rotation": {"angle": 45, "axis": "y", "origin": [11.688, 0.3, 14.42]},
			"faces": {
				"north": {"uv": [0, 0, 0.4, 1.5], "texture": "#7"},
				"east": {"uv": [0, 0, 0.4, 1.5], "texture": "#7"},
				"south": {"uv": [0, 0, 0.4, 1.5], "texture": "#7"},
				"west": {"uv": [0, 0, 0.4, 1.5], "texture": "#7"},
				"up": {"uv": [0, 0, 0.4, 0.4], "texture": "#7"},
				"down": {"uv": [0, 0, 0.4, 0.4], "texture": "#7"}
			}
		},
		{
			"from": [7.9728, 2.19984, 14.8064],
			"to": [8.34912, 3.61104, 15.18272],
			"rotation": {"angle": -22.5, "axis": "y", "origin": [7.69056, 0.036, 14.8064]},
			"faces": {
				"north": {"uv": [0, 0, 0.4, 1.5], "texture": "#7"},
				"east": {"uv": [0, 0, 0.4, 1.5], "texture": "#7"},
				"south": {"uv": [0, 0, 0.4, 1.5], "texture": "#7"},
				"west": {"uv": [0, 0, 0.4, 1.5], "texture": "#7"},
				"up": {"uv": [0, 0, 0.4, 0.4], "rotation": 270, "texture": "#7"},
				"down": {"uv": [0, 0, 0.4, 0.4], "rotation": 90, "texture": "#7"}
			}
		},
		{
			"from": [7.33511, 1.9176, 14.69814],
			"to": [8.46407, 2.19984, 15.8271],
			"rotation": {"angle": 22.5, "axis": "y", "origin": [7.69056, 0.036, 14.8064]},
			"faces": {
				"north": {"uv": [0, 0, 1.2, 0.3], "texture": "#7"},
				"east": {"uv": [0, 0, 1.2, 0.3], "texture": "#7"},
				"south": {"uv": [0, 0, 1.2, 0.3], "texture": "#7"},
				"west": {"uv": [0, 0, 1.2, 0.3], "texture": "#7"},
				"up": {"uv": [0, 0, 1.2, 1.2], "rotation": 270, "texture": "#7"},
				"down": {"uv": [0, 0, 1.2, 1.2], "rotation": 90, "texture": "#7"}
			}
		},
		{
			"from": [6, 16, 0],
			"to": [10, 16.2, 16],
			"rotation": {"angle": 0, "axis": "y", "origin": [7, 16, 0]},
			"faces": {
				"north": {"uv": [7.37778, 0, 7.11111, 0.28889], "texture": "#16"},
				"east": {"uv": [7.11111, 0.8, 8, 0.11111], "texture": "#16"},
				"south": {"uv": [7.37778, 0.26667, 7.86667, 0.68889], "texture": "#16"},
				"west": {"uv": [7.11111, 0, 8.88889, 0.2], "texture": "#16"},
				"up": {"uv": [6.22222, 0.88889, 9.77778, 15.11111], "texture": "#16"},
				"down": {"uv": [0, 0, 4, 16], "texture": "#16"}
			}
		},
		{
			"from": [7, 15, -0.2],
			"to": [9, 16.2, 0],
			"rotation": {"angle": 0, "axis": "x", "origin": [7, 16, 0]},
			"faces": {
				"north": {"uv": [15.11111, 7.11111, 16, 8.88889], "rotation": 180, "texture": "#16"},
				"east": {"uv": [15.11111, 7.11111, 16, 8.88889], "rotation": 180, "texture": "#16"},
				"south": {"uv": [15.11111, 7.11111, 16, 8.88889], "rotation": 180, "texture": "#16"},
				"west": {"uv": [15.11111, 7.11111, 16, 8.88889], "rotation": 180, "texture": "#16"},
				"up": {"uv": [15.11111, 7.11111, 16, 8.88889], "rotation": 180, "texture": "#16"},
				"down": {"uv": [15.11111, 7.11111, 16, 8.88889], "rotation": 180, "texture": "#16"}
			}
		},
		{
			"from": [7, 15, 16],
			"to": [9, 16.2, 16.2],
			"rotation": {"angle": 0, "axis": "x", "origin": [7, 16, 16]},
			"faces": {
				"north": {"uv": [8.88889, 0, 7.11111, 0.88889], "rotation": 180, "texture": "#16"},
				"east": {"uv": [8.88889, 0, 7.11111, 0.88889], "rotation": 180, "texture": "#16"},
				"south": {"uv": [8.88889, 0, 7.11111, 0.88889], "rotation": 180, "texture": "#16"},
				"west": {"uv": [8.88889, 0, 7.11111, 0.88889], "rotation": 180, "texture": "#16"},
				"up": {"uv": [8.88889, 0, 7.11111, 0.88889], "rotation": 180, "texture": "#16"},
				"down": {"uv": [8.88889, 0, 7.11111, 0.88889], "rotation": 180, "texture": "#16"}
			}
		},
		{
			"from": [10, 16, 1],
			"to": [11, 16.2, 15],
			"rotation": {"angle": 0, "axis": "y", "origin": [8, 16, 0]},
			"faces": {
				"north": {"uv": [7.2, 0.26667, 7.84444, 0.46667], "texture": "#16"},
				"east": {"uv": [7.11111, 0, 8.13333, 0.28889], "texture": "#16"},
				"south": {"uv": [7.2, 0.35556, 7.84444, 0.46667], "texture": "#16"},
				"west": {"uv": [8.50994, 0.35556, 8.75556, 0.46667], "texture": "#16"},
				"up": {"uv": [5.33333, 1.77778, 6.15556, 14.22222], "texture": "#16"},
				"down": {"uv": [0, 0, 1, 14], "texture": "#16"}
			}
		},
		{
			"from": [5, 16, 1],
			"to": [6, 16.2, 15],
			"rotation": {"angle": 0, "axis": "y", "origin": [3, 16, 0]},
			"faces": {
				"north": {"uv": [7.2, 0.26667, 7.84444, 0.46667], "texture": "#16"},
				"east": {"uv": [7.11111, 0, 8.13333, 0.28889], "texture": "#16"},
				"south": {"uv": [7.2, 0.35556, 7.84444, 0.46667], "texture": "#16"},
				"west": {"uv": [8.50994, 0.35556, 8.75556, 0.46667], "texture": "#16"},
				"up": {"uv": [9.77778, 1.77778, 10.66667, 14.22222], "texture": "#16"},
				"down": {"uv": [0, 0, 1, 14], "texture": "#16"}
			}
		},
		{
			"from": [4, 16, 2],
			"to": [5, 16.2, 14],
			"rotation": {"angle": 0, "axis": "y", "origin": [3, 16, 0]},
			"faces": {
				"north": {"uv": [7.2, 0.26667, 7.84444, 0.46667], "texture": "#16"},
				"east": {"uv": [7.11111, 0, 6.13333, 0.28889], "texture": "#16"},
				"south": {"uv": [7.2, 0.35556, 7.84444, 0.46667], "texture": "#16"},
				"west": {"uv": [8.41637, 0.35556, 8.3462, 0.46667], "texture": "#16"},
				"up": {"uv": [10.66667, 2.66667, 11.55556, 13.33333], "texture": "#16"},
				"down": {"uv": [0, 0, 1, 12], "texture": "#16"}
			}
		},
		{
			"from": [3, 16, 3],
			"to": [4, 16.2, 13],
			"rotation": {"angle": 0, "axis": "y", "origin": [3, 16, 0]},
			"faces": {
				"north": {"uv": [7.2, 0.26667, 7.84444, 0.46667], "texture": "#16"},
				"east": {"uv": [7.11111, 0, 4.13333, 0.28889], "texture": "#16"},
				"south": {"uv": [7.2, 0.35556, 7.84444, 0.46667], "texture": "#16"},
				"west": {"uv": [7.97193, 0.35556, 8.26433, 0.46667], "texture": "#16"},
				"up": {"uv": [11.55556, 3.55556, 12.44444, 12.44444], "texture": "#16"},
				"down": {"uv": [0, 0, 1, 10], "texture": "#16"}
			}
		},
		{
			"from": [2, 16, 4],
			"to": [3, 16.2, 12],
			"rotation": {"angle": 0, "axis": "y", "origin": [2, 16, 0]},
			"faces": {
				"north": {"uv": [7.2, 0.26667, 7.84444, 0.46667], "texture": "#16"},
				"east": {"uv": [3.55556, 0, 6.93333, 0.28889], "texture": "#16"},
				"south": {"uv": [7.2, 0.35556, 7.84444, 0.46667], "texture": "#16"},
				"west": {"uv": [7.97193, 0.35556, 7.73801, 0.46667], "texture": "#16"},
				"up": {"uv": [12.44444, 4.44444, 13.33333, 11.55556], "texture": "#16"},
				"down": {"uv": [0, 0, 1, 8], "texture": "#16"}
			}
		},
		{
			"from": [1, 16, 5],
			"to": [2, 16.2, 11],
			"rotation": {"angle": 0, "axis": "y", "origin": [1, 16, 0]},
			"faces": {
				"north": {"uv": [7.2, 0.26667, 7.84444, 0.46667], "texture": "#16"},
				"east": {"uv": [0, 0, 6, 0.2], "texture": "#16"},
				"south": {"uv": [7.2, 0.35556, 7.84444, 0.46667], "texture": "#16"},
				"west": {"uv": [7.64444, 0.35556, 7.53918, 0.46667], "texture": "#16"},
				"up": {"uv": [13.33333, 5.33333, 14.22222, 10.66667], "texture": "#16"},
				"down": {"uv": [0, 0, 1, 6], "texture": "#16"}
			}
		},
		{
			"from": [14, 16, 5],
			"to": [15, 16.2, 11],
			"rotation": {"angle": 0, "axis": "y", "origin": [15, 16, 0]},
			"faces": {
				"north": {"uv": [7.84444, 0.26667, 7.2, 0.46667], "texture": "#16"},
				"east": {"uv": [7.56433, 0.44444, 7.28889, 0.56397], "texture": "#16"},
				"south": {"uv": [7.84444, 0.35556, 7.2, 0.46667], "texture": "#16"},
				"west": {"uv": [7.53918, 0.35556, 7.64444, 0.46667], "texture": "#16"},
				"up": {"uv": [2.66667, 5.33333, 1.77778, 10.66667], "texture": "#16"},
				"down": {"uv": [1, 0, 0, 6], "texture": "#16"}
			}
		},
		{
			"from": [13, 16, 4],
			"to": [14, 16.2, 12],
			"rotation": {"angle": 0, "axis": "y", "origin": [14, 16, 0]},
			"faces": {
				"north": {"uv": [7.84444, 0.26667, 7.2, 0.46667], "texture": "#16"},
				"east": {"uv": [7.68953, 0.44444, 7.6695, 0.64444], "texture": "#16"},
				"south": {"uv": [7.84444, 0.35556, 7.2, 0.46667], "texture": "#16"},
				"west": {"uv": [7.73801, 0.35556, 7.97193, 0.46667], "texture": "#16"},
				"up": {"uv": [3.55556, 4.44444, 2.66667, 11.55556], "texture": "#16"},
				"down": {"uv": [1, 0, 0, 8], "texture": "#16"}
			}
		},
		{
			"from": [12, 16, 3],
			"to": [13, 16.2, 13],
			"rotation": {"angle": 0, "axis": "y", "origin": [13, 16, 0]},
			"faces": {
				"north": {"uv": [7.84444, 0.26667, 7.2, 0.46667], "texture": "#16"},
				"east": {"uv": [7.75464, 0.44444, 7.68953, 0.64444], "texture": "#16"},
				"south": {"uv": [7.84444, 0.35556, 7.2, 0.46667], "texture": "#16"},
				"west": {"uv": [8.26433, 0.35556, 7.97193, 0.46667], "texture": "#16"},
				"up": {"uv": [4.44444, 3.57778, 3.55556, 12.4], "texture": "#16"},
				"down": {"uv": [1, 0, 0, 10], "texture": "#16"}
			}
		},
		{
			"from": [11, 16, 2],
			"to": [12, 16.2, 14],
			"rotation": {"angle": 0, "axis": "y", "origin": [13, 16, 0]},
			"faces": {
				"north": {"uv": [7.84444, 0.26667, 7.2, 0.46667], "texture": "#16"},
				"east": {"uv": [7.98, 0.44444, 7.68953, 0.64444], "texture": "#16"},
				"south": {"uv": [7.84444, 0.35556, 7.2, 0.46667], "texture": "#16"},
				"west": {"uv": [8.3462, 0.35556, 8.41637, 0.46667], "texture": "#16"},
				"up": {"uv": [5.26667, 2.66667, 4.44444, 13.33333], "texture": "#16"},
				"down": {"uv": [1, 0, 0, 12], "texture": "#16"}
			}
		},
		{
			"from": [0, 16, 6],
			"to": [1, 16.2, 10],
			"rotation": {"angle": 0, "axis": "y", "origin": [0, 16, 0]},
			"faces": {
				"north": {"uv": [7.2, 0.26667, 7.84444, 0.46667], "texture": "#16"},
				"east": {"uv": [0, 0, 4, 0.2], "texture": "#16"},
				"south": {"uv": [7.2, 0.35556, 7.84444, 0.46667], "texture": "#16"},
				"west": {"uv": [7.2, 0.35556, 7.45731, 0.46667], "texture": "#16"},
				"up": {"uv": [14.22222, 6.22222, 15.11111, 9.77778], "texture": "#16"},
				"down": {"uv": [0, 0, 1, 4], "texture": "#16"}
			}
		},
		{
			"from": [-0.2, 15, 7],
			"to": [0, 16.2, 9],
			"rotation": {"angle": 0, "axis": "z", "origin": [0, 15, 0]},
			"faces": {
				"north": {"uv": [8, 15.33333, 8.75556, 16], "rotation": 270, "texture": "#16"},
				"east": {"uv": [8, 15.33333, 8.75556, 16], "rotation": 270, "texture": "#16"},
				"south": {"uv": [8, 15.33333, 8.75556, 16], "rotation": 270, "texture": "#16"},
				"west": {"uv": [8, 15.33333, 8.75556, 16], "rotation": 270, "texture": "#16"},
				"up": {"uv": [8, 15.33333, 8.75556, 16], "rotation": 270, "texture": "#16"},
				"down": {"uv": [8, 15.33333, 8.75556, 16], "rotation": 270, "texture": "#16"}
			}
		},
		{
			"from": [15, 16, 6],
			"to": [16, 16.2, 10],
			"rotation": {"angle": 0, "axis": "y", "origin": [16, 16, 0]},
			"faces": {
				"north": {"uv": [7.84444, 0.26667, 7.2, 0.46667], "texture": "#16"},
				"east": {"uv": [7.33897, 0.44444, 7.28889, 0.56397], "texture": "#16"},
				"south": {"uv": [7.84444, 0.35556, 7.2, 0.46667], "texture": "#16"},
				"west": {"uv": [4, 0, 0, 0.2], "texture": "#16"},
				"up": {"uv": [1.77778, 6.22222, 0.88889, 9.77778], "texture": "#16"},
				"down": {"uv": [1, 0, 0, 4], "texture": "#16"}
			}
		},
		{
			"from": [16, 15, 7],
			"to": [16.2, 16.2, 9],
			"rotation": {"angle": 0, "axis": "z", "origin": [16, 15, 0]},
			"faces": {
				"north": {"uv": [0, 8.91111, 0.88889, 7.11111], "rotation": 270, "texture": "#16"},
				"east": {"uv": [0, 8.88889, 0.88889, 7.11111], "rotation": 270, "texture": "#16"},
				"south": {"uv": [0, 8.91111, 0.88889, 7.11111], "rotation": 270, "texture": "#16"},
				"west": {"uv": [0, 8.91111, 0.88889, 7.11111], "rotation": 270, "texture": "#16"},
				"up": {"uv": [0, 8.91111, 0.88889, 7.11111], "rotation": 270, "texture": "#16"},
				"down": {"uv": [0, 8.91111, 0.88889, 7.11111], "rotation": 270, "texture": "#16"}
			}
		}
	],
	"display": {
		"thirdperson_righthand": {
			"rotation": [75, 45, 0],
			"translation": [0, 2.5, 0],
			"scale": [0.375, 0.375, 0.375]
		},
		"thirdperson_lefthand": {
			"rotation": [75, 45, 0],
			"translation": [0, 2.5, 0],
			"scale": [0.375, 0.375, 0.375]
		},
		"firstperson_righthand": {
			"rotation": [0, 45, 0],
			"scale": [0.4, 0.4, 0.4]
		},
		"firstperson_lefthand": {
			"rotation": [0, 225, 0],
			"scale": [0.4, 0.4, 0.4]
		},
		"ground": {
			"translation": [0, 3, 0],
			"scale": [0.25, 0.25, 0.25]
		},
		"gui": {
			"rotation": [30, 225, 0],
			"translation": [0, -0.5, 0],
			"scale": [0.625, 0.625, 0.625]
		},
		"fixed": {
			"rotation": [-90, 0, 0],
			"translation": [0, 0, -7.25]
		}
	},
	"groups": [
		{
			"name": "West",
			"origin": [0, 14, -8],
			"color": 0,
			"children": [0, 1]
		},
		{
			"name": "TableEdges",
			"origin": [0, 0, 0],
			"color": 0,
			"children": [2, 3, 4, 5, 6, 7, 8, 9, 10, 11]
		},
		{
			"name": "TableMain",
			"origin": [2, 2, 2],
			"color": 0,
			"children": [12]
		},
		{
			"name": "TableTop",
			"origin": [2, 2, 2],
			"color": 0,
			"children": [
				{
					"name": "group",
					"origin": [16, 0, 14],
					"color": 0,
					"children": [13, 14, 15, 16, 17]
				},
				{
					"name": "Papers",
					"origin": [10.5, 16.025, 12.5],
					"color": 0,
					"children": [
						{
							"name": "paper",
							"origin": [10, 20, 7.5],
							"color": 0,
							"children": [18, 19, 20, 21, 22, 23, 24, 25, 26, 27, 28, 29]
						},
						{
							"name": "paper",
							"origin": [10, 20, 7.5],
							"color": 0,
							"children": [30, 31, 32, 33, 34, 35, 36, 37, 38, 39, 40, 41]
						}
					]
				},
				{
					"name": "saw2",
					"origin": [5, 16, 3],
					"color": 0,
					"children": [42, 43, 44, 45]
				}
			]
		},
		{
			"name": "North",
			"origin": [0, 4, 0],
			"color": 0,
			"children": [
				{
					"name": "Drawer",
					"origin": [0, 4, 0],
					"color": 0,
					"children": [46, 47, 48, 49, 50]
				},
				{
					"name": "Drawer",
					"origin": [0, 4, 0],
					"color": 0,
					"children": [51, 52, 53, 54, 55, 56, 57]
				},
				{
					"name": "Drawer",
					"origin": [0, 4, 0],
					"color": 0,
					"children": []
				}
			]
		},
		{
			"name": "East",
			"origin": [8, 8, 8],
			"color": 0,
			"children": [
				{
					"name": "Hammer",
					"origin": [14, 10, 9],
					"color": 0,
					"children": [58, 59]
				},
				{
					"name": "Saw",
					"origin": [14, 6.9, 2.65],
					"color": 0,
					"children": [60, 61, 62, 63, 64, 65, 66, 67, 68]
				}
			]
		},
		{
			"name": "South",
			"origin": [8, 8, 8],
			"color": 0,
			"children": [
				{
					"name": "Markipliers",
					"origin": [8.55, 8.075, 14],
					"color": 0,
					"children": [69, 70, 71, 72, 73, 74, 75]
				},
				{
					"name": "nail",
					"origin": [3, 0, 14],
					"color": 0,
					"children": [76, 77, 78, 79]
				},
				{
					"name": "nail",
					"origin": [3, 0, 14],
					"color": 0,
					"children": [80, 81, 82, 83]
				},
				{
					"name": "nail",
					"origin": [3, 0, 14],
					"color": 0,
					"children": [84, 85]
				}
			]
		},
		86,
		87,
		88,
		89,
		90,
		91,
		92,
		93,
		94,
		95,
		96,
		97,
		98,
		99,
		100,
		101,
		102
	]
}