{
	"credit": "Made with Blockbench",
	"parent": "minecraft:block/orientable",
	"textures": {
		"1": "block/spruce_log",
		"2": "block/stripped_spruce_log",
		"3": "block/coal_block",
		"4": "block/anvil",
		"particle": "block/spruce_log",
		"top": "block/furnace_top"
	},
	"elements": [
		{
			"from": [0, 0, 0],
			"to": [2, 16, 2],
			"faces": {
				"north": {"uv": [0, 0, 2, 16], "texture": "#1"},
				"east": {"uv": [2, 0, 0, 16], "texture": "#1"},
				"south": {"uv": [0, 0, 2, 16], "texture": "#1"},
				"west": {"uv": [14, 0, 16, 16], "texture": "#1"},
				"up": {"uv": [0, 0, 2, 2], "texture": "#1"},
				"down": {"uv": [0, 0, 2, 2], "texture": "#1"}
			}
		},
		{
			"from": [14, 0, 0],
			"to": [16, 16, 2],
			"rotation": {"angle": 0, "axis": "y", "origin": [16, 0, 0]},
			"faces": {
				"north": {"uv": [2, 0, 0, 16], "texture": "#1"},
				"east": {"uv": [16, 0, 14, 16], "texture": "#1"},
				"south": {"uv": [2, 0, 0, 16], "texture": "#1"},
				"west": {"uv": [0, 0, 2, 16], "texture": "#1"},
				"up": {"uv": [2, 0, 0, 2], "texture": "#1"},
				"down": {"uv": [2, 0, 0, 2], "texture": "#1"}
			}
		},
		{
			"from": [14, 0, 14],
			"to": [16, 16, 16],
			"rotation": {"angle": 0, "axis": "y", "origin": [16, 0, 16]},
			"faces": {
				"north": {"uv": [0, 0, 2, 16], "texture": "#1"},
				"east": {"uv": [14, 0, 16, 16], "texture": "#1"},
				"south": {"uv": [0, 0, 2, 16], "texture": "#1"},
				"west": {"uv": [2, 0, 0, 16], "texture": "#1"},
				"up": {"uv": [2, 2, 0, 0], "texture": "#1"},
				"down": {"uv": [2, 2, 0, 0], "texture": "#1"}
			}
		},
		{
			"from": [0, 0, 14],
			"to": [2, 16, 16],
			"rotation": {"angle": 0, "axis": "y", "origin": [0, 0, 16]},
			"faces": {
				"north": {"uv": [2, 0, 0, 16], "texture": "#1"},
				"east": {"uv": [0, 0, 2, 16], "texture": "#1"},
				"south": {"uv": [2, 0, 0, 16], "texture": "#1"},
				"west": {"uv": [16, 0, 14, 16], "texture": "#1"},
				"up": {"uv": [0, 2, 2, 0], "texture": "#1"},
				"down": {"uv": [0, 2, 2, 0], "texture": "#1"}
			}
		},
		{
			"from": [0.3, 5, 0.5],
			"to": [1.9, 7, 15.5],
			"rotation": {"angle": -22.5, "axis": "x", "origin": [0, 7, 0]},
			"faces": {
				"north": {"uv": [0, 0, 1.6, 2], "rotation": 180, "texture": "#2"},
				"east": {"uv": [0, 0, 2, 15], "rotation": 270, "texture": "#2"},
				"south": {"uv": [0, 0, 1.6, 2], "texture": "#2"},
				"west": {"uv": [0, 0, 2, 15], "rotation": 90, "texture": "#2"},
				"up": {"uv": [0, 0, 2, 15], "rotation": 180, "texture": "#2"},
				"down": {"uv": [0, 0, 2, 15], "texture": "#2"}
			}
		},
		{
			"from": [14.1, 0.5, 4],
			"to": [15.3, 15.5, 6],
			"rotation": {"angle": -22.5, "axis": "x", "origin": [16, 16, 6]},
			"faces": {
				"north": {"uv": [2, 0, 3, 15], "rotation": 180, "texture": "#2"},
				"east": {"uv": [0, 1, 2, 16], "texture": "#2"},
				"south": {"uv": [3, 0, 4, 15], "rotation": 180, "texture": "#2"},
				"west": {"uv": [0, 1, 2, 16], "texture": "#2"},
				"up": {"uv": [1.6, 0, 2.8, 2], "texture": "#2"},
				"down": {"uv": [1.6, 0, 2.8, 2], "texture": "#2"}
			}
		},
		{
			"from": [14.1, 5, -0.5],
			"to": [15.7, 7, 14.5],
			"rotation": {"angle": 22.5, "axis": "x", "origin": [16, 5, 15]},
			"faces": {
				"north": {"uv": [1.6, 0, 3.2, 2], "rotation": 180, "texture": "#2"},
				"east": {"uv": [0, 1, 2, 16], "rotation": 270, "texture": "#2"},
				"south": {"uv": [1.6, 0, 3.2, 2], "texture": "#2"},
				"west": {"uv": [0, 1, 2, 16], "rotation": 90, "texture": "#2"},
				"up": {"uv": [2, 0, 4, 15], "texture": "#2"},
				"down": {"uv": [2, 0, 4, 15], "rotation": 180, "texture": "#2"}
			}
		},
		{
			"from": [0.7, 13, 2.5],
			"to": [1.9, 15, 19.5],
			"rotation": {"angle": 45, "axis": "x", "origin": [0, 15, 2]},
			"faces": {
				"north": {"uv": [0, 0, 1.2, 2], "rotation": 180, "texture": "#2"},
				"east": {"uv": [0, 0, 2, 16], "rotation": 270, "texture": "#2"},
				"south": {"uv": [0, 0, 1.2, 2], "texture": "#2"},
				"west": {"uv": [0, 0, 2, 16], "rotation": 90, "texture": "#2"},
				"up": {"uv": [0, 0, 1, 16], "rotation": 180, "texture": "#2"},
				"down": {"uv": [0, 0, 1, 16], "texture": "#2"}
			}
		},
		{
			"from": [14, 14, 2],
			"to": [16, 16, 14],
			"rotation": {"angle": 0, "axis": "y", "origin": [14, 14, 16]},
			"faces": {
				"north": {"uv": [0, 0, 2, 2], "texture": "#1"},
				"east": {"uv": [0, 0, 2, 12], "rotation": 90, "texture": "#1"},
				"south": {"uv": [0, 0, 2, 2], "texture": "#1"},
				"west": {"uv": [0, 0, 2, 12], "rotation": 90, "texture": "#1"},
				"up": {"uv": [0, 0, 2, 12], "rotation": 180, "texture": "#1"},
				"down": {"uv": [0, 0, 2, 12], "texture": "#1"}
			}
		},
		{
			"from": [0, 14, 2],
			"to": [2, 16, 14],
			"rotation": {"angle": 0, "axis": "y", "origin": [0, 14, 16]},
			"faces": {
				"north": {"uv": [0, 0, 2, 2], "texture": "#1"},
				"east": {"uv": [0, 0, 2, 12], "rotation": 90, "texture": "#1"},
				"south": {"uv": [0, 0, 2, 2], "texture": "#1"},
				"west": {"uv": [0, 0, 2, 12], "rotation": 90, "texture": "#1"},
				"up": {"uv": [0, 0, 2, 12], "rotation": 180, "texture": "#1"},
				"down": {"uv": [0, 0, 2, 12], "texture": "#1"}
			}
		},
		{
			"from": [2, 14, 14],
			"to": [14, 16, 16],
			"rotation": {"angle": 0, "axis": "y", "origin": [0, 14, 14]},
			"faces": {
				"north": {"uv": [0, 0, 2, 12], "rotation": 90, "texture": "#1"},
				"east": {"uv": [0, 0, 2, 2], "texture": "#1"},
				"south": {"uv": [0, 0, 2, 12], "rotation": 90, "texture": "#1"},
				"west": {"uv": [0, 0, 2, 2], "texture": "#1"},
				"up": {"uv": [0, 0, 2, 12], "rotation": 270, "texture": "#1"},
				"down": {"uv": [0, 0, 2, 12], "rotation": 270, "texture": "#1"}
			}
		},
		{
			"from": [2, 14, 0],
			"to": [14, 16, 2],
			"rotation": {"angle": 0, "axis": "y", "origin": [0, 14, 0]},
			"faces": {
				"north": {"uv": [0, 0, 2, 12], "rotation": 90, "texture": "#1"},
				"east": {"uv": [0, 0, 2, 2], "texture": "#1"},
				"south": {"uv": [0, 0, 2, 12], "rotation": 90, "texture": "#1"},
				"west": {"uv": [0, 0, 2, 2], "texture": "#1"},
				"up": {"uv": [0, 0, 2, 12], "rotation": 270, "texture": "#1"},
				"down": {"uv": [0, 0, 2, 12], "rotation": 270, "texture": "#1"}
			}
		},
		{
			"from": [2, 0, 14],
			"to": [14, 2, 16],
			"rotation": {"angle": 0, "axis": "y", "origin": [0, 0, 14]},
			"faces": {
				"north": {"uv": [0, 0, 2, 12], "rotation": 90, "texture": "#1"},
				"east": {"uv": [0, 0, 2, 2], "texture": "#1"},
				"south": {"uv": [0, 0, 2, 12], "rotation": 90, "texture": "#1"},
				"west": {"uv": [0, 0, 2, 2], "texture": "#1"},
				"up": {"uv": [0, 0, 2, 12], "rotation": 270, "texture": "#1"},
				"down": {"uv": [0, 0, 2, 12], "rotation": 270, "texture": "#1"}
			}
		},
		{
			"from": [14, 0, 2],
			"to": [16, 2, 14],
			"rotation": {"angle": 0, "axis": "y", "origin": [14, 0, 16]},
			"faces": {
				"north": {"uv": [0, 0, 2, 2], "texture": "#1"},
				"east": {"uv": [0, 0, 2, 12], "rotation": 90, "texture": "#1"},
				"south": {"uv": [0, 0, 2, 2], "texture": "#1"},
				"west": {"uv": [0, 0, 2, 12], "rotation": 90, "texture": "#1"},
				"up": {"uv": [0, 0, 2, 12], "rotation": 180, "texture": "#1"},
				"down": {"uv": [0, 0, 2, 12], "texture": "#1"}
			}
		},
		{
			"from": [2, 0, 0],
			"to": [14, 2, 2],
			"faces": {
				"north": {"uv": [0, 0, 2, 12], "rotation": 90, "texture": "#1"},
				"east": {"uv": [0, 0, 2, 2], "texture": "#1"},
				"south": {"uv": [0, 0, 2, 12], "rotation": 90, "texture": "#1"},
				"west": {"uv": [0, 0, 2, 2], "texture": "#1"},
				"up": {"uv": [0, 0, 2, 12], "rotation": 270, "texture": "#1"},
				"down": {"uv": [0, 0, 2, 12], "rotation": 270, "texture": "#1"}
			}
		},
		{
			"from": [0, 0, 2],
			"to": [2, 2, 14],
			"rotation": {"angle": 0, "axis": "y", "origin": [0, 0, 16]},
			"faces": {
				"north": {"uv": [0, 0, 2, 2], "texture": "#1"},
				"east": {"uv": [0, 0, 2, 12], "rotation": 90, "texture": "#1"},
				"south": {"uv": [0, 0, 2, 2], "texture": "#1"},
				"west": {"uv": [0, 0, 2, 12], "rotation": 90, "texture": "#1"},
				"up": {"uv": [0, 0, 2, 12], "rotation": 180, "texture": "#1"},
				"down": {"uv": [0, 0, 2, 12], "texture": "#1"}
			}
		},
		{
			"from": [3.2, 10, 0.5],
			"to": [14.3, 12, 1.9],
			"rotation": {"angle": -22.5, "axis": "z", "origin": [14, 10, 0]},
			"faces": {
				"north": {"uv": [0, 0, 2, 11.1], "rotation": 90, "texture": "#2"},
				"east": {"uv": [0, 0, 2, 1.4], "rotation": 270, "texture": "#2"},
				"south": {"uv": [0, 0, 2, 11.1], "rotation": 270, "texture": "#2"},
				"west": {"uv": [0, 0, 2, 1.4], "rotation": 270, "texture": "#2"},
				"up": {"uv": [0, 0, 1, 11.1], "rotation": 270, "texture": "#2"},
				"down": {"uv": [0, 0, 1, 11.1], "rotation": 270, "texture": "#2"}
			}
		},
		{
			"from": [-0.8, 0.1, 0.5],
			"to": [10.3, 2.1, 1.9],
			"rotation": {"angle": -22.5, "axis": "z", "origin": [10, 0.1, 0]},
			"faces": {
				"north": {"uv": [0, 0, 2, 11.1], "rotation": 90, "texture": "#2"},
				"east": {"uv": [0, 0, 2, 1.4], "rotation": 270, "texture": "#2"},
				"south": {"uv": [0, 0, 2, 11.1], "rotation": 270, "texture": "#2"},
				"west": {"uv": [0, 0, 2, 1.4], "rotation": 270, "texture": "#2"},
				"up": {"uv": [0, 0, 1, 11.1], "rotation": 270, "texture": "#2"},
				"down": {"uv": [0, 0, 1, 11.1], "rotation": 270, "texture": "#2"}
			}
		},
		{
			"from": [1, 1, 14.1],
			"to": [19, 3, 15.6],
			"rotation": {"angle": 45, "axis": "z", "origin": [2, 3, 13.6]},
			"faces": {
				"north": {"uv": [0, 0, 2, 16], "rotation": 270, "texture": "#2"},
				"east": {"uv": [0, 0, 2, 1.5], "rotation": 90, "texture": "#2"},
				"south": {"uv": [0, 0, 2, 16], "rotation": 90, "texture": "#2"},
				"west": {"uv": [0, 0, 2, 1.5], "rotation": 90, "texture": "#2"},
				"up": {"uv": [0, 0, 2, 16], "rotation": 90, "texture": "#2"},
				"down": {"uv": [0, 0, 2, 16], "rotation": 90, "texture": "#2"}
			}
		},
		{
			"from": [2, 2, 2],
			"to": [14, 14, 14],
			"rotation": {"angle": 0, "axis": "y", "origin": [2, 2, 2]},
			"faces": {
				"north": {"uv": [0, 0, 16, 16], "texture": "#top"},
				"east": {"uv": [0, 0, 16, 16], "texture": "#top"},
				"south": {"uv": [0, 0, 16, 16], "texture": "#top"},
				"west": {"uv": [0, 0, 16, 16], "texture": "#top"},
				"up": {"uv": [0, 0, 16, 16], "texture": "#top"},
				"down": {"uv": [0, 0, 16, 16], "texture": "#top"}
			}
		},
		{
			"from": [6, 9, -1],
			"to": [10, 10, 2],
			"rotation": {"angle": 0, "axis": "z", "origin": [8, 7, 0]},
			"faces": {
				"north": {"uv": [4, 3, 6.85, 4], "rotation": 90, "texture": "#4"},
				"east": {"uv": [3, 2, 5.85, 3], "rotation": 90, "texture": "#4"},
				"south": {"uv": [3, 2, 5.85, 3], "rotation": 90, "texture": "#4"},
				"west": {"uv": [3, 2, 6, 3], "rotation": 90, "texture": "#4"},
				"up": {"uv": [3, 2, 6, 3], "rotation": 90, "texture": "#4"},
				"down": {"uv": [3, 2, 5.85, 3], "rotation": 90, "texture": "#4"}
			}
		},
		{
			"from": [10, 7, -1],
			"to": [11, 9, 2],
			"rotation": {"angle": 0, "axis": "z", "origin": [10, 3, 0]},
			"faces": {
				"north": {"uv": [4, 3, 6.85, 4], "rotation": 90, "texture": "#4"},
				"east": {"uv": [3, 2, 5.85, 3], "rotation": 90, "texture": "#4"},
				"south": {"uv": [3, 2, 5.85, 3], "rotation": 90, "texture": "#4"},
				"west": {"uv": [3, 2, 5.85, 3], "rotation": 90, "texture": "#4"},
				"up": {"uv": [3, 2, 5.85, 3], "rotation": 90, "texture": "#4"},
				"down": {"uv": [3, 2, 5.85, 3], "rotation": 90, "texture": "#4"}
			}
		},
		{
			"from": [2.2, 3.8, 0.625],
			"to": [3.2, 6.65, 2],
			"rotation": {"angle": 45, "axis": "z", "origin": [3.2, 10.2, 0]},
			"faces": {
				"north": {"uv": [4, 3, 6.85, 4], "rotation": 90, "texture": "#4"},
				"east": {"uv": [3, 2, 5.85, 3], "rotation": 90, "texture": "#4"},
				"south": {"uv": [3, 2, 5.85, 3], "rotation": 90, "texture": "#4"},
				"west": {"uv": [3, 2, 5.85, 3], "rotation": 90, "texture": "#4"},
				"up": {"uv": [3, 2, 5.85, 3], "rotation": 90, "texture": "#4"},
				"down": {"uv": [3, 2, 5.85, 3], "rotation": 90, "texture": "#4"}
			}
		},
		{
			"from": [12.8, 3.8, 0.625],
			"to": [13.8, 6.65, 2],
			"rotation": {"angle": -45, "axis": "z", "origin": [12.8, 10.2, 0]},
			"faces": {
				"north": {"uv": [4, 3, 6.85, 4], "rotation": 90, "texture": "#4"},
				"east": {"uv": [3, 2, 5.85, 3], "rotation": 90, "texture": "#4"},
				"south": {"uv": [3, 2, 5.85, 3], "rotation": 90, "texture": "#4"},
				"west": {"uv": [3, 2, 5.85, 3], "rotation": 90, "texture": "#4"},
				"up": {"uv": [3, 2, 5.85, 3], "rotation": 90, "texture": "#4"},
				"down": {"uv": [3, 2, 5.85, 3], "rotation": 90, "texture": "#4"}
			}
		},
		{
			"from": [5, 7, -1],
			"to": [6, 9, 2],
			"rotation": {"angle": 0, "axis": "z", "origin": [5, 3, 0]},
			"faces": {
				"north": {"uv": [4, 3, 6.85, 4], "rotation": 90, "texture": "#4"},
				"east": {"uv": [3, 2, 5.85, 3], "rotation": 90, "texture": "#4"},
				"south": {"uv": [3, 2, 5.85, 3], "rotation": 90, "texture": "#4"},
				"west": {"uv": [3, 2, 5.85, 3], "rotation": 90, "texture": "#4"},
				"up": {"uv": [3, 2, 5.85, 3], "rotation": 90, "texture": "#4"},
				"down": {"uv": [3, 2, 5.85, 3], "rotation": 90, "texture": "#4"}
			}
		},
		{
			"from": [7, 5, 0.6],
			"to": [9, 6, 2],
			"rotation": {"angle": 0, "axis": "z", "origin": [6, 2, 0]},
			"faces": {
				"north": {"uv": [4, 3, 6.85, 4], "rotation": 90, "texture": "#4"},
				"east": {"uv": [3, 2, 5.85, 3], "rotation": 90, "texture": "#4"},
				"south": {"uv": [3, 2, 5.85, 3], "rotation": 90, "texture": "#4"},
				"west": {"uv": [3, 2, 5.85, 3], "rotation": 90, "texture": "#4"},
				"up": {"uv": [3, 2, 5.85, 3], "rotation": 90, "texture": "#4"},
				"down": {"uv": [3, 2, 5.85, 3], "rotation": 90, "texture": "#4"}
			}
		},
		{
			"from": [7, 6, 1.5],
			"to": [9, 9, 2],
			"rotation": {"angle": 0, "axis": "z", "origin": [6, 2, 0]},
			"faces": {
				"north": {"uv": [0, 0, 4, 2], "rotation": 90, "texture": "#3"},
				"east": {"uv": [0, 0, 4, 0.5], "rotation": 270, "texture": "#3"},
				"south": {"uv": [0, 0, 4, 2], "rotation": 270, "texture": "#3"},
				"west": {"uv": [0, 0, 4, 0.5], "rotation": 270, "texture": "#3"},
				"up": {"uv": [0, 0, 0.5, 2], "rotation": 270, "texture": "#3"},
				"down": {"uv": [0, 0, 0.5, 2], "rotation": 270, "texture": "#3"}
			}
		},
		{
			"from": [9, 6.3, 1.5],
			"to": [10, 9, 2],
			"rotation": {"angle": 0, "axis": "z", "origin": [6, 2, 0]},
			"faces": {
				"north": {"uv": [0, 0, 3.4, 1], "rotation": 90, "texture": "#3"},
				"east": {"uv": [0, 0, 3.4, 0.5], "rotation": 270, "texture": "#3"},
				"south": {"uv": [0, 0, 3.4, 1], "rotation": 270, "texture": "#3"},
				"west": {"uv": [0, 0, 3.4, 0.5], "rotation": 270, "texture": "#3"},
				"up": {"uv": [0, 0, 0.5, 1], "rotation": 270, "texture": "#3"},
				"down": {"uv": [0, 0, 0.5, 1], "rotation": 270, "texture": "#3"}
			}
		},
		{
			"from": [6, 6.3, 1.5],
			"to": [7, 9, 2],
			"rotation": {"angle": 0, "axis": "z", "origin": [3, 2, 0]},
			"faces": {
				"north": {"uv": [0, 0, 3.4, 1], "rotation": 90, "texture": "#3"},
				"east": {"uv": [0, 0, 3.4, 0.5], "rotation": 270, "texture": "#3"},
				"south": {"uv": [0, 0, 3.4, 1], "rotation": 270, "texture": "#3"},
				"west": {"uv": [0, 0, 3.4, 0.5], "rotation": 270, "texture": "#3"},
				"up": {"uv": [0, 0, 0.5, 1], "rotation": 270, "texture": "#3"},
				"down": {"uv": [0, 0, 0.5, 1], "rotation": 270, "texture": "#3"}
			}
		},
		{
			"from": [7.3, 14, 4.2],
			"to": [8.7, 15.4, 13.2],
			"rotation": {"angle": 0, "axis": "y", "origin": [7, 13.7, 11.2]},
			"faces": {
				"north": {"uv": [0, 0, 1.4, 1.4], "texture": "#2"},
				"east": {"uv": [0, 0, 9, 1], "texture": "#2"},
				"south": {"uv": [3, 0, 4, 1], "texture": "#2"},
				"west": {"uv": [0, 0, 9, 1.4], "texture": "#2"},
				"up": {"uv": [1, 0, 2, 9], "texture": "#2"},
				"down": {"uv": [0, 0, 1.4, 9], "texture": "#2"}
			}
		},
		{
			"from": [5.3, 13.9, 7.7],
			"to": [9.3, 15.45, 9.1],
			"rotation": {"angle": -45, "axis": "y", "origin": [12.3, 13.7, 9.4]},
			"faces": {
				"north": {"uv": [0, 0, 4, 2], "texture": "#2"},
				"east": {"uv": [0, 0, 1.4, 1.55], "texture": "#2"},
				"south": {"uv": [0, 0, 4, 1.55], "texture": "#2"},
				"west": {"uv": [0, 0, 1.4, 1.55], "texture": "#2"},
				"up": {"uv": [7, 3, 8, 7], "rotation": 270, "texture": "#2"},
				"down": {"uv": [0, 0, 1.4, 4], "rotation": 90, "texture": "#2"}
			}
		},
		{
			"from": [6.8, 13.9, 7.8],
			"to": [10.8, 15.425, 9],
			"rotation": {"angle": 45, "axis": "y", "origin": [3.8, 13.7, 9.3]},
			"faces": {
				"north": {"uv": [4, 0, 8, 2], "texture": "#2"},
				"east": {"uv": [1.4, 0, 2.6, 1.525], "texture": "#2"},
				"south": {"uv": [4, 0, 8, 1.525], "texture": "#2"},
				"west": {"uv": [3.4, 0, 4.4, 1], "texture": "#2"},
				"up": {"uv": [7, 7, 8, 11], "rotation": 270, "texture": "#2"},
				"down": {"uv": [0, 4, 1.2, 8], "rotation": 90, "texture": "#2"}
			}
		}
	]
}