{
	"credit": "Made with Blockbench",
	"parent": "minecraft:block/orientable",
	"textures": {
		"1": "block/spruce_log",
		"2": "block/stripped_spruce_log",
		"3": "block/coal_block",
		"4": "block/anvil",
		"particle": "block/spruce_log",
		"top": "block/furnace_top"
	},
	"elements": [
		{
			"from": [0, 14, 0],
			"to": [2, 16, 16],
			"rotation": {"angle": 0, "axis": "x", "origin": [8, 8, 8]},
			"faces": {
				"north": {"uv": [0, 0, 2, 2], "rotation": 180, "texture": "#1"},
				"east": {"uv": [2, 0, 0, 16], "rotation": 270, "texture": "#1"},
				"south": {"uv": [0, 0, 2, 2], "texture": "#1"},
				"west": {"uv": [14, 0, 16, 16], "rotation": 90, "texture": "#1"},
				"up": {"uv": [0, 0, 2, 16], "rotation": 180, "texture": "#1"},
				"down": {"uv": [0, 0, 2, 16], "texture": "#1"}
			}
		},
		{
			"from": [14, 14, 0],
			"to": [16, 16, 16],
			"rotation": {"angle": 0, "axis": "x", "origin": [8, 8, 8]},
			"faces": {
				"north": {"uv": [2, 0, 0, 2], "rotation": 180, "texture": "#1"},
				"east": {"uv": [16, 0, 14, 16], "rotation": 270, "texture": "#1"},
				"south": {"uv": [2, 0, 0, 2], "texture": "#1"},
				"west": {"uv": [0, 0, 2, 16], "rotation": 90, "texture": "#1"},
				"up": {"uv": [2, 0, 0, 16], "rotation": 180, "texture": "#1"},
				"down": {"uv": [2, 0, 0, 16], "texture": "#1"}
			}
		},
		{
			"from": [14, 0, 0],
			"to": [16, 2, 16],
			"rotation": {"angle": 0, "axis": "x", "origin": [8, 8, 8]},
			"faces": {
				"north": {"uv": [2, 2, 0, 0], "rotation": 180, "texture": "#1"},
				"east": {"uv": [14, 0, 16, 16], "rotation": 270, "texture": "#1"},
				"south": {"uv": [2, 2, 0, 0], "texture": "#1"},
				"west": {"uv": [2, 0, 0, 16], "rotation": 90, "texture": "#1"},
				"up": {"uv": [0, 0, 2, 16], "rotation": 180, "texture": "#1"},
				"down": {"uv": [0, 0, 2, 16], "texture": "#1"}
			}
		},
		{
			"from": [0, 0, 0],
			"to": [2, 2, 16],
			"rotation": {"angle": 0, "axis": "x", "origin": [8, 8, 8]},
			"faces": {
				"north": {"uv": [0, 2, 2, 0], "rotation": 180, "texture": "#1"},
				"east": {"uv": [0, 0, 2, 16], "rotation": 270, "texture": "#1"},
				"south": {"uv": [0, 2, 2, 0], "texture": "#1"},
				"west": {"uv": [16, 0, 14, 16], "rotation": 90, "texture": "#1"},
				"up": {"uv": [2, 0, 0, 16], "rotation": 180, "texture": "#1"},
				"down": {"uv": [2, 0, 0, 16], "texture": "#1"}
			}
		},
		{
			"from": [14, 2, 14],
			"to": [16, 14, 16],
			"rotation": {"angle": 0, "axis": "x", "origin": [8, 8, 8]},
			"faces": {
				"north": {"uv": [0, 0, 2, 12], "rotation": 180, "texture": "#1"},
				"east": {"uv": [0, 0, 2, 12], "texture": "#1"},
				"south": {"uv": [0, 0, 2, 12], "rotation": 180, "texture": "#1"},
				"west": {"uv": [0, 0, 2, 12], "rotation": 180, "texture": "#1"},
				"up": {"uv": [0, 0, 2, 2], "rotation": 180, "texture": "#1"},
				"down": {"uv": [0, 0, 2, 2], "texture": "#1"}
			}
		},
		{
			"from": [0, 2, 14],
			"to": [2, 14, 16],
			"rotation": {"angle": 0, "axis": "x", "origin": [8, 8, 8]},
			"faces": {
				"north": {"uv": [0, 0, 2, 12], "rotation": 180, "texture": "#1"},
				"east": {"uv": [0, 0, 2, 12], "texture": "#1"},
				"south": {"uv": [0, 0, 2, 12], "rotation": 180, "texture": "#1"},
				"west": {"uv": [0, 0, 2, 12], "rotation": 180, "texture": "#1"},
				"up": {"uv": [0, 0, 2, 2], "rotation": 180, "texture": "#1"},
				"down": {"uv": [0, 0, 2, 2], "texture": "#1"}
			}
		},
		{
			"from": [2, 0, 14],
			"to": [14, 2, 16],
			"rotation": {"angle": 0, "axis": "x", "origin": [8, 8, 8]},
			"faces": {
				"north": {"uv": [0, 0, 2, 12], "rotation": 90, "texture": "#1"},
				"east": {"uv": [0, 0, 2, 2], "rotation": 270, "texture": "#1"},
				"south": {"uv": [0, 0, 2, 12], "rotation": 270, "texture": "#1"},
				"west": {"uv": [0, 0, 2, 2], "rotation": 90, "texture": "#1"},
				"up": {"uv": [0, 0, 2, 12], "rotation": 270, "texture": "#1"},
				"down": {"uv": [0, 0, 2, 12], "rotation": 90, "texture": "#1"}
			}
		},
		{
			"from": [2, 14, 14],
			"to": [14, 16, 16],
			"rotation": {"angle": 0, "axis": "x", "origin": [8, 8, 8]},
			"faces": {
				"north": {"uv": [0, 0, 2, 12], "rotation": 90, "texture": "#1"},
				"east": {"uv": [0, 0, 2, 2], "rotation": 270, "texture": "#1"},
				"south": {"uv": [0, 0, 2, 12], "rotation": 270, "texture": "#1"},
				"west": {"uv": [0, 0, 2, 2], "rotation": 90, "texture": "#1"},
				"up": {"uv": [0, 0, 2, 12], "rotation": 270, "texture": "#1"},
				"down": {"uv": [0, 0, 2, 12], "rotation": 90, "texture": "#1"}
			}
		},
		{
			"from": [2, 0, 0],
			"to": [14, 2, 2],
			"rotation": {"angle": 0, "axis": "x", "origin": [8, 8, 8]},
			"faces": {
				"north": {"uv": [0, 0, 2, 12], "rotation": 90, "texture": "#1"},
				"east": {"uv": [0, 0, 2, 2], "rotation": 270, "texture": "#1"},
				"south": {"uv": [0, 0, 2, 12], "rotation": 270, "texture": "#1"},
				"west": {"uv": [0, 0, 2, 2], "rotation": 90, "texture": "#1"},
				"up": {"uv": [0, 0, 2, 12], "rotation": 270, "texture": "#1"},
				"down": {"uv": [0, 0, 2, 12], "rotation": 90, "texture": "#1"}
			}
		},
		{
			"from": [14, 2, 0],
			"to": [16, 14, 2],
			"rotation": {"angle": 0, "axis": "x", "origin": [8, 8, 8]},
			"faces": {
				"north": {"uv": [0, 0, 2, 12], "rotation": 180, "texture": "#1"},
				"east": {"uv": [0, 0, 2, 12], "texture": "#1"},
				"south": {"uv": [0, 0, 2, 12], "rotation": 180, "texture": "#1"},
				"west": {"uv": [0, 0, 2, 12], "rotation": 180, "texture": "#1"},
				"up": {"uv": [0, 0, 2, 2], "rotation": 180, "texture": "#1"},
				"down": {"uv": [0, 0, 2, 2], "texture": "#1"}
			}
		},
		{
			"from": [2, 14, 0],
			"to": [14, 16, 2],
			"rotation": {"angle": 0, "axis": "x", "origin": [8, 8, 8]},
			"faces": {
				"north": {"uv": [0, 0, 2, 12], "rotation": 90, "texture": "#1"},
				"east": {"uv": [0, 0, 2, 2], "rotation": 270, "texture": "#1"},
				"south": {"uv": [0, 0, 2, 12], "rotation": 270, "texture": "#1"},
				"west": {"uv": [0, 0, 2, 2], "rotation": 90, "texture": "#1"},
				"up": {"uv": [0, 0, 2, 12], "rotation": 270, "texture": "#1"},
				"down": {"uv": [0, 0, 2, 12], "rotation": 90, "texture": "#1"}
			}
		},
		{
			"from": [0, 2, 0],
			"to": [2, 14, 2],
			"rotation": {"angle": 0, "axis": "x", "origin": [8, 8, 8]},
			"faces": {
				"north": {"uv": [0, 0, 2, 12], "rotation": 180, "texture": "#1"},
				"east": {"uv": [0, 0, 2, 12], "texture": "#1"},
				"south": {"uv": [0, 0, 2, 12], "rotation": 180, "texture": "#1"},
				"west": {"uv": [0, 0, 2, 12], "rotation": 180, "texture": "#1"},
				"up": {"uv": [0, 0, 2, 2], "rotation": 180, "texture": "#1"},
				"down": {"uv": [0, 0, 2, 2], "texture": "#1"}
			}
		},
		{
			"from": [1.97791, 14.1, 12.14386],
			"to": [13.07791, 15.5, 14.14386],
			"rotation": {"angle": 22.5, "axis": "y", "origin": [8, 8, 8]},
			"faces": {
				"north": {"uv": [0, 0, 1, 11.1], "rotation": 90, "texture": "#2"},
				"east": {"uv": [0, 0, 2, 1.4], "rotation": 180, "texture": "#2"},
				"south": {"uv": [0, 0, 1, 11.1], "rotation": 270, "texture": "#2"},
				"west": {"uv": [0, 0, 2, 1.4], "texture": "#2"},
				"up": {"uv": [0, 0, 2, 11.1], "rotation": 270, "texture": "#2"},
				"down": {"uv": [0, 0, 2, 11.1], "rotation": 270, "texture": "#2"}
			}
		},
		{
			"from": [2.07096, 14.1, 1.46672],
			"to": [13.17096, 15.5, 3.46672],
			"rotation": {"angle": 22.5, "axis": "y", "origin": [8, 8, 8]},
			"faces": {
				"north": {"uv": [0, 0, 1, 11.1], "rotation": 90, "texture": "#2"},
				"east": {"uv": [0, 0, 2, 1.4], "rotation": 180, "texture": "#2"},
				"south": {"uv": [0, 0, 1, 11.1], "rotation": 270, "texture": "#2"},
				"west": {"uv": [0, 0, 2, 1.4], "texture": "#2"},
				"up": {"uv": [0, 0, 2, 11.1], "rotation": 270, "texture": "#2"},
				"down": {"uv": [0, 0, 2, 11.1], "rotation": 270, "texture": "#2"}
			}
		},
		{
			"from": [-0.77817, 0.4, 6.70711],
			"to": [17.22183, 1.9, 8.70711],
			"rotation": {"angle": -45, "axis": "y", "origin": [8, 8, 8]},
			"faces": {
				"north": {"uv": [0, 0, 2, 16], "rotation": 270, "texture": "#2"},
				"east": {"uv": [0, 0, 2, 1.5], "texture": "#2"},
				"south": {"uv": [0, 0, 2, 16], "rotation": 90, "texture": "#2"},
				"west": {"uv": [0, 0, 2, 1.5], "rotation": 180, "texture": "#2"},
				"up": {"uv": [0, 0, 2, 16], "rotation": 90, "texture": "#2"},
				"down": {"uv": [0, 0, 2, 16], "rotation": 90, "texture": "#2"}
			}
		},
		{
			"from": [2, 2, 2],
			"to": [14, 14, 14],
			"rotation": {"angle": 0, "axis": "x", "origin": [8, 8, 8]},
			"faces": {
				"north": {"uv": [0, 0, 16, 16], "rotation": 180, "texture": "#top"},
				"east": {"uv": [0, 0, 16, 16], "rotation": 270, "texture": "#top"},
				"south": {"uv": [0, 0, 16, 16], "texture": "#top"},
				"west": {"uv": [0, 0, 16, 16], "rotation": 90, "texture": "#top"},
				"up": {"uv": [0, 0, 16, 16], "rotation": 180, "texture": "#top"},
				"down": {"uv": [0, 0, 16, 16], "texture": "#top"}
			}
		},
		{
			"from": [6, 14, 9],
			"to": [10, 17, 10],
			"rotation": {"angle": 0, "axis": "x", "origin": [8, 8, 8]},
			"faces": {
				"north": {"uv": [3, 2, 5.85, 3], "rotation": 270, "texture": "#4"},
				"east": {"uv": [3, 2, 5.85, 3], "texture": "#4"},
				"south": {"uv": [3, 2, 6, 3], "rotation": 90, "texture": "#4"},
				"west": {"uv": [3, 2, 6, 3], "rotation": 180, "texture": "#4"},
				"up": {"uv": [4, 3, 6.85, 4], "rotation": 270, "texture": "#4"},
				"down": {"uv": [3, 2, 5.85, 3], "rotation": 90, "texture": "#4"}
			}
		},
		{
			"from": [10, 14, 7],
			"to": [11, 17, 9],
			"rotation": {"angle": 0, "axis": "x", "origin": [8, 8, 8]},
			"faces": {
				"north": {"uv": [3, 2, 5.85, 3], "rotation": 270, "texture": "#4"},
				"east": {"uv": [3, 2, 5.85, 3], "texture": "#4"},
				"south": {"uv": [3, 2, 5.85, 3], "rotation": 90, "texture": "#4"},
				"west": {"uv": [3, 2, 5.85, 3], "rotation": 180, "texture": "#4"},
				"up": {"uv": [4, 3, 6.85, 4], "rotation": 270, "texture": "#4"},
				"down": {"uv": [3, 2, 5.85, 3], "rotation": 90, "texture": "#4"}
			}
		},
		{
			"from": [5.16152, 14, 6.54975],
			"to": [6.16152, 15.375, 9.39975],
			"rotation": {"angle": -45, "axis": "y", "origin": [8, 8, 8]},
			"faces": {
				"north": {"uv": [3, 2, 5.85, 3], "rotation": 270, "texture": "#4"},
				"east": {"uv": [3, 2, 5.85, 3], "texture": "#4"},
				"south": {"uv": [3, 2, 5.85, 3], "rotation": 90, "texture": "#4"},
				"west": {"uv": [3, 2, 5.85, 3], "rotation": 180, "texture": "#4"},
				"up": {"uv": [4, 3, 6.85, 4], "rotation": 270, "texture": "#4"},
				"down": {"uv": [3, 2, 5.85, 3], "rotation": 90, "texture": "#4"}
			}
		},
		{
			"from": [9.83848, 14, 6.54975],
			"to": [10.83848, 15.375, 9.39975],
			"rotation": {"angle": 45, "axis": "y", "origin": [8, 8, 8]},
			"faces": {
				"north": {"uv": [3, 2, 5.85, 3], "rotation": 270, "texture": "#4"},
				"east": {"uv": [3, 2, 5.85, 3], "texture": "#4"},
				"south": {"uv": [3, 2, 5.85, 3], "rotation": 90, "texture": "#4"},
				"west": {"uv": [3, 2, 5.85, 3], "rotation": 180, "texture": "#4"},
				"up": {"uv": [4, 3, 6.85, 4], "rotation": 270, "texture": "#4"},
				"down": {"uv": [3, 2, 5.85, 3], "rotation": 90, "texture": "#4"}
			}
		},
		{
			"from": [5, 14, 7],
			"to": [6, 17, 9],
			"rotation": {"angle": 0, "axis": "x", "origin": [8, 8, 8]},
			"faces": {
				"north": {"uv": [3, 2, 5.85, 3], "rotation": 270, "texture": "#4"},
				"east": {"uv": [3, 2, 5.85, 3], "texture": "#4"},
				"south": {"uv": [3, 2, 5.85, 3], "rotation": 90, "texture": "#4"},
				"west": {"uv": [3, 2, 5.85, 3], "rotation": 180, "texture": "#4"},
				"up": {"uv": [4, 3, 6.85, 4], "rotation": 270, "texture": "#4"},
				"down": {"uv": [3, 2, 5.85, 3], "rotation": 90, "texture": "#4"}
			}
		},
		{
			"from": [7, 14, 5],
			"to": [9, 15.4, 6],
			"rotation": {"angle": 0, "axis": "x", "origin": [8, 8, 8]},
			"faces": {
				"north": {"uv": [3, 2, 5.85, 3], "rotation": 270, "texture": "#4"},
				"east": {"uv": [3, 2, 5.85, 3], "texture": "#4"},
				"south": {"uv": [3, 2, 5.85, 3], "rotation": 90, "texture": "#4"},
				"west": {"uv": [3, 2, 5.85, 3], "rotation": 180, "texture": "#4"},
				"up": {"uv": [4, 3, 6.85, 4], "rotation": 270, "texture": "#4"},
				"down": {"uv": [3, 2, 5.85, 3], "rotation": 90, "texture": "#4"}
			}
		},
		{
			"from": [7, 14, 6],
			"to": [9, 14.5, 9],
			"rotation": {"angle": 0, "axis": "x", "origin": [8, 8, 8]},
			"faces": {
				"north": {"uv": [0, 0, 0.5, 2], "rotation": 90, "texture": "#3"},
				"east": {"uv": [0, 0, 4, 0.5], "rotation": 180, "texture": "#3"},
				"south": {"uv": [0, 0, 0.5, 2], "rotation": 270, "texture": "#3"},
				"west": {"uv": [0, 0, 4, 0.5], "texture": "#3"},
				"up": {"uv": [0, 0, 4, 2], "rotation": 270, "texture": "#3"},
				"down": {"uv": [0, 0, 4, 2], "rotation": 270, "texture": "#3"}
			}
		},
		{
			"from": [9, 14, 6.3],
			"to": [10, 14.5, 9],
			"rotation": {"angle": 0, "axis": "x", "origin": [8, 8, 8]},
			"faces": {
				"north": {"uv": [0, 0, 0.5, 1], "rotation": 90, "texture": "#3"},
				"east": {"uv": [0, 0, 3.4, 0.5], "rotation": 180, "texture": "#3"},
				"south": {"uv": [0, 0, 0.5, 1], "rotation": 270, "texture": "#3"},
				"west": {"uv": [0, 0, 3.4, 0.5], "texture": "#3"},
				"up": {"uv": [0, 0, 3.4, 1], "rotation": 270, "texture": "#3"},
				"down": {"uv": [0, 0, 3.4, 1], "rotation": 270, "texture": "#3"}
			}
		},
		{
			"from": [6, 14, 6.3],
			"to": [7, 14.5, 9],
			"rotation": {"angle": 0, "axis": "x", "origin": [8, 8, 8]},
			"faces": {
				"north": {"uv": [0, 0, 0.5, 1], "rotation": 90, "texture": "#3"},
				"east": {"uv": [0, 0, 3.4, 0.5], "rotation": 180, "texture": "#3"},
				"south": {"uv": [0, 0, 0.5, 1], "rotation": 270, "texture": "#3"},
				"west": {"uv": [0, 0, 3.4, 0.5], "texture": "#3"},
				"up": {"uv": [0, 0, 3.4, 1], "rotation": 270, "texture": "#3"},
				"down": {"uv": [0, 0, 3.4, 1], "rotation": 270, "texture": "#3"}
			}
		},
		{
			"from": [7.3, 2.8, 14],
			"to": [8.7, 11.8, 15.4],
			"rotation": {"angle": 0, "axis": "x", "origin": [8, 8, 8]},
			"faces": {
				"north": {"uv": [0, 0, 1.4, 9], "rotation": 180, "texture": "#2"},
				"east": {"uv": [0, 0, 9, 1], "rotation": 270, "texture": "#2"},
				"south": {"uv": [1, 0, 2, 9], "texture": "#2"},
				"west": {"uv": [0, 0, 9, 1.4], "rotation": 90, "texture": "#2"},
				"up": {"uv": [0, 0, 1.4, 1.4], "rotation": 180, "texture": "#2"},
				"down": {"uv": [3, 0, 4, 1], "texture": "#2"}
			}
		},
		{
			"from": [5.03051, 10.35061, 13.9],
			"to": [9.03051, 11.75061, 15.45],
			"rotation": {"angle": -45, "axis": "z", "origin": [8, 8, 8]},
			"faces": {
				"north": {"uv": [0, 0, 1.4, 4], "rotation": 270, "texture": "#2"},
				"east": {"uv": [0, 0, 1.4, 1.55], "rotation": 270, "texture": "#2"},
				"south": {"uv": [7, 3, 8, 7], "rotation": 270, "texture": "#2"},
				"west": {"uv": [0, 0, 1.4, 1.55], "rotation": 90, "texture": "#2"},
				"up": {"uv": [0, 0, 4, 2], "rotation": 180, "texture": "#2"},
				"down": {"uv": [0, 0, 4, 1.55], "texture": "#2"}
			}
		},
		{
			"from": [7.11091, 10.35061, 13.9],
			"to": [11.11091, 11.55061, 15.425],
			"rotation": {"angle": 45, "axis": "z", "origin": [8, 8, 8]},
			"faces": {
				"north": {"uv": [0, 4, 1.2, 8], "rotation": 270, "texture": "#2"},
				"east": {"uv": [1.4, 0, 2.6, 1.525], "rotation": 270, "texture": "#2"},
				"south": {"uv": [7, 7, 8, 11], "rotation": 270, "texture": "#2"},
				"west": {"uv": [3.4, 0, 4.4, 1], "rotation": 90, "texture": "#2"},
				"up": {"uv": [4, 0, 8, 2], "rotation": 180, "texture": "#2"},
				"down": {"uv": [4, 0, 8, 1.525], "texture": "#2"}
			}
		},
		{
			"from": [7.3, 2.8, 0.6],
			"to": [8.7, 11.8, 2],
			"rotation": {"angle": 0, "axis": "x", "origin": [8, 8, 8]},
			"faces": {
				"north": {"uv": [1, 0, 2, 9], "texture": "#2"},
				"east": {"uv": [0, 0, 9, 1.4], "rotation": 90, "texture": "#2"},
				"south": {"uv": [0, 0, 1.4, 9], "rotation": 180, "texture": "#2"},
				"west": {"uv": [0, 0, 9, 1], "rotation": 270, "texture": "#2"},
				"up": {"uv": [1.4, 1.4, 0, 0], "rotation": 180, "texture": "#2"},
				"down": {"uv": [4, 1, 3, 0], "texture": "#2"}
			}
		},
		{
			"from": [6.96949, 10.35061, 0.55],
			"to": [10.96949, 11.75061, 2.1],
			"rotation": {"angle": 45, "axis": "z", "origin": [8, 8, 8]},
			"faces": {
				"north": {"uv": [7, 3, 8, 7], "rotation": 270, "texture": "#2"},
				"east": {"uv": [0, 0, 1.4, 1.55], "rotation": 90, "texture": "#2"},
				"south": {"uv": [0, 0, 1.4, 4], "rotation": 270, "texture": "#2"},
				"west": {"uv": [0, 0, 1.4, 1.55], "rotation": 270, "texture": "#2"},
				"up": {"uv": [4, 2, 0, 0], "rotation": 180, "texture": "#2"},
				"down": {"uv": [4, 1.55, 0, 0], "texture": "#2"}
			}
		},
		{
			"from": [4.88909, 10.35061, 0.575],
			"to": [8.88909, 11.55061, 2.1],
			"rotation": {"angle": -45, "axis": "z", "origin": [8, 8, 8]},
			"faces": {
				"north": {"uv": [7, 7, 8, 11], "rotation": 270, "texture": "#2"},
				"east": {"uv": [3.4, 0, 4.4, 1], "rotation": 90, "texture": "#2"},
				"south": {"uv": [0, 4, 1.2, 8], "rotation": 270, "texture": "#2"},
				"west": {"uv": [1.4, 0, 2.6, 1.525], "rotation": 270, "texture": "#2"},
				"up": {"uv": [8, 2, 4, 0], "rotation": 180, "texture": "#2"},
				"down": {"uv": [8, 1.525, 4, 0], "texture": "#2"}
			}
		},
		{
			"from": [13.6, 2.8, 7.8],
			"to": [15, 11.8, 9.2],
			"rotation": {"angle": 0, "axis": "x", "origin": [7.6, 8, 8.5]},
			"faces": {
				"north": {"uv": [0, 0, 9, 1], "rotation": 270, "texture": "#2"},
				"east": {"uv": [1, 0, 2, 9], "texture": "#2"},
				"south": {"uv": [0, 0, 9, 1.4], "rotation": 90, "texture": "#2"},
				"west": {"uv": [0, 0, 1.4, 9], "rotation": 180, "texture": "#2"},
				"up": {"uv": [1.4, 1.4, 0, 0], "rotation": 270, "texture": "#2"},
				"down": {"uv": [4, 1, 3, 0], "rotation": 270, "texture": "#2"}
			}
		},
		{
			"from": [13.5, 10.35061, 7.46949],
			"to": [15.05, 11.75061, 11.46949],
			"rotation": {"angle": -45, "axis": "x", "origin": [7.6, 8, 8.5]},
			"faces": {
				"north": {"uv": [0, 0, 1.4, 1.55], "rotation": 270, "texture": "#2"},
				"east": {"uv": [7, 3, 8, 7], "rotation": 270, "texture": "#2"},
				"south": {"uv": [0, 0, 1.4, 1.55], "rotation": 90, "texture": "#2"},
				"west": {"uv": [0, 0, 1.4, 4], "rotation": 270, "texture": "#2"},
				"up": {"uv": [4, 2, 0, 0], "rotation": 270, "texture": "#2"},
				"down": {"uv": [4, 1.55, 0, 0], "rotation": 270, "texture": "#2"}
			}
		},
		{
			"from": [13.5, 10.35061, 5.38909],
			"to": [15.025, 11.55061, 9.38909],
			"rotation": {"angle": 45, "axis": "x", "origin": [7.6, 8, 8.5]},
			"faces": {
				"north": {"uv": [1.4, 0, 2.6, 1.525], "rotation": 270, "texture": "#2"},
				"east": {"uv": [7, 7, 8, 11], "rotation": 270, "texture": "#2"},
				"south": {"uv": [3.4, 0, 4.4, 1], "rotation": 90, "texture": "#2"},
				"west": {"uv": [0, 4, 1.2, 8], "rotation": 270, "texture": "#2"},
				"up": {"uv": [8, 2, 4, 0], "rotation": 270, "texture": "#2"},
				"down": {"uv": [8, 1.525, 4, 0], "rotation": 270, "texture": "#2"}
			}
		},
		{
			"from": [0.9, 2.8, 6.5],
			"to": [2.3, 11.8, 7.9],
			"rotation": {"angle": 0, "axis": "x", "origin": [8.3, 8, 7.2]},
			"faces": {
				"north": {"uv": [0, 1, 9, 0], "rotation": 270, "texture": "#2"},
				"east": {"uv": [1.4, 0, 0, 9], "rotation": 180, "texture": "#2"},
				"south": {"uv": [0, 1.4, 9, 0], "rotation": 90, "texture": "#2"},
				"west": {"uv": [2, 0, 1, 9], "texture": "#2"},
				"up": {"uv": [1.4, 0, 0, 1.4], "rotation": 270, "texture": "#2"},
				"down": {"uv": [4, 0, 3, 1], "rotation": 270, "texture": "#2"}
			}
		},
		{
			"from": [0.85, 10.35061, 6.16949],
			"to": [2.4, 11.75061, 10.16949],
			"rotation": {"angle": -45, "axis": "x", "origin": [8.3, 8, 7.2]},
			"faces": {
				"north": {"uv": [0, 1.55, 1.4, 0], "rotation": 270, "texture": "#2"},
				"east": {"uv": [0, 4, 1.4, 0], "rotation": 270, "texture": "#2"},
				"south": {"uv": [0, 1.55, 1.4, 0], "rotation": 90, "texture": "#2"},
				"west": {"uv": [7, 7, 8, 3], "rotation": 270, "texture": "#2"},
				"up": {"uv": [4, 0, 0, 2], "rotation": 270, "texture": "#2"},
				"down": {"uv": [4, 0, 0, 1.55], "rotation": 270, "texture": "#2"}
			}
		},
		{
			"from": [0.875, 10.35061, 4.08909],
			"to": [2.4, 11.55061, 8.08909],
			"rotation": {"angle": 45, "axis": "x", "origin": [8.3, 8, 7.2]},
			"faces": {
				"north": {"uv": [1.4, 1.525, 2.6, 0], "rotation": 270, "texture": "#2"},
				"east": {"uv": [0, 8, 1.2, 4], "rotation": 270, "texture": "#2"},
				"south": {"uv": [3.4, 1, 4.4, 0], "rotation": 90, "texture": "#2"},
				"west": {"uv": [7, 11, 8, 7], "rotation": 270, "texture": "#2"},
				"up": {"uv": [8, 0, 4, 2], "rotation": 270, "texture": "#2"},
				"down": {"uv": [8, 0, 4, 1.525], "rotation": 270, "texture": "#2"}
			}
		}
	]
}