{
	"credit": "Made with Blockbench",
	"parent": "block/block",
	"texture_size": [32, 32],
	"textures": {
		"1": "block/stripped_spruce_log",
		"2": "block/stripped_oak_log",
		"4": "block/purple_wool",
		"5": "block/lectern-grid",
		"particle": "block/oak_planks"
	},
	"elements": [
		{
			"from": [0, 11.7, 1.175],
			"to": [1, 13.2, 13.2],
			"rotation": {"angle": -22.5, "axis": "x", "origin": [0, 11.2, 0]},
			"faces": {
				"north": {"uv": [0, 0, 1, 1.5], "texture": "#2"},
				"east": {"uv": [0, 0, 12.025, 1.5], "texture": "#2"},
				"south": {"uv": [0, 0, 1, 1.5], "texture": "#2"},
				"west": {"uv": [0, 0, 12.025, 1.5], "texture": "#2"},
				"up": {"uv": [0, 0, 1, 12.025], "texture": "#2"},
				"down": {"uv": [0, 0, 1, 12.025], "texture": "#2"}
			}
		},
		{
			"from": [2, 12.2, 1.175],
			"to": [2.5, 12.7, 13.2],
			"rotation": {"angle": -22.5, "axis": "x", "origin": [2, 11.2, 0]},
			"faces": {
				"north": {"uv": [7.5, 0, 7, 12.025], "texture": "#2"},
				"east": {"uv": [7.5, 0, 7, 12.025], "texture": "#2"},
				"south": {"uv": [7.5, 0, 7, 12.025], "texture": "#2"},
				"west": {"uv": [7.5, 0, 7, 12.025], "texture": "#2"},
				"up": {"uv": [7.5, 0, 7, 12.025], "texture": "#2"},
				"down": {"uv": [7.5, 0, 7, 12.025], "texture": "#2"}
			}
		},
		{
			"from": [4, 12.2, 1.175],
			"to": [4.5, 12.7, 13.2],
			"rotation": {"angle": -22.5, "axis": "x", "origin": [4, 11.2, 0]},
			"faces": {
				"north": {"uv": [7.5, 0, 7, 12.025], "texture": "#2"},
				"east": {"uv": [7.5, 0, 7, 12.025], "texture": "#2"},
				"south": {"uv": [7.5, 0, 7, 12.025], "texture": "#2"},
				"west": {"uv": [7.5, 0, 7, 12.025], "texture": "#2"},
				"up": {"uv": [7.5, 0, 7, 12.025], "texture": "#2"},
				"down": {"uv": [7.5, 0, 7, 12.025], "texture": "#2"}
			}
		},
		{
			"from": [3.8, 12, 1.175],
			"to": [4.7, 12.9, 5.2],
			"rotation": {"angle": -22.5, "axis": "x", "origin": [4, 11.2, 0]},
			"faces": {
				"north": {"uv": [0, 0, 0.9, 0.9], "texture": "#1"},
				"east": {"uv": [0, 0, 4.025, 0.9], "texture": "#1"},
				"south": {"uv": [0, 0, 0.9, 0.9], "texture": "#1"},
				"west": {"uv": [0, 0, 4.025, 0.9], "texture": "#1"},
				"up": {"uv": [4, 3, 4.9, 7.025], "texture": "#1"},
				"down": {"uv": [0, 0, 0.9, 4.025], "texture": "#1"}
			}
		},
		{
			"from": [1.8, 12, 1.175],
			"to": [2.7, 12.9, 5.2],
			"rotation": {"angle": -22.5, "axis": "x", "origin": [2, 11.2, 0]},
			"faces": {
				"north": {"uv": [0, 0, 0.9, 0.9], "texture": "#1"},
				"east": {"uv": [0, 0, 4.025, 0.9], "texture": "#1"},
				"south": {"uv": [0, 0, 0.9, 0.9], "texture": "#1"},
				"west": {"uv": [0, 0, 4.025, 0.9], "texture": "#1"},
				"up": {"uv": [4, 3, 4.9, 7.025], "texture": "#1"},
				"down": {"uv": [0, 0, 0.9, 4.025], "texture": "#1"}
			}
		},
		{
			"from": [3.8, 12, 10.175],
			"to": [4.7, 12.9, 13.2],
			"rotation": {"angle": -22.5, "axis": "x", "origin": [4, 11.2, 0]},
			"faces": {
				"north": {"uv": [0, 0, 0.9, 0.9], "texture": "#1"},
				"east": {"uv": [0, 0, 3.025, 0.9], "texture": "#1"},
				"south": {"uv": [0, 0, 0.9, 0.9], "texture": "#1"},
				"west": {"uv": [0, 0, 3.025, 0.9], "texture": "#1"},
				"up": {"uv": [4, 3, 4.9, 6.025], "texture": "#1"},
				"down": {"uv": [0, 0, 0.9, 3.025], "texture": "#1"}
			}
		},
		{
			"from": [1.8, 12, 10.175],
			"to": [2.7, 12.9, 13.2],
			"rotation": {"angle": -22.5, "axis": "x", "origin": [2, 11.2, 0]},
			"faces": {
				"north": {"uv": [0, 0, 0.9, 0.9], "texture": "#1"},
				"east": {"uv": [0, 0, 3.025, 0.9], "texture": "#1"},
				"south": {"uv": [0, 0, 0.9, 0.9], "texture": "#1"},
				"west": {"uv": [0, 0, 3.025, 0.9], "texture": "#1"},
				"up": {"uv": [4, 3, 4.9, 6.025], "texture": "#1"},
				"down": {"uv": [0, 0, 0.9, 3.025], "texture": "#1"}
			}
		},
		{
			"from": [11.3, 12, 10.175],
			"to": [12.2, 12.9, 13.2],
			"rotation": {"angle": -22.5, "axis": "x", "origin": [12, 11.2, 0]},
			"faces": {
				"north": {"uv": [0.9, 0, 0, 0.9], "texture": "#1"},
				"east": {"uv": [3.025, 0, 0, 0.9], "texture": "#1"},
				"south": {"uv": [0.9, 0, 0, 0.9], "texture": "#1"},
				"west": {"uv": [3.025, 0, 0, 0.9], "texture": "#1"},
				"up": {"uv": [4.9, 3, 4, 6.025], "texture": "#1"},
				"down": {"uv": [0.9, 0, 0, 3.025], "texture": "#1"}
			}
		},
		{
			"from": [11.3, 12, 1.175],
			"to": [12.2, 12.9, 5.2],
			"rotation": {"angle": -22.5, "axis": "x", "origin": [12, 11.2, 0]},
			"faces": {
				"north": {"uv": [0.9, 0, 0, 0.9], "texture": "#1"},
				"east": {"uv": [4.025, 0, 0, 0.9], "texture": "#1"},
				"south": {"uv": [0.9, 0, 0, 0.9], "texture": "#1"},
				"west": {"uv": [4.025, 0, 0, 0.9], "texture": "#1"},
				"up": {"uv": [4.9, 3, 4, 7.025], "texture": "#1"},
				"down": {"uv": [0.9, 0, 0, 4.025], "texture": "#1"}
			}
		},
		{
			"from": [13.3, 12, 1.175],
			"to": [14.2, 12.9, 5.2],
			"rotation": {"angle": -22.5, "axis": "x", "origin": [14, 11.2, 0]},
			"faces": {
				"north": {"uv": [0.9, 0, 0, 0.9], "texture": "#1"},
				"east": {"uv": [4.025, 0, 0, 0.9], "texture": "#1"},
				"south": {"uv": [0.9, 0, 0, 0.9], "texture": "#1"},
				"west": {"uv": [4.025, 0, 0, 0.9], "texture": "#1"},
				"up": {"uv": [4.9, 3, 4, 7.025], "texture": "#1"},
				"down": {"uv": [0.9, 0, 0, 4.025], "texture": "#1"}
			}
		},
		{
			"from": [13.5, 12.2, 1.175],
			"to": [14, 12.7, 13.2],
			"rotation": {"angle": -22.5, "axis": "x", "origin": [14, 11.2, 0]},
			"faces": {
				"north": {"uv": [7.5, 0, 7, 12.025], "texture": "#2"},
				"east": {"uv": [7.5, 0, 7, 12.025], "texture": "#2"},
				"south": {"uv": [7.5, 0, 7, 12.025], "texture": "#2"},
				"west": {"uv": [7.5, 0, 7, 12.025], "texture": "#2"},
				"up": {"uv": [7.5, 0, 7, 12.025], "texture": "#2"},
				"down": {"uv": [7.5, 0, 7, 12.025], "texture": "#2"}
			}
		},
		{
			"from": [13.3, 12, 10.175],
			"to": [14.2, 12.9, 13.2],
			"rotation": {"angle": -22.5, "axis": "x", "origin": [14, 11.2, 0]},
			"faces": {
				"north": {"uv": [0.9, 0, 0, 0.9], "texture": "#1"},
				"east": {"uv": [3.025, 0, 0, 0.9], "texture": "#1"},
				"south": {"uv": [0.9, 0, 0, 0.9], "texture": "#1"},
				"west": {"uv": [3.025, 0, 0, 0.9], "texture": "#1"},
				"up": {"uv": [4.9, 3, 4, 6.025], "texture": "#1"},
				"down": {"uv": [0.9, 0, 0, 3.025], "texture": "#1"}
			}
		},
		{
			"from": [11.5, 12.2, 1.175],
			"to": [12, 12.7, 13.2],
			"rotation": {"angle": -22.5, "axis": "x", "origin": [12, 11.2, 0]},
			"faces": {
				"north": {"uv": [7.5, 0, 7, 12.025], "texture": "#2"},
				"east": {"uv": [7.5, 0, 7, 12.025], "texture": "#2"},
				"south": {"uv": [7.5, 0, 7, 12.025], "texture": "#2"},
				"west": {"uv": [7.5, 0, 7, 12.025], "texture": "#2"},
				"up": {"uv": [7.5, 0, 7, 12.025], "texture": "#2"},
				"down": {"uv": [7.5, 0, 7, 12.025], "texture": "#2"}
			}
		},
		{
			"from": [4.725, 12, 2.575],
			"to": [11.325, 12.9, 3.8],
			"rotation": {"angle": -22.5, "axis": "x", "origin": [10.125, 11.2, 0]},
			"faces": {
				"north": {"uv": [0, 0, 6.5, 0.9], "texture": "#1"},
				"east": {"uv": [0, 0, 1.225, 0.9], "texture": "#1"},
				"south": {"uv": [0, 0, 6.5, 0.9], "texture": "#1"},
				"west": {"uv": [0, 0, 1.225, 0.9], "texture": "#1"},
				"up": {"uv": [4, 3, 11, 4], "texture": "#1"},
				"down": {"uv": [0, 0, 6.5, 1.225], "texture": "#1"}
			}
		},
		{
			"from": [4.725, 12, 10.575],
			"to": [11.325, 12.9, 11.8],
			"rotation": {"angle": -22.5, "axis": "x", "origin": [10.125, 11.2, 0]},
			"faces": {
				"north": {"uv": [0, 0, 6.5, 0.9], "texture": "#1"},
				"east": {"uv": [0, 0, 1.225, 0.9], "texture": "#1"},
				"south": {"uv": [0, 0, 6.5, 0.9], "texture": "#1"},
				"west": {"uv": [0, 0, 1.225, 0.9], "texture": "#1"},
				"up": {"uv": [4, 3, 11, 4], "texture": "#1"},
				"down": {"uv": [0, 0, 6.5, 1.225], "texture": "#1"}
			}
		},
		{
			"from": [5.45, 12, 3.775],
			"to": [10.55, 12.9, 10.6],
			"rotation": {"angle": -22.5, "axis": "x", "origin": [10.25, 11.2, 0]},
			"faces": {
				"north": {"uv": [0, 0, 5.1, 0.9], "texture": "#1"},
				"east": {"uv": [0, 0, 6.825, 0.9], "texture": "#1"},
				"south": {"uv": [0, 0, 5.1, 0.9], "texture": "#1"},
				"west": {"uv": [0, 0, 6.825, 0.9], "texture": "#1"},
				"up": {"uv": [4, 3, 9.1, 9.825], "texture": "#1"},
				"down": {"uv": [0, 0, 5.1, 6.825], "texture": "#1"}
			}
		},
		{
			"from": [0, 11.7, 0.175],
			"to": [16, 14.2, 1.2],
			"rotation": {"angle": -22.5, "axis": "x", "origin": [0, 11.2, 0]},
			"faces": {
				"north": {"uv": [0, 0, 16, 2.5], "texture": "#2"},
				"east": {"uv": [0, 0, 1.025, 2.5], "texture": "#2"},
				"south": {"uv": [0, 0, 16, 2.5], "texture": "#2"},
				"west": {"uv": [0, 0, 1.025, 2.5], "texture": "#2"},
				"up": {"uv": [0, 0, 16, 1.025], "texture": "#2"},
				"down": {"uv": [0, 0, 16, 1.025], "texture": "#2"}
			}
		},
		{
			"from": [15, 11.7, 1.175],
			"to": [16, 13.2, 13.2],
			"rotation": {"angle": -22.5, "axis": "x", "origin": [16, 11.2, 0]},
			"faces": {
				"north": {"uv": [1, 0, 2, 1.5], "texture": "#2"},
				"east": {"uv": [1.975, 0, 14, 1.5], "texture": "#2"},
				"south": {"uv": [1, 0, 2, 1.5], "texture": "#2"},
				"west": {"uv": [1.975, 0, 14, 1.5], "texture": "#2"},
				"up": {"uv": [1, 0, 2, 12.025], "texture": "#2"},
				"down": {"uv": [1, 0, 2, 12.025], "texture": "#2"}
			}
		},
		{
			"from": [1, 11.7, 13.175],
			"to": [15, 13.2, 14.2],
			"rotation": {"angle": -22.5, "axis": "x", "origin": [16, 11.2, 0]},
			"faces": {
				"north": {"uv": [1, 0, 15, 1.5], "texture": "#2"},
				"east": {"uv": [1.975, 0, 3, 1.5], "texture": "#2"},
				"south": {"uv": [1, 0, 15, 1.5], "texture": "#2"},
				"west": {"uv": [1.975, 0, 3, 1.5], "texture": "#2"},
				"up": {"uv": [1, 0, 15, 1.025], "texture": "#2"},
				"down": {"uv": [1, 0, 15, 1.025], "texture": "#2"}
			}
		},
		{
			"from": [11, 13.2, 13.375],
			"to": [14, 15.2, 14],
			"rotation": {"angle": -22.5, "axis": "x", "origin": [16, 11.2, 0]},
			"faces": {
				"north": {"uv": [1, 0, 4, 2], "texture": "#1"},
				"east": {"uv": [1.975, 0, 2.6, 2], "texture": "#1"},
				"south": {"uv": [1, 0, 4, 2], "texture": "#1"},
				"west": {"uv": [1.975, 0, 2.6, 2], "texture": "#1"},
				"up": {"uv": [1, 0, 4, 0.625], "texture": "#1"},
				"down": {"uv": [1, 0, 4, 0.625], "texture": "#1"}
			}
		},
		{
			"from": [8, 15.2, 13.375],
			"to": [13, 16.2, 14],
			"rotation": {"angle": -22.5, "axis": "x", "origin": [16, 11.2, 0]},
			"faces": {
				"north": {"uv": [1, 0, 6, 1], "texture": "#1"},
				"east": {"uv": [1.975, 0, 2.6, 1], "texture": "#1"},
				"south": {"uv": [1, 0, 6, 1], "texture": "#1"},
				"west": {"uv": [1.975, 0, 2.6, 1], "texture": "#1"},
				"up": {"uv": [1, 0, 6, 0.625], "texture": "#1"},
				"down": {"uv": [1, 0, 6, 0.625], "texture": "#1"}
			}
		},
		{
			"from": [3, 15.2, 13.375],
			"to": [8, 16.2, 14],
			"rotation": {"angle": -22.5, "axis": "x", "origin": [0, 11.2, 0]},
			"faces": {
				"north": {"uv": [6, 0, 1, 1], "texture": "#1"},
				"east": {"uv": [2.6, 0, 1.975, 1], "texture": "#1"},
				"south": {"uv": [6, 0, 1, 1], "texture": "#1"},
				"west": {"uv": [2.6, 0, 1.975, 1], "texture": "#1"},
				"up": {"uv": [6, 0, 1, 0.625], "texture": "#1"},
				"down": {"uv": [6, 0, 1, 0.625], "texture": "#1"}
			}
		},
		{
			"from": [2, 13.2, 13.375],
			"to": [5, 15.2, 14],
			"rotation": {"angle": -22.5, "axis": "x", "origin": [0, 11.2, 0]},
			"faces": {
				"north": {"uv": [4, 0, 1, 2], "texture": "#1"},
				"east": {"uv": [2.6, 0, 1.975, 2], "texture": "#1"},
				"south": {"uv": [4, 0, 1, 2], "texture": "#1"},
				"west": {"uv": [2.6, 0, 1.975, 2], "texture": "#1"},
				"up": {"uv": [4, 0, 1, 0.625], "texture": "#1"},
				"down": {"uv": [4, 0, 1, 0.625], "texture": "#1"}
			}
		},
		{
			"from": [6, 0.6, 6],
			"to": [10, 15.4, 8],
			"rotation": {"angle": 0, "axis": "y", "origin": [7, 0, 6]},
			"faces": {
				"north": {"uv": [0, 0, 4, 9.8], "texture": "#1"},
				"east": {"uv": [0, 0, 2, 9.8], "texture": "#1"},
				"south": {"uv": [0, 0, 4, 9.8], "texture": "#1"},
				"west": {"uv": [0, 0, 2, 9.8], "texture": "#1"},
				"up": {"uv": [0, 0, 4, 2], "texture": "#1"},
				"down": {"uv": [0, 0, 4, 2], "texture": "#1"}
			}
		},
		{
			"from": [6, 0.6, 4],
			"to": [10, 14.6, 6],
			"rotation": {"angle": 0, "axis": "y", "origin": [7, 0, 4]},
			"faces": {
				"north": {"uv": [0, 0, 4, 9], "texture": "#1"},
				"east": {"uv": [0, 0, 2, 9], "texture": "#1"},
				"south": {"uv": [0, 0, 4, 9], "texture": "#1"},
				"west": {"uv": [0, 0, 2, 9], "texture": "#1"},
				"up": {"uv": [0, 0, 4, 2], "texture": "#1"},
				"down": {"uv": [0, 0, 4, 2], "texture": "#1"}
			}
		},
		{
			"from": [0.05, 0, 0.025],
			"to": [15.95, 1, 15.95],
			"faces": {
				"north": {"uv": [0, 0, 15.9, 1], "texture": "#2"},
				"east": {"uv": [0, 0, 15.925, 1], "texture": "#2"},
				"south": {"uv": [0, 0, 15.9, 1], "texture": "#2"},
				"west": {"uv": [0, 0, 15.925, 1], "texture": "#2"},
				"up": {"uv": [0, 0, 15.9, 15.925], "texture": "#2"},
				"down": {"uv": [0, 0, 15.9, 15.925], "texture": "#2"}
			}
		},
		{
			"from": [0, 0, 16],
			"to": [16, 1, 16],
			"rotation": {"angle": 0, "axis": "y", "origin": [0, 0, 0.05]},
			"faces": {
				"north": {"uv": [0, 0, 15.9, 1], "texture": "#1"},
				"east": {"uv": [0, 0, 0, 1], "texture": "#1"},
				"south": {"uv": [0, 2, 15.9, 3], "texture": "#1"},
				"west": {"uv": [0, 0, 0, 1], "texture": "#1"},
				"up": {"uv": [0, 0, 15.9, 0], "texture": "#1"},
				"down": {"uv": [0, 0, 15.9, 0], "texture": "#1"}
			}
		},
		{
			"from": [0, 0, 0],
			"to": [2, 1, 0],
			"rotation": {"angle": 0, "axis": "y", "origin": [16.05, 0, 15.95]},
			"faces": {
				"north": {"uv": [13, 2, 14.9, 3], "texture": "#1"},
				"east": {"uv": [0, 0, 0, 1], "texture": "#1"},
				"south": {"uv": [0, 0, 15.9, 1], "texture": "#1"},
				"west": {"uv": [0, 0, 0, 1], "texture": "#1"},
				"up": {"uv": [0, 0, 15.9, 0], "rotation": 180, "texture": "#1"},
				"down": {"uv": [0, 0, 15.9, 0], "rotation": 180, "texture": "#1"}
			}
		},
		{
			"from": [0, 0, 0],
			"to": [0, 1, 16],
			"rotation": {"angle": 0, "axis": "y", "origin": [15.95, 0, 16.05]},
			"faces": {
				"north": {"uv": [0, 0, 0, 1], "texture": "#1"},
				"east": {"uv": [15.9, 0, 0, 1], "texture": "#1"},
				"south": {"uv": [0, 0, 0, 1], "texture": "#1"},
				"west": {"uv": [15.9, 2, 0, 3], "texture": "#1"},
				"up": {"uv": [0, 0, 15.9, 0], "rotation": 270, "texture": "#1"},
				"down": {"uv": [0, 0, 15.9, 0], "rotation": 90, "texture": "#1"}
			}
		},
		{
			"from": [16, 0, 0],
			"to": [16, 1, 16],
			"rotation": {"angle": 0, "axis": "y", "origin": [0.05, 0, 16.05]},
			"faces": {
				"north": {"uv": [0, 0, 0, 1], "texture": "#1"},
				"east": {"uv": [0, 2, 15.9, 3], "texture": "#1"},
				"south": {"uv": [0, 0, 0, 1], "texture": "#1"},
				"west": {"uv": [0, 0, 15.9, 1], "texture": "#1"},
				"up": {"uv": [0, 0, 15.9, 0], "rotation": 270, "texture": "#1"},
				"down": {"uv": [0, 0, 15.9, 0], "rotation": 90, "texture": "#1"}
			}
		},
		{
			"from": [14, 0, 0],
			"to": [16, 1, 0],
			"rotation": {"angle": 0, "axis": "y", "origin": [-0.05, 0, 15.95]},
			"faces": {
				"north": {"uv": [14.9, 2, 13, 3], "texture": "#1"},
				"east": {"uv": [0, 0, 0, 1], "texture": "#1"},
				"south": {"uv": [15.9, 0, 0, 1], "texture": "#1"},
				"west": {"uv": [0, 0, 0, 1], "texture": "#1"},
				"up": {"uv": [15.9, 0, 0, 0], "rotation": 180, "texture": "#1"},
				"down": {"uv": [15.9, 0, 0, 0], "rotation": 180, "texture": "#1"}
			}
		},
		{
			"from": [4, 1, 2],
			"to": [12, 3, 12],
			"rotation": {"angle": 0, "axis": "y", "origin": [0, 1, 0]},
			"faces": {
				"north": {"uv": [0, 0, 8, 2], "texture": "#1"},
				"east": {"uv": [0, 0, 10, 2], "texture": "#1"},
				"south": {"uv": [0, 0, 8, 2], "texture": "#1"},
				"west": {"uv": [0, 0, 10, 2], "texture": "#1"},
				"up": {"uv": [3, 2, 11, 12], "texture": "#1"},
				"down": {"uv": [0, 0, 8, 10], "texture": "#1"}
			}
		},
		{
			"from": [5, 1, 12],
			"to": [11, 2, 14],
			"rotation": {"angle": 0, "axis": "y", "origin": [0, 1, 0]},
			"faces": {
				"north": {"uv": [0, 0, 6, 1], "texture": "#1"},
				"east": {"uv": [0, 0, 2, 1], "texture": "#1"},
				"south": {"uv": [0, 0, 6, 1], "texture": "#1"},
				"west": {"uv": [0, 0, 2, 1], "texture": "#1"},
				"up": {"uv": [0, 0, 6, 2], "texture": "#1"},
				"down": {"uv": [0, 0, 6, 2], "texture": "#1"}
			}
		},
		{
			"from": [5, 3, 2],
			"to": [11, 3.2, 11],
			"rotation": {"angle": 0, "axis": "y", "origin": [7, 2, 2]},
			"faces": {
				"north": {"uv": [0, 0, 6, 0.2], "texture": "#4"},
				"east": {"uv": [0, 0, 9, 0.2], "texture": "#4"},
				"south": {"uv": [0, 0, 6, 0.2], "texture": "#4"},
				"west": {"uv": [0, 0, 9, 0.2], "texture": "#4"},
				"up": {"uv": [1, 1, 7, 10], "texture": "#4"},
				"down": {"uv": [0, 0, 6, 9], "texture": "#4"}
			}
		},
		{
			"from": [5, 1, 0],
			"to": [11, 1.2, 1.8],
			"rotation": {"angle": 0, "axis": "y", "origin": [7, 0, -7]},
			"faces": {
				"north": {"uv": [0, 0, 6, 0.2], "texture": "#4"},
				"east": {"uv": [0, 0, 1.8, 0.2], "texture": "#4"},
				"south": {"uv": [0, 0, 6, 0.2], "texture": "#4"},
				"west": {"uv": [0, 0, 1.8, 0.2], "texture": "#4"},
				"up": {"uv": [1, 1, 7, 2.8], "texture": "#4"},
				"down": {"uv": [0, 0, 6, 1.8], "texture": "#4"}
			}
		},
		{
			"from": [5, 0, -2],
			"to": [11, 0.2, -0.2],
			"rotation": {"angle": 0, "axis": "y", "origin": [7, -1, -9]},
			"faces": {
				"north": {"uv": [0, 0, 6, 0.2], "texture": "#4"},
				"east": {"uv": [0, 0, 1.8, 0.2], "texture": "#4"},
				"south": {"uv": [0, 0, 6, 0.2], "texture": "#4"},
				"west": {"uv": [0, 0, 1.8, 0.2], "texture": "#4"},
				"up": {"uv": [1, 1, 7, 2.8], "texture": "#4"},
				"down": {"uv": [0, 0, 6, 1.8], "texture": "#4"}
			}
		},
		{
			"from": [5, 1, 1.8],
			"to": [11, 3.2, 2],
			"rotation": {"angle": 0, "axis": "y", "origin": [7, 2, 2]},
			"faces": {
				"north": {"uv": [1, 1, 7, 3.2], "texture": "#4"},
				"east": {"uv": [0, 0, 0.2, 2.2], "texture": "#4"},
				"south": {"uv": [0, 0, 6, 2.2], "texture": "#4"},
				"west": {"uv": [0, 0, 0.2, 2.2], "texture": "#4"},
				"up": {"uv": [0, 0, 6, 0.2], "texture": "#4"},
				"down": {"uv": [0, 0, 6, 0.2], "texture": "#4"}
			}
		},
		{
			"from": [5, 0, -0.2],
			"to": [11, 1.2, 0],
			"rotation": {"angle": 0, "axis": "y", "origin": [7, 0, 0]},
			"faces": {
				"north": {"uv": [1, 1, 7, 2.2], "texture": "#4"},
				"east": {"uv": [0, 0, 0.2, 1.2], "texture": "#4"},
				"south": {"uv": [0, 0, 6, 1.2], "texture": "#4"},
				"west": {"uv": [0, 0, 0.2, 1.2], "texture": "#4"},
				"up": {"uv": [0, 0, 6, 0.2], "texture": "#4"},
				"down": {"uv": [0, 0, 6, 0.2], "texture": "#4"}
			}
		},
		{
			"from": [0, 1, 0],
			"to": [2, 2, 8],
			"faces": {
				"north": {"uv": [0, 0, 2, 1], "texture": "#1"},
				"east": {"uv": [0, 0, 8, 1], "texture": "#1"},
				"south": {"uv": [0, 0, 2, 1], "texture": "#1"},
				"west": {"uv": [0, 0, 8, 1], "texture": "#1"},
				"up": {"uv": [0, 0, 2, 8], "texture": "#1"},
				"down": {"uv": [0, 0, 2, 8], "texture": "#1"}
			}
		},
		{
			"from": [0, 1, 8],
			"to": [2, 3, 16],
			"rotation": {"angle": 0, "axis": "y", "origin": [0, 0, 8]},
			"faces": {
				"north": {"uv": [0, 0, 2, 2], "texture": "#1"},
				"east": {"uv": [0, 0, 8, 2], "texture": "#1"},
				"south": {"uv": [0, 0, 2, 2], "texture": "#1"},
				"west": {"uv": [0, 0, 8, 2], "texture": "#1"},
				"up": {"uv": [0, 0, 2, 8], "texture": "#1"},
				"down": {"uv": [0, 0, 2, 8], "texture": "#1"}
			}
		},
		{
			"from": [14, 1, 8],
			"to": [16, 3, 16],
			"rotation": {"angle": 0, "axis": "y", "origin": [16, 0, 8]},
			"faces": {
				"north": {"uv": [2, 0, 0, 2], "texture": "#1"},
				"east": {"uv": [8, 0, 0, 2], "texture": "#1"},
				"south": {"uv": [2, 0, 0, 2], "texture": "#1"},
				"west": {"uv": [8, 0, 0, 2], "texture": "#1"},
				"up": {"uv": [2, 0, 0, 8], "texture": "#1"},
				"down": {"uv": [2, 0, 0, 8], "texture": "#1"}
			}
		},
		{
			"from": [14, 1, 0],
			"to": [16, 2, 8],
			"rotation": {"angle": 0, "axis": "y", "origin": [16, 0, 0]},
			"faces": {
				"north": {"uv": [2, 0, 0, 1], "texture": "#1"},
				"east": {"uv": [8, 0, 0, 1], "texture": "#1"},
				"south": {"uv": [2, 0, 0, 1], "texture": "#1"},
				"west": {"uv": [8, 0, 0, 1], "texture": "#1"},
				"up": {"uv": [2, 0, 0, 8], "texture": "#1"},
				"down": {"uv": [2, 0, 0, 8], "texture": "#1"}
			}
		},
		{
			"from": [2, 1, 14],
			"to": [14, 3, 16],
			"rotation": {"angle": 0, "axis": "y", "origin": [0, 0, 8]},
			"faces": {
				"north": {"uv": [0, 0, 12, 2], "texture": "#1"},
				"east": {"uv": [0, 0, 2, 2], "texture": "#1"},
				"south": {"uv": [0, 0, 12, 2], "texture": "#1"},
				"west": {"uv": [0, 0, 2, 2], "texture": "#1"},
				"up": {"uv": [0, 0, 12, 2], "texture": "#1"},
				"down": {"uv": [0, 0, 12, 2], "texture": "#1"}
			}
		},
		{
			"from": [1.675, 12.4, 1],
			"to": [2.65, 12.475, 2.025],
			"rotation": {"angle": -22.5, "axis": "x", "origin": [0, 10.6, 0]},
			"faces": {
				"north": {"uv": [0, 0, 0.4375, 0.4], "texture": "#5"},
				"east": {"uv": [0, 0, 0.4375, 0.4], "texture": "#5"},
				"south": {"uv": [0, 0, 0.4375, 0.4], "texture": "#5"},
				"west": {"uv": [0, 0, 0.4375, 0.4], "texture": "#5"},
				"up": {"uv": [0, 0, 0.4375, 0.4], "texture": "#5"},
				"down": {"uv": [0, 0, 0.4375, 0.4], "texture": "#5"}
			}
		},
		{
			"from": [0.7, 12.4, 2.025],
			"to": [1.675, 12.475, 3.05],
			"rotation": {"angle": -22.5, "axis": "x", "origin": [0.025, 10.6, 0]},
			"faces": {
				"north": {"uv": [0, 0, 0.4375, 0.4], "texture": "#5"},
				"east": {"uv": [0, 0, 0.4375, 0.4], "texture": "#5"},
				"south": {"uv": [0, 0, 0.4375, 0.4], "texture": "#5"},
				"west": {"uv": [0, 0, 0.4375, 0.4], "texture": "#5"},
				"up": {"uv": [0, 0, 0.4375, 0.4], "texture": "#5"},
				"down": {"uv": [0, 0, 0.4375, 0.4], "texture": "#5"}
			}
		},
		{
			"from": [0.7, 13.175, 3.925],
			"to": [1.675, 13.25, 4.95],
			"rotation": {"angle": -22.5, "axis": "x", "origin": [0.025, 11.375, 1.9]},
			"faces": {
				"north": {"uv": [0, 0, 0.4375, 0.4], "texture": "#5"},
				"east": {"uv": [0, 0, 0.4375, 0.4], "texture": "#5"},
				"south": {"uv": [0, 0, 0.4375, 0.4], "texture": "#5"},
				"west": {"uv": [0, 0, 0.4375, 0.4], "texture": "#5"},
				"up": {"uv": [0, 0, 0.4375, 0.4], "texture": "#5"},
				"down": {"uv": [0, 0, 0.4375, 0.4], "texture": "#5"}
			}
		},
		{
			"from": [1.675, 13.175, 2.9],
			"to": [2.65, 13.25, 3.925],
			"rotation": {"angle": -22.5, "axis": "x", "origin": [0, 11.375, 1.9]},
			"faces": {
				"north": {"uv": [0, 0, 0.4375, 0.4], "texture": "#5"},
				"east": {"uv": [0, 0, 0.4375, 0.4], "texture": "#5"},
				"south": {"uv": [0, 0, 0.4375, 0.4], "texture": "#5"},
				"west": {"uv": [0, 0, 0.4375, 0.4], "texture": "#5"},
				"up": {"uv": [0, 0, 0.4375, 0.4], "texture": "#5"},
				"down": {"uv": [0, 0, 0.4375, 0.4], "texture": "#5"}
			}
		},
		{
			"from": [1.675, 13.95, 4.8],
			"to": [2.65, 14.025, 5.825],
			"rotation": {"angle": -22.5, "axis": "x", "origin": [0, 12.15, 3.8]},
			"faces": {
				"north": {"uv": [0, 0, 0.4375, 0.4], "texture": "#5"},
				"east": {"uv": [0, 0, 0.4375, 0.4], "texture": "#5"},
				"south": {"uv": [0, 0, 0.4375, 0.4], "texture": "#5"},
				"west": {"uv": [0, 0, 0.4375, 0.4], "texture": "#5"},
				"up": {"uv": [0, 0, 0.4375, 0.4], "texture": "#5"},
				"down": {"uv": [0, 0, 0.4375, 0.4], "texture": "#5"}
			}
		},
		{
			"from": [0.7, 13.95, 5.825],
			"to": [1.675, 14.025, 6.85],
			"rotation": {"angle": -22.5, "axis": "x", "origin": [0.025, 12.15, 3.8]},
			"faces": {
				"north": {"uv": [0, 0, 0.4375, 0.4], "texture": "#5"},
				"east": {"uv": [0, 0, 0.4375, 0.4], "texture": "#5"},
				"south": {"uv": [0, 0, 0.4375, 0.4], "texture": "#5"},
				"west": {"uv": [0, 0, 0.4375, 0.4], "texture": "#5"},
				"up": {"uv": [0, 0, 0.4375, 0.4], "texture": "#5"},
				"down": {"uv": [0, 0, 0.4375, 0.4], "texture": "#5"}
			}
		},
		{
			"from": [1.675, 14.725, 6.7],
			"to": [2.65, 14.8, 7.725],
			"rotation": {"angle": -22.5, "axis": "x", "origin": [0, 12.925, 5.7]},
			"faces": {
				"north": {"uv": [0, 0, 0.4375, 0.4], "texture": "#5"},
				"east": {"uv": [0, 0, 0.4375, 0.4], "texture": "#5"},
				"south": {"uv": [0, 0, 0.4375, 0.4], "texture": "#5"},
				"west": {"uv": [0, 0, 0.4375, 0.4], "texture": "#5"},
				"up": {"uv": [0, 0, 0.4375, 0.4], "texture": "#5"},
				"down": {"uv": [0, 0, 0.4375, 0.4], "texture": "#5"}
			}
		},
		{
			"from": [0.7, 14.725, 7.725],
			"to": [1.675, 14.8, 8.75],
			"rotation": {"angle": -22.5, "axis": "x", "origin": [0.025, 12.925, 5.7]},
			"faces": {
				"north": {"uv": [0, 0, 0.4375, 0.4], "texture": "#5"},
				"east": {"uv": [0, 0, 0.4375, 0.4], "texture": "#5"},
				"south": {"uv": [0, 0, 0.4375, 0.4], "texture": "#5"},
				"west": {"uv": [0, 0, 0.4375, 0.4], "texture": "#5"},
				"up": {"uv": [0, 0, 0.4375, 0.4], "texture": "#5"},
				"down": {"uv": [0, 0, 0.4375, 0.4], "texture": "#5"}
			}
		},
		{
			"from": [1.675, 15.5, 8.6],
			"to": [2.65, 15.575, 9.625],
			"rotation": {"angle": -22.5, "axis": "x", "origin": [0, 13.7, 7.6]},
			"faces": {
				"north": {"uv": [0, 0, 0.4375, 0.4], "texture": "#5"},
				"east": {"uv": [0, 0, 0.4375, 0.4], "texture": "#5"},
				"south": {"uv": [0, 0, 0.4375, 0.4], "texture": "#5"},
				"west": {"uv": [0, 0, 0.4375, 0.4], "texture": "#5"},
				"up": {"uv": [0, 0, 0.4375, 0.4], "texture": "#5"},
				"down": {"uv": [0, 0, 0.4375, 0.4], "texture": "#5"}
			}
		},
		{
			"from": [0.7, 15.5, 9.625],
			"to": [1.675, 15.575, 10.65],
			"rotation": {"angle": -22.5, "axis": "x", "origin": [0.025, 13.7, 7.6]},
			"faces": {
				"north": {"uv": [0, 0, 0.4375, 0.4], "texture": "#5"},
				"east": {"uv": [0, 0, 0.4375, 0.4], "texture": "#5"},
				"south": {"uv": [0, 0, 0.4375, 0.4], "texture": "#5"},
				"west": {"uv": [0, 0, 0.4375, 0.4], "texture": "#5"},
				"up": {"uv": [0, 0, 0.4375, 0.4], "texture": "#5"},
				"down": {"uv": [0, 0, 0.4375, 0.4], "texture": "#5"}
			}
		},
		{
			"from": [1.675, 16.275, 10.5],
			"to": [2.65, 16.35, 11.525],
			"rotation": {"angle": -22.5, "axis": "x", "origin": [0, 14.475, 9.5]},
			"faces": {
				"north": {"uv": [0, 0, 0.4375, 0.4], "texture": "#5"},
				"east": {"uv": [0, 0, 0.4375, 0.4], "texture": "#5"},
				"south": {"uv": [0, 0, 0.4375, 0.4], "texture": "#5"},
				"west": {"uv": [0, 0, 0.4375, 0.4], "texture": "#5"},
				"up": {"uv": [0, 0, 0.4375, 0.4], "texture": "#5"},
				"down": {"uv": [0, 0, 0.4375, 0.4], "texture": "#5"}
			}
		},
		{
			"from": [0.7, 16.275, 11.525],
			"to": [1.675, 16.35, 12.55],
			"rotation": {"angle": -22.5, "axis": "x", "origin": [0.025, 14.475, 9.5]},
			"faces": {
				"north": {"uv": [0, 0, 0.4375, 0.4], "texture": "#5"},
				"east": {"uv": [0, 0, 0.4375, 0.4], "texture": "#5"},
				"south": {"uv": [0, 0, 0.4375, 0.4], "texture": "#5"},
				"west": {"uv": [0, 0, 0.4375, 0.4], "texture": "#5"},
				"up": {"uv": [0, 0, 0.4375, 0.4], "texture": "#5"},
				"down": {"uv": [0, 0, 0.4375, 0.4], "texture": "#5"}
			}
		},
		{
			"from": [3.6, 15.5, 8.6],
			"to": [4.575, 15.575, 9.625],
			"rotation": {"angle": -22.5, "axis": "x", "origin": [1.925, 13.7, 7.6]},
			"faces": {
				"north": {"uv": [0, 0, 0.4375, 0.4], "texture": "#5"},
				"east": {"uv": [0, 0, 0.4375, 0.4], "texture": "#5"},
				"south": {"uv": [0, 0, 0.4375, 0.4], "texture": "#5"},
				"west": {"uv": [0, 0, 0.4375, 0.4], "texture": "#5"},
				"up": {"uv": [0, 0, 0.4375, 0.4], "texture": "#5"},
				"down": {"uv": [0, 0, 0.4375, 0.4], "texture": "#5"}
			}
		},
		{
			"from": [2.625, 15.5, 9.625],
			"to": [3.6, 15.575, 10.65],
			"rotation": {"angle": -22.5, "axis": "x", "origin": [1.95, 13.7, 7.6]},
			"faces": {
				"north": {"uv": [0, 0, 0.4375, 0.4], "texture": "#5"},
				"east": {"uv": [0, 0, 0.4375, 0.4], "texture": "#5"},
				"south": {"uv": [0, 0, 0.4375, 0.4], "texture": "#5"},
				"west": {"uv": [0, 0, 0.4375, 0.4], "texture": "#5"},
				"up": {"uv": [0, 0, 0.4375, 0.4], "texture": "#5"},
				"down": {"uv": [0, 0, 0.4375, 0.4], "texture": "#5"}
			}
		},
		{
			"from": [3.6, 16.275, 10.5],
			"to": [4.575, 16.35, 11.525],
			"rotation": {"angle": -22.5, "axis": "x", "origin": [1.925, 14.475, 9.5]},
			"faces": {
				"north": {"uv": [0, 0, 0.4375, 0.4], "texture": "#5"},
				"east": {"uv": [0, 0, 0.4375, 0.4], "texture": "#5"},
				"south": {"uv": [0, 0, 0.4375, 0.4], "texture": "#5"},
				"west": {"uv": [0, 0, 0.4375, 0.4], "texture": "#5"},
				"up": {"uv": [0, 0, 0.4375, 0.4], "texture": "#5"},
				"down": {"uv": [0, 0, 0.4375, 0.4], "texture": "#5"}
			}
		},
		{
			"from": [2.625, 16.275, 11.525],
			"to": [3.6, 16.35, 12.55],
			"rotation": {"angle": -22.5, "axis": "x", "origin": [1.95, 14.475, 9.5]},
			"faces": {
				"north": {"uv": [0, 0, 0.4375, 0.4], "texture": "#5"},
				"east": {"uv": [0, 0, 0.4375, 0.4], "texture": "#5"},
				"south": {"uv": [0, 0, 0.4375, 0.4], "texture": "#5"},
				"west": {"uv": [0, 0, 0.4375, 0.4], "texture": "#5"},
				"up": {"uv": [0, 0, 0.4375, 0.4], "texture": "#5"},
				"down": {"uv": [0, 0, 0.4375, 0.4], "texture": "#5"}
			}
		},
		{
			"from": [2.625, 14.725, 7.725],
			"to": [3.6, 14.8, 8.75],
			"rotation": {"angle": -22.5, "axis": "x", "origin": [1.95, 12.925, 5.7]},
			"faces": {
				"north": {"uv": [0, 0, 0.4375, 0.4], "texture": "#5"},
				"east": {"uv": [0, 0, 0.4375, 0.4], "texture": "#5"},
				"south": {"uv": [0, 0, 0.4375, 0.4], "texture": "#5"},
				"west": {"uv": [0, 0, 0.4375, 0.4], "texture": "#5"},
				"up": {"uv": [0, 0, 0.4375, 0.4], "texture": "#5"},
				"down": {"uv": [0, 0, 0.4375, 0.4], "texture": "#5"}
			}
		},
		{
			"from": [3.6, 14.725, 6.7],
			"to": [4.575, 14.8, 7.725],
			"rotation": {"angle": -22.5, "axis": "x", "origin": [1.925, 12.925, 5.7]},
			"faces": {
				"north": {"uv": [0, 0, 0.4375, 0.4], "texture": "#5"},
				"east": {"uv": [0, 0, 0.4375, 0.4], "texture": "#5"},
				"south": {"uv": [0, 0, 0.4375, 0.4], "texture": "#5"},
				"west": {"uv": [0, 0, 0.4375, 0.4], "texture": "#5"},
				"up": {"uv": [0, 0, 0.4375, 0.4], "texture": "#5"},
				"down": {"uv": [0, 0, 0.4375, 0.4], "texture": "#5"}
			}
		},
		{
			"from": [2.625, 13.95, 5.825],
			"to": [3.6, 14.025, 6.85],
			"rotation": {"angle": -22.5, "axis": "x", "origin": [1.95, 12.15, 3.8]},
			"faces": {
				"north": {"uv": [0, 0, 0.4375, 0.4], "texture": "#5"},
				"east": {"uv": [0, 0, 0.4375, 0.4], "texture": "#5"},
				"south": {"uv": [0, 0, 0.4375, 0.4], "texture": "#5"},
				"west": {"uv": [0, 0, 0.4375, 0.4], "texture": "#5"},
				"up": {"uv": [0, 0, 0.4375, 0.4], "texture": "#5"},
				"down": {"uv": [0, 0, 0.4375, 0.4], "texture": "#5"}
			}
		},
		{
			"from": [3.6, 13.95, 4.8],
			"to": [4.575, 14.025, 5.825],
			"rotation": {"angle": -22.5, "axis": "x", "origin": [1.925, 12.15, 3.8]},
			"faces": {
				"north": {"uv": [0, 0, 0.4375, 0.4], "texture": "#5"},
				"east": {"uv": [0, 0, 0.4375, 0.4], "texture": "#5"},
				"south": {"uv": [0, 0, 0.4375, 0.4], "texture": "#5"},
				"west": {"uv": [0, 0, 0.4375, 0.4], "texture": "#5"},
				"up": {"uv": [0, 0, 0.4375, 0.4], "texture": "#5"},
				"down": {"uv": [0, 0, 0.4375, 0.4], "texture": "#5"}
			}
		},
		{
			"from": [2.625, 13.175, 3.925],
			"to": [3.6, 13.25, 4.95],
			"rotation": {"angle": -22.5, "axis": "x", "origin": [1.95, 11.375, 1.9]},
			"faces": {
				"north": {"uv": [0, 0, 0.4375, 0.4], "texture": "#5"},
				"east": {"uv": [0, 0, 0.4375, 0.4], "texture": "#5"},
				"south": {"uv": [0, 0, 0.4375, 0.4], "texture": "#5"},
				"west": {"uv": [0, 0, 0.4375, 0.4], "texture": "#5"},
				"up": {"uv": [0, 0, 0.4375, 0.4], "texture": "#5"},
				"down": {"uv": [0, 0, 0.4375, 0.4], "texture": "#5"}
			}
		},
		{
			"from": [3.6, 13.175, 2.9],
			"to": [4.575, 13.25, 3.925],
			"rotation": {"angle": -22.5, "axis": "x", "origin": [1.925, 11.375, 1.9]},
			"faces": {
				"north": {"uv": [0, 0, 0.4375, 0.4], "texture": "#5"},
				"east": {"uv": [0, 0, 0.4375, 0.4], "texture": "#5"},
				"south": {"uv": [0, 0, 0.4375, 0.4], "texture": "#5"},
				"west": {"uv": [0, 0, 0.4375, 0.4], "texture": "#5"},
				"up": {"uv": [0, 0, 0.4375, 0.4], "texture": "#5"},
				"down": {"uv": [0, 0, 0.4375, 0.4], "texture": "#5"}
			}
		},
		{
			"from": [2.625, 12.4, 2.025],
			"to": [3.6, 12.475, 3.05],
			"rotation": {"angle": -22.5, "axis": "x", "origin": [1.95, 10.6, 0]},
			"faces": {
				"north": {"uv": [0, 0, 0.4375, 0.4], "texture": "#5"},
				"east": {"uv": [0, 0, 0.4375, 0.4], "texture": "#5"},
				"south": {"uv": [0, 0, 0.4375, 0.4], "texture": "#5"},
				"west": {"uv": [0, 0, 0.4375, 0.4], "texture": "#5"},
				"up": {"uv": [0, 0, 0.4375, 0.4], "texture": "#5"},
				"down": {"uv": [0, 0, 0.4375, 0.4], "texture": "#5"}
			}
		},
		{
			"from": [3.6, 12.4, 1],
			"to": [4.575, 12.475, 2.025],
			"rotation": {"angle": -22.5, "axis": "x", "origin": [1.925, 10.6, 0]},
			"faces": {
				"north": {"uv": [0, 0, 0.4375, 0.4], "texture": "#5"},
				"east": {"uv": [0, 0, 0.4375, 0.4], "texture": "#5"},
				"south": {"uv": [0, 0, 0.4375, 0.4], "texture": "#5"},
				"west": {"uv": [0, 0, 0.4375, 0.4], "texture": "#5"},
				"up": {"uv": [0, 0, 0.4375, 0.4], "texture": "#5"},
				"down": {"uv": [0, 0, 0.4375, 0.4], "texture": "#5"}
			}
		},
		{
			"from": [5.55, 15.5, 8.6],
			"to": [6.525, 15.575, 9.625],
			"rotation": {"angle": -22.5, "axis": "x", "origin": [3.875, 13.7, 7.6]},
			"faces": {
				"north": {"uv": [0, 0, 0.4375, 0.4], "texture": "#5"},
				"east": {"uv": [0, 0, 0.4375, 0.4], "texture": "#5"},
				"south": {"uv": [0, 0, 0.4375, 0.4], "texture": "#5"},
				"west": {"uv": [0, 0, 0.4375, 0.4], "texture": "#5"},
				"up": {"uv": [0, 0, 0.4375, 0.4], "texture": "#5"},
				"down": {"uv": [0, 0, 0.4375, 0.4], "texture": "#5"}
			}
		},
		{
			"from": [4.575, 15.5, 9.625],
			"to": [5.55, 15.575, 10.65],
			"rotation": {"angle": -22.5, "axis": "x", "origin": [3.9, 13.7, 7.6]},
			"faces": {
				"north": {"uv": [0, 0, 0.4375, 0.4], "texture": "#5"},
				"east": {"uv": [0, 0, 0.4375, 0.4], "texture": "#5"},
				"south": {"uv": [0, 0, 0.4375, 0.4], "texture": "#5"},
				"west": {"uv": [0, 0, 0.4375, 0.4], "texture": "#5"},
				"up": {"uv": [0, 0, 0.4375, 0.4], "texture": "#5"},
				"down": {"uv": [0, 0, 0.4375, 0.4], "texture": "#5"}
			}
		},
		{
			"from": [5.55, 16.275, 10.5],
			"to": [6.525, 16.35, 11.525],
			"rotation": {"angle": -22.5, "axis": "x", "origin": [3.875, 14.475, 9.5]},
			"faces": {
				"north": {"uv": [0, 0, 0.4375, 0.4], "texture": "#5"},
				"east": {"uv": [0, 0, 0.4375, 0.4], "texture": "#5"},
				"south": {"uv": [0, 0, 0.4375, 0.4], "texture": "#5"},
				"west": {"uv": [0, 0, 0.4375, 0.4], "texture": "#5"},
				"up": {"uv": [0, 0, 0.4375, 0.4], "texture": "#5"},
				"down": {"uv": [0, 0, 0.4375, 0.4], "texture": "#5"}
			}
		},
		{
			"from": [4.575, 16.275, 11.525],
			"to": [5.55, 16.35, 12.55],
			"rotation": {"angle": -22.5, "axis": "x", "origin": [3.9, 14.475, 9.5]},
			"faces": {
				"north": {"uv": [0, 0, 0.4375, 0.4], "texture": "#5"},
				"east": {"uv": [0, 0, 0.4375, 0.4], "texture": "#5"},
				"south": {"uv": [0, 0, 0.4375, 0.4], "texture": "#5"},
				"west": {"uv": [0, 0, 0.4375, 0.4], "texture": "#5"},
				"up": {"uv": [0, 0, 0.4375, 0.4], "texture": "#5"},
				"down": {"uv": [0, 0, 0.4375, 0.4], "texture": "#5"}
			}
		},
		{
			"from": [4.575, 14.725, 7.725],
			"to": [5.55, 14.8, 8.75],
			"rotation": {"angle": -22.5, "axis": "x", "origin": [3.9, 12.925, 5.7]},
			"faces": {
				"north": {"uv": [0, 0, 0.4375, 0.4], "texture": "#5"},
				"east": {"uv": [0, 0, 0.4375, 0.4], "texture": "#5"},
				"south": {"uv": [0, 0, 0.4375, 0.4], "texture": "#5"},
				"west": {"uv": [0, 0, 0.4375, 0.4], "texture": "#5"},
				"up": {"uv": [0, 0, 0.4375, 0.4], "texture": "#5"},
				"down": {"uv": [0, 0, 0.4375, 0.4], "texture": "#5"}
			}
		},
		{
			"from": [5.55, 14.725, 6.7],
			"to": [6.525, 14.8, 7.725],
			"rotation": {"angle": -22.5, "axis": "x", "origin": [3.875, 12.925, 5.7]},
			"faces": {
				"north": {"uv": [0, 0, 0.4375, 0.4], "texture": "#5"},
				"east": {"uv": [0, 0, 0.4375, 0.4], "texture": "#5"},
				"south": {"uv": [0, 0, 0.4375, 0.4], "texture": "#5"},
				"west": {"uv": [0, 0, 0.4375, 0.4], "texture": "#5"},
				"up": {"uv": [0, 0, 0.4375, 0.4], "texture": "#5"},
				"down": {"uv": [0, 0, 0.4375, 0.4], "texture": "#5"}
			}
		},
		{
			"from": [4.575, 13.95, 5.825],
			"to": [5.55, 14.025, 6.85],
			"rotation": {"angle": -22.5, "axis": "x", "origin": [3.9, 12.15, 3.8]},
			"faces": {
				"north": {"uv": [0, 0, 0.4375, 0.4], "texture": "#5"},
				"east": {"uv": [0, 0, 0.4375, 0.4], "texture": "#5"},
				"south": {"uv": [0, 0, 0.4375, 0.4], "texture": "#5"},
				"west": {"uv": [0, 0, 0.4375, 0.4], "texture": "#5"},
				"up": {"uv": [0, 0, 0.4375, 0.4], "texture": "#5"},
				"down": {"uv": [0, 0, 0.4375, 0.4], "texture": "#5"}
			}
		},
		{
			"from": [5.55, 13.95, 4.8],
			"to": [6.525, 14.025, 5.825],
			"rotation": {"angle": -22.5, "axis": "x", "origin": [3.875, 12.15, 3.8]},
			"faces": {
				"north": {"uv": [0, 0, 0.4375, 0.4], "texture": "#5"},
				"east": {"uv": [0, 0, 0.4375, 0.4], "texture": "#5"},
				"south": {"uv": [0, 0, 0.4375, 0.4], "texture": "#5"},
				"west": {"uv": [0, 0, 0.4375, 0.4], "texture": "#5"},
				"up": {"uv": [0, 0, 0.4375, 0.4], "texture": "#5"},
				"down": {"uv": [0, 0, 0.4375, 0.4], "texture": "#5"}
			}
		},
		{
			"from": [4.575, 13.175, 3.925],
			"to": [5.55, 13.25, 4.95],
			"rotation": {"angle": -22.5, "axis": "x", "origin": [3.9, 11.375, 1.9]},
			"faces": {
				"north": {"uv": [0, 0, 0.4375, 0.4], "texture": "#5"},
				"east": {"uv": [0, 0, 0.4375, 0.4], "texture": "#5"},
				"south": {"uv": [0, 0, 0.4375, 0.4], "texture": "#5"},
				"west": {"uv": [0, 0, 0.4375, 0.4], "texture": "#5"},
				"up": {"uv": [0, 0, 0.4375, 0.4], "texture": "#5"},
				"down": {"uv": [0, 0, 0.4375, 0.4], "texture": "#5"}
			}
		},
		{
			"from": [5.55, 13.175, 2.9],
			"to": [6.525, 13.25, 3.925],
			"rotation": {"angle": -22.5, "axis": "x", "origin": [3.875, 11.375, 1.9]},
			"faces": {
				"north": {"uv": [0, 0, 0.4375, 0.4], "texture": "#5"},
				"east": {"uv": [0, 0, 0.4375, 0.4], "texture": "#5"},
				"south": {"uv": [0, 0, 0.4375, 0.4], "texture": "#5"},
				"west": {"uv": [0, 0, 0.4375, 0.4], "texture": "#5"},
				"up": {"uv": [0, 0, 0.4375, 0.4], "texture": "#5"},
				"down": {"uv": [0, 0, 0.4375, 0.4], "texture": "#5"}
			}
		},
		{
			"from": [4.575, 12.4, 2.025],
			"to": [5.55, 12.475, 3.05],
			"rotation": {"angle": -22.5, "axis": "x", "origin": [3.9, 10.6, 0]},
			"faces": {
				"north": {"uv": [0, 0, 0.4375, 0.4], "texture": "#5"},
				"east": {"uv": [0, 0, 0.4375, 0.4], "texture": "#5"},
				"south": {"uv": [0, 0, 0.4375, 0.4], "texture": "#5"},
				"west": {"uv": [0, 0, 0.4375, 0.4], "texture": "#5"},
				"up": {"uv": [0, 0, 0.4375, 0.4], "texture": "#5"},
				"down": {"uv": [0, 0, 0.4375, 0.4], "texture": "#5"}
			}
		},
		{
			"from": [5.55, 12.4, 1],
			"to": [6.525, 12.475, 2.025],
			"rotation": {"angle": -22.5, "axis": "x", "origin": [3.875, 10.6, 0]},
			"faces": {
				"north": {"uv": [0, 0, 0.4375, 0.4], "texture": "#5"},
				"east": {"uv": [0, 0, 0.4375, 0.4], "texture": "#5"},
				"south": {"uv": [0, 0, 0.4375, 0.4], "texture": "#5"},
				"west": {"uv": [0, 0, 0.4375, 0.4], "texture": "#5"},
				"up": {"uv": [0, 0, 0.4375, 0.4], "texture": "#5"},
				"down": {"uv": [0, 0, 0.4375, 0.4], "texture": "#5"}
			}
		},
		{
			"from": [7.5, 15.5, 8.6],
			"to": [8.475, 15.575, 9.625],
			"rotation": {"angle": -22.5, "axis": "x", "origin": [5.825, 13.7, 7.6]},
			"faces": {
				"north": {"uv": [0, 0, 0.4375, 0.4], "texture": "#5"},
				"east": {"uv": [0, 0, 0.4375, 0.4], "texture": "#5"},
				"south": {"uv": [0, 0, 0.4375, 0.4], "texture": "#5"},
				"west": {"uv": [0, 0, 0.4375, 0.4], "texture": "#5"},
				"up": {"uv": [0, 0, 0.4375, 0.4], "texture": "#5"},
				"down": {"uv": [0, 0, 0.4375, 0.4], "texture": "#5"}
			}
		},
		{
			"from": [6.525, 15.5, 9.625],
			"to": [7.5, 15.575, 10.65],
			"rotation": {"angle": -22.5, "axis": "x", "origin": [5.85, 13.7, 7.6]},
			"faces": {
				"north": {"uv": [0, 0, 0.4375, 0.4], "texture": "#5"},
				"east": {"uv": [0, 0, 0.4375, 0.4], "texture": "#5"},
				"south": {"uv": [0, 0, 0.4375, 0.4], "texture": "#5"},
				"west": {"uv": [0, 0, 0.4375, 0.4], "texture": "#5"},
				"up": {"uv": [0, 0, 0.4375, 0.4], "texture": "#5"},
				"down": {"uv": [0, 0, 0.4375, 0.4], "texture": "#5"}
			}
		},
		{
			"from": [7.5, 16.275, 10.5],
			"to": [8.475, 16.35, 11.525],
			"rotation": {"angle": -22.5, "axis": "x", "origin": [5.825, 14.475, 9.5]},
			"faces": {
				"north": {"uv": [0, 0, 0.4375, 0.4], "texture": "#5"},
				"east": {"uv": [0, 0, 0.4375, 0.4], "texture": "#5"},
				"south": {"uv": [0, 0, 0.4375, 0.4], "texture": "#5"},
				"west": {"uv": [0, 0, 0.4375, 0.4], "texture": "#5"},
				"up": {"uv": [0, 0, 0.4375, 0.4], "texture": "#5"},
				"down": {"uv": [0, 0, 0.4375, 0.4], "texture": "#5"}
			}
		},
		{
			"from": [6.525, 16.275, 11.525],
			"to": [7.5, 16.35, 12.55],
			"rotation": {"angle": -22.5, "axis": "x", "origin": [5.85, 14.475, 9.5]},
			"faces": {
				"north": {"uv": [0, 0, 0.4375, 0.4], "texture": "#5"},
				"east": {"uv": [0, 0, 0.4375, 0.4], "texture": "#5"},
				"south": {"uv": [0, 0, 0.4375, 0.4], "texture": "#5"},
				"west": {"uv": [0, 0, 0.4375, 0.4], "texture": "#5"},
				"up": {"uv": [0, 0, 0.4375, 0.4], "texture": "#5"},
				"down": {"uv": [0, 0, 0.4375, 0.4], "texture": "#5"}
			}
		},
		{
			"from": [6.525, 14.725, 7.725],
			"to": [7.5, 14.8, 8.75],
			"rotation": {"angle": -22.5, "axis": "x", "origin": [5.85, 12.925, 5.7]},
			"faces": {
				"north": {"uv": [0, 0, 0.4375, 0.4], "texture": "#5"},
				"east": {"uv": [0, 0, 0.4375, 0.4], "texture": "#5"},
				"south": {"uv": [0, 0, 0.4375, 0.4], "texture": "#5"},
				"west": {"uv": [0, 0, 0.4375, 0.4], "texture": "#5"},
				"up": {"uv": [0, 0, 0.4375, 0.4], "texture": "#5"},
				"down": {"uv": [0, 0, 0.4375, 0.4], "texture": "#5"}
			}
		},
		{
			"from": [7.5, 14.725, 6.7],
			"to": [8.475, 14.8, 7.725],
			"rotation": {"angle": -22.5, "axis": "x", "origin": [5.825, 12.925, 5.7]},
			"faces": {
				"north": {"uv": [0, 0, 0.4375, 0.4], "texture": "#5"},
				"east": {"uv": [0, 0, 0.4375, 0.4], "texture": "#5"},
				"south": {"uv": [0, 0, 0.4375, 0.4], "texture": "#5"},
				"west": {"uv": [0, 0, 0.4375, 0.4], "texture": "#5"},
				"up": {"uv": [0, 0, 0.4375, 0.4], "texture": "#5"},
				"down": {"uv": [0, 0, 0.4375, 0.4], "texture": "#5"}
			}
		},
		{
			"from": [6.525, 13.95, 5.825],
			"to": [7.5, 14.025, 6.85],
			"rotation": {"angle": -22.5, "axis": "x", "origin": [5.85, 12.15, 3.8]},
			"faces": {
				"north": {"uv": [0, 0, 0.4375, 0.4], "texture": "#5"},
				"east": {"uv": [0, 0, 0.4375, 0.4], "texture": "#5"},
				"south": {"uv": [0, 0, 0.4375, 0.4], "texture": "#5"},
				"west": {"uv": [0, 0, 0.4375, 0.4], "texture": "#5"},
				"up": {"uv": [0, 0, 0.4375, 0.4], "texture": "#5"},
				"down": {"uv": [0, 0, 0.4375, 0.4], "texture": "#5"}
			}
		},
		{
			"from": [7.5, 13.95, 4.8],
			"to": [8.475, 14.025, 5.825],
			"rotation": {"angle": -22.5, "axis": "x", "origin": [5.825, 12.15, 3.8]},
			"faces": {
				"north": {"uv": [0, 0, 0.4375, 0.4], "texture": "#5"},
				"east": {"uv": [0, 0, 0.4375, 0.4], "texture": "#5"},
				"south": {"uv": [0, 0, 0.4375, 0.4], "texture": "#5"},
				"west": {"uv": [0, 0, 0.4375, 0.4], "texture": "#5"},
				"up": {"uv": [0, 0, 0.4375, 0.4], "texture": "#5"},
				"down": {"uv": [0, 0, 0.4375, 0.4], "texture": "#5"}
			}
		},
		{
			"from": [6.525, 13.175, 3.925],
			"to": [7.5, 13.25, 4.95],
			"rotation": {"angle": -22.5, "axis": "x", "origin": [5.85, 11.375, 1.9]},
			"faces": {
				"north": {"uv": [0, 0, 0.4375, 0.4], "texture": "#5"},
				"east": {"uv": [0, 0, 0.4375, 0.4], "texture": "#5"},
				"south": {"uv": [0, 0, 0.4375, 0.4], "texture": "#5"},
				"west": {"uv": [0, 0, 0.4375, 0.4], "texture": "#5"},
				"up": {"uv": [0, 0, 0.4375, 0.4], "texture": "#5"},
				"down": {"uv": [0, 0, 0.4375, 0.4], "texture": "#5"}
			}
		},
		{
			"from": [7.5, 13.175, 2.9],
			"to": [8.475, 13.25, 3.925],
			"rotation": {"angle": -22.5, "axis": "x", "origin": [5.825, 11.375, 1.9]},
			"faces": {
				"north": {"uv": [0, 0, 0.4375, 0.4], "texture": "#5"},
				"east": {"uv": [0, 0, 0.4375, 0.4], "texture": "#5"},
				"south": {"uv": [0, 0, 0.4375, 0.4], "texture": "#5"},
				"west": {"uv": [0, 0, 0.4375, 0.4], "texture": "#5"},
				"up": {"uv": [0, 0, 0.4375, 0.4], "texture": "#5"},
				"down": {"uv": [0, 0, 0.4375, 0.4], "texture": "#5"}
			}
		},
		{
			"from": [6.525, 12.4, 2.025],
			"to": [7.5, 12.475, 3.05],
			"rotation": {"angle": -22.5, "axis": "x", "origin": [5.85, 10.6, 0]},
			"faces": {
				"north": {"uv": [0, 0, 0.4375, 0.4], "texture": "#5"},
				"east": {"uv": [0, 0, 0.4375, 0.4], "texture": "#5"},
				"south": {"uv": [0, 0, 0.4375, 0.4], "texture": "#5"},
				"west": {"uv": [0, 0, 0.4375, 0.4], "texture": "#5"},
				"up": {"uv": [0, 0, 0.4375, 0.4], "texture": "#5"},
				"down": {"uv": [0, 0, 0.4375, 0.4], "texture": "#5"}
			}
		},
		{
			"from": [7.5, 12.4, 1],
			"to": [8.475, 12.475, 2.025],
			"rotation": {"angle": -22.5, "axis": "x", "origin": [5.825, 10.6, 0]},
			"faces": {
				"north": {"uv": [0, 0, 0.4375, 0.4], "texture": "#5"},
				"east": {"uv": [0, 0, 0.4375, 0.4], "texture": "#5"},
				"south": {"uv": [0, 0, 0.4375, 0.4], "texture": "#5"},
				"west": {"uv": [0, 0, 0.4375, 0.4], "texture": "#5"},
				"up": {"uv": [0, 0, 0.4375, 0.4], "texture": "#5"},
				"down": {"uv": [0, 0, 0.4375, 0.4], "texture": "#5"}
			}
		},
		{
			"from": [9.45, 15.5, 8.6],
			"to": [10.425, 15.575, 9.625],
			"rotation": {"angle": -22.5, "axis": "x", "origin": [7.775, 13.7, 7.6]},
			"faces": {
				"north": {"uv": [0, 0, 0.4375, 0.4], "texture": "#5"},
				"east": {"uv": [0, 0, 0.4375, 0.4], "texture": "#5"},
				"south": {"uv": [0, 0, 0.4375, 0.4], "texture": "#5"},
				"west": {"uv": [0, 0, 0.4375, 0.4], "texture": "#5"},
				"up": {"uv": [0, 0, 0.4375, 0.4], "texture": "#5"},
				"down": {"uv": [0, 0, 0.4375, 0.4], "texture": "#5"}
			}
		},
		{
			"from": [8.475, 15.5, 9.625],
			"to": [9.45, 15.575, 10.65],
			"rotation": {"angle": -22.5, "axis": "x", "origin": [7.8, 13.7, 7.6]},
			"faces": {
				"north": {"uv": [0, 0, 0.4375, 0.4], "texture": "#5"},
				"east": {"uv": [0, 0, 0.4375, 0.4], "texture": "#5"},
				"south": {"uv": [0, 0, 0.4375, 0.4], "texture": "#5"},
				"west": {"uv": [0, 0, 0.4375, 0.4], "texture": "#5"},
				"up": {"uv": [0, 0, 0.4375, 0.4], "texture": "#5"},
				"down": {"uv": [0, 0, 0.4375, 0.4], "texture": "#5"}
			}
		},
		{
			"from": [9.45, 16.275, 10.5],
			"to": [10.425, 16.35, 11.525],
			"rotation": {"angle": -22.5, "axis": "x", "origin": [7.775, 14.475, 9.5]},
			"faces": {
				"north": {"uv": [0, 0, 0.4375, 0.4], "texture": "#5"},
				"east": {"uv": [0, 0, 0.4375, 0.4], "texture": "#5"},
				"south": {"uv": [0, 0, 0.4375, 0.4], "texture": "#5"},
				"west": {"uv": [0, 0, 0.4375, 0.4], "texture": "#5"},
				"up": {"uv": [0, 0, 0.4375, 0.4], "texture": "#5"},
				"down": {"uv": [0, 0, 0.4375, 0.4], "texture": "#5"}
			}
		},
		{
			"from": [8.475, 16.275, 11.525],
			"to": [9.45, 16.35, 12.55],
			"rotation": {"angle": -22.5, "axis": "x", "origin": [7.8, 14.475, 9.5]},
			"faces": {
				"north": {"uv": [0, 0, 0.4375, 0.4], "texture": "#5"},
				"east": {"uv": [0, 0, 0.4375, 0.4], "texture": "#5"},
				"south": {"uv": [0, 0, 0.4375, 0.4], "texture": "#5"},
				"west": {"uv": [0, 0, 0.4375, 0.4], "texture": "#5"},
				"up": {"uv": [0, 0, 0.4375, 0.4], "texture": "#5"},
				"down": {"uv": [0, 0, 0.4375, 0.4], "texture": "#5"}
			}
		},
		{
			"from": [8.475, 14.725, 7.725],
			"to": [9.45, 14.8, 8.75],
			"rotation": {"angle": -22.5, "axis": "x", "origin": [7.8, 12.925, 5.7]},
			"faces": {
				"north": {"uv": [0, 0, 0.4375, 0.4], "texture": "#5"},
				"east": {"uv": [0, 0, 0.4375, 0.4], "texture": "#5"},
				"south": {"uv": [0, 0, 0.4375, 0.4], "texture": "#5"},
				"west": {"uv": [0, 0, 0.4375, 0.4], "texture": "#5"},
				"up": {"uv": [0, 0, 0.4375, 0.4], "texture": "#5"},
				"down": {"uv": [0, 0, 0.4375, 0.4], "texture": "#5"}
			}
		},
		{
			"from": [9.45, 14.725, 6.7],
			"to": [10.425, 14.8, 7.725],
			"rotation": {"angle": -22.5, "axis": "x", "origin": [7.775, 12.925, 5.7]},
			"faces": {
				"north": {"uv": [0, 0, 0.4375, 0.4], "texture": "#5"},
				"east": {"uv": [0, 0, 0.4375, 0.4], "texture": "#5"},
				"south": {"uv": [0, 0, 0.4375, 0.4], "texture": "#5"},
				"west": {"uv": [0, 0, 0.4375, 0.4], "texture": "#5"},
				"up": {"uv": [0, 0, 0.4375, 0.4], "texture": "#5"},
				"down": {"uv": [0, 0, 0.4375, 0.4], "texture": "#5"}
			}
		},
		{
			"from": [8.475, 13.95, 5.825],
			"to": [9.45, 14.025, 6.85],
			"rotation": {"angle": -22.5, "axis": "x", "origin": [7.8, 12.15, 3.8]},
			"faces": {
				"north": {"uv": [0, 0, 0.4375, 0.4], "texture": "#5"},
				"east": {"uv": [0, 0, 0.4375, 0.4], "texture": "#5"},
				"south": {"uv": [0, 0, 0.4375, 0.4], "texture": "#5"},
				"west": {"uv": [0, 0, 0.4375, 0.4], "texture": "#5"},
				"up": {"uv": [0, 0, 0.4375, 0.4], "texture": "#5"},
				"down": {"uv": [0, 0, 0.4375, 0.4], "texture": "#5"}
			}
		},
		{
			"from": [9.45, 13.95, 4.8],
			"to": [10.425, 14.025, 5.825],
			"rotation": {"angle": -22.5, "axis": "x", "origin": [7.775, 12.15, 3.8]},
			"faces": {
				"north": {"uv": [0, 0, 0.4375, 0.4], "texture": "#5"},
				"east": {"uv": [0, 0, 0.4375, 0.4], "texture": "#5"},
				"south": {"uv": [0, 0, 0.4375, 0.4], "texture": "#5"},
				"west": {"uv": [0, 0, 0.4375, 0.4], "texture": "#5"},
				"up": {"uv": [0, 0, 0.4375, 0.4], "texture": "#5"},
				"down": {"uv": [0, 0, 0.4375, 0.4], "texture": "#5"}
			}
		},
		{
			"from": [8.475, 13.175, 3.925],
			"to": [9.45, 13.25, 4.95],
			"rotation": {"angle": -22.5, "axis": "x", "origin": [7.8, 11.375, 1.9]},
			"faces": {
				"north": {"uv": [0, 0, 0.4375, 0.4], "texture": "#5"},
				"east": {"uv": [0, 0, 0.4375, 0.4], "texture": "#5"},
				"south": {"uv": [0, 0, 0.4375, 0.4], "texture": "#5"},
				"west": {"uv": [0, 0, 0.4375, 0.4], "texture": "#5"},
				"up": {"uv": [0, 0, 0.4375, 0.4], "texture": "#5"},
				"down": {"uv": [0, 0, 0.4375, 0.4], "texture": "#5"}
			}
		},
		{
			"from": [9.45, 13.175, 2.9],
			"to": [10.425, 13.25, 3.925],
			"rotation": {"angle": -22.5, "axis": "x", "origin": [7.775, 11.375, 1.9]},
			"faces": {
				"north": {"uv": [0, 0, 0.4375, 0.4], "texture": "#5"},
				"east": {"uv": [0, 0, 0.4375, 0.4], "texture": "#5"},
				"south": {"uv": [0, 0, 0.4375, 0.4], "texture": "#5"},
				"west": {"uv": [0, 0, 0.4375, 0.4], "texture": "#5"},
				"up": {"uv": [0, 0, 0.4375, 0.4], "texture": "#5"},
				"down": {"uv": [0, 0, 0.4375, 0.4], "texture": "#5"}
			}
		},
		{
			"from": [8.475, 12.4, 2.025],
			"to": [9.45, 12.475, 3.05],
			"rotation": {"angle": -22.5, "axis": "x", "origin": [7.8, 10.6, 0]},
			"faces": {
				"north": {"uv": [0, 0, 0.4375, 0.4], "texture": "#5"},
				"east": {"uv": [0, 0, 0.4375, 0.4], "texture": "#5"},
				"south": {"uv": [0, 0, 0.4375, 0.4], "texture": "#5"},
				"west": {"uv": [0, 0, 0.4375, 0.4], "texture": "#5"},
				"up": {"uv": [0, 0, 0.4375, 0.4], "texture": "#5"},
				"down": {"uv": [0, 0, 0.4375, 0.4], "texture": "#5"}
			}
		},
		{
			"from": [9.45, 12.4, 1],
			"to": [10.425, 12.475, 2.025],
			"rotation": {"angle": -22.5, "axis": "x", "origin": [7.775, 10.6, 0]},
			"faces": {
				"north": {"uv": [0, 0, 0.4375, 0.4], "texture": "#5"},
				"east": {"uv": [0, 0, 0.4375, 0.4], "texture": "#5"},
				"south": {"uv": [0, 0, 0.4375, 0.4], "texture": "#5"},
				"west": {"uv": [0, 0, 0.4375, 0.4], "texture": "#5"},
				"up": {"uv": [0, 0, 0.4375, 0.4], "texture": "#5"},
				"down": {"uv": [0, 0, 0.4375, 0.4], "texture": "#5"}
			}
		},
		{
			"from": [11.4, 15.5, 8.6],
			"to": [12.375, 15.575, 9.625],
			"rotation": {"angle": -22.5, "axis": "x", "origin": [9.725, 13.7, 7.6]},
			"faces": {
				"north": {"uv": [0, 0, 0.4375, 0.4], "texture": "#5"},
				"east": {"uv": [0, 0, 0.4375, 0.4], "texture": "#5"},
				"south": {"uv": [0, 0, 0.4375, 0.4], "texture": "#5"},
				"west": {"uv": [0, 0, 0.4375, 0.4], "texture": "#5"},
				"up": {"uv": [0, 0, 0.4375, 0.4], "texture": "#5"},
				"down": {"uv": [0, 0, 0.4375, 0.4], "texture": "#5"}
			}
		},
		{
			"from": [10.425, 15.5, 9.625],
			"to": [11.4, 15.575, 10.65],
			"rotation": {"angle": -22.5, "axis": "x", "origin": [9.75, 13.7, 7.6]},
			"faces": {
				"north": {"uv": [0, 0, 0.4375, 0.4], "texture": "#5"},
				"east": {"uv": [0, 0, 0.4375, 0.4], "texture": "#5"},
				"south": {"uv": [0, 0, 0.4375, 0.4], "texture": "#5"},
				"west": {"uv": [0, 0, 0.4375, 0.4], "texture": "#5"},
				"up": {"uv": [0, 0, 0.4375, 0.4], "texture": "#5"},
				"down": {"uv": [0, 0, 0.4375, 0.4], "texture": "#5"}
			}
		},
		{
			"from": [11.4, 16.275, 10.5],
			"to": [12.375, 16.35, 11.525],
			"rotation": {"angle": -22.5, "axis": "x", "origin": [9.725, 14.475, 9.5]},
			"faces": {
				"north": {"uv": [0, 0, 0.4375, 0.4], "texture": "#5"},
				"east": {"uv": [0, 0, 0.4375, 0.4], "texture": "#5"},
				"south": {"uv": [0, 0, 0.4375, 0.4], "texture": "#5"},
				"west": {"uv": [0, 0, 0.4375, 0.4], "texture": "#5"},
				"up": {"uv": [0, 0, 0.4375, 0.4], "texture": "#5"},
				"down": {"uv": [0, 0, 0.4375, 0.4], "texture": "#5"}
			}
		},
		{
			"from": [10.425, 16.275, 11.525],
			"to": [11.4, 16.35, 12.55],
			"rotation": {"angle": -22.5, "axis": "x", "origin": [9.75, 14.475, 9.5]},
			"faces": {
				"north": {"uv": [0, 0, 0.4375, 0.4], "texture": "#5"},
				"east": {"uv": [0, 0, 0.4375, 0.4], "texture": "#5"},
				"south": {"uv": [0, 0, 0.4375, 0.4], "texture": "#5"},
				"west": {"uv": [0, 0, 0.4375, 0.4], "texture": "#5"},
				"up": {"uv": [0, 0, 0.4375, 0.4], "texture": "#5"},
				"down": {"uv": [0, 0, 0.4375, 0.4], "texture": "#5"}
			}
		},
		{
			"from": [10.425, 14.725, 7.725],
			"to": [11.4, 14.8, 8.75],
			"rotation": {"angle": -22.5, "axis": "x", "origin": [9.75, 12.925, 5.7]},
			"faces": {
				"north": {"uv": [0, 0, 0.4375, 0.4], "texture": "#5"},
				"east": {"uv": [0, 0, 0.4375, 0.4], "texture": "#5"},
				"south": {"uv": [0, 0, 0.4375, 0.4], "texture": "#5"},
				"west": {"uv": [0, 0, 0.4375, 0.4], "texture": "#5"},
				"up": {"uv": [0, 0, 0.4375, 0.4], "texture": "#5"},
				"down": {"uv": [0, 0, 0.4375, 0.4], "texture": "#5"}
			}
		},
		{
			"from": [11.4, 14.725, 6.7],
			"to": [12.375, 14.8, 7.725],
			"rotation": {"angle": -22.5, "axis": "x", "origin": [9.725, 12.925, 5.7]},
			"faces": {
				"north": {"uv": [0, 0, 0.4375, 0.4], "texture": "#5"},
				"east": {"uv": [0, 0, 0.4375, 0.4], "texture": "#5"},
				"south": {"uv": [0, 0, 0.4375, 0.4], "texture": "#5"},
				"west": {"uv": [0, 0, 0.4375, 0.4], "texture": "#5"},
				"up": {"uv": [0, 0, 0.4375, 0.4], "texture": "#5"},
				"down": {"uv": [0, 0, 0.4375, 0.4], "texture": "#5"}
			}
		},
		{
			"from": [10.425, 13.95, 5.825],
			"to": [11.4, 14.025, 6.85],
			"rotation": {"angle": -22.5, "axis": "x", "origin": [9.75, 12.15, 3.8]},
			"faces": {
				"north": {"uv": [0, 0, 0.4375, 0.4], "texture": "#5"},
				"east": {"uv": [0, 0, 0.4375, 0.4], "texture": "#5"},
				"south": {"uv": [0, 0, 0.4375, 0.4], "texture": "#5"},
				"west": {"uv": [0, 0, 0.4375, 0.4], "texture": "#5"},
				"up": {"uv": [0, 0, 0.4375, 0.4], "texture": "#5"},
				"down": {"uv": [0, 0, 0.4375, 0.4], "texture": "#5"}
			}
		},
		{
			"from": [11.4, 13.95, 4.8],
			"to": [12.375, 14.025, 5.825],
			"rotation": {"angle": -22.5, "axis": "x", "origin": [9.725, 12.15, 3.8]},
			"faces": {
				"north": {"uv": [0, 0, 0.4375, 0.4], "texture": "#5"},
				"east": {"uv": [0, 0, 0.4375, 0.4], "texture": "#5"},
				"south": {"uv": [0, 0, 0.4375, 0.4], "texture": "#5"},
				"west": {"uv": [0, 0, 0.4375, 0.4], "texture": "#5"},
				"up": {"uv": [0, 0, 0.4375, 0.4], "texture": "#5"},
				"down": {"uv": [0, 0, 0.4375, 0.4], "texture": "#5"}
			}
		},
		{
			"from": [10.425, 13.175, 3.925],
			"to": [11.4, 13.25, 4.95],
			"rotation": {"angle": -22.5, "axis": "x", "origin": [9.75, 11.375, 1.9]},
			"faces": {
				"north": {"uv": [0, 0, 0.4375, 0.4], "texture": "#5"},
				"east": {"uv": [0, 0, 0.4375, 0.4], "texture": "#5"},
				"south": {"uv": [0, 0, 0.4375, 0.4], "texture": "#5"},
				"west": {"uv": [0, 0, 0.4375, 0.4], "texture": "#5"},
				"up": {"uv": [0, 0, 0.4375, 0.4], "texture": "#5"},
				"down": {"uv": [0, 0, 0.4375, 0.4], "texture": "#5"}
			}
		},
		{
			"from": [11.4, 13.175, 2.9],
			"to": [12.375, 13.25, 3.925],
			"rotation": {"angle": -22.5, "axis": "x", "origin": [9.725, 11.375, 1.9]},
			"faces": {
				"north": {"uv": [0, 0, 0.4375, 0.4], "texture": "#5"},
				"east": {"uv": [0, 0, 0.4375, 0.4], "texture": "#5"},
				"south": {"uv": [0, 0, 0.4375, 0.4], "texture": "#5"},
				"west": {"uv": [0, 0, 0.4375, 0.4], "texture": "#5"},
				"up": {"uv": [0, 0, 0.4375, 0.4], "texture": "#5"},
				"down": {"uv": [0, 0, 0.4375, 0.4], "texture": "#5"}
			}
		},
		{
			"from": [10.425, 12.4, 2.025],
			"to": [11.4, 12.475, 3.05],
			"rotation": {"angle": -22.5, "axis": "x", "origin": [9.75, 10.6, 0]},
			"faces": {
				"north": {"uv": [0, 0, 0.4375, 0.4], "texture": "#5"},
				"east": {"uv": [0, 0, 0.4375, 0.4], "texture": "#5"},
				"south": {"uv": [0, 0, 0.4375, 0.4], "texture": "#5"},
				"west": {"uv": [0, 0, 0.4375, 0.4], "texture": "#5"},
				"up": {"uv": [0, 0, 0.4375, 0.4], "texture": "#5"},
				"down": {"uv": [0, 0, 0.4375, 0.4], "texture": "#5"}
			}
		},
		{
			"from": [11.4, 12.4, 1],
			"to": [12.375, 12.475, 2.025],
			"rotation": {"angle": -22.5, "axis": "x", "origin": [9.725, 10.6, 0]},
			"faces": {
				"north": {"uv": [0, 0, 0.4375, 0.4], "texture": "#5"},
				"east": {"uv": [0, 0, 0.4375, 0.4], "texture": "#5"},
				"south": {"uv": [0, 0, 0.4375, 0.4], "texture": "#5"},
				"west": {"uv": [0, 0, 0.4375, 0.4], "texture": "#5"},
				"up": {"uv": [0, 0, 0.4375, 0.4], "texture": "#5"},
				"down": {"uv": [0, 0, 0.4375, 0.4], "texture": "#5"}
			}
		},
		{
			"from": [13.35, 15.5, 8.6],
			"to": [14.325, 15.575, 9.625],
			"rotation": {"angle": -22.5, "axis": "x", "origin": [11.675, 13.7, 7.6]},
			"faces": {
				"north": {"uv": [0, 0, 0.4375, 0.4], "texture": "#5"},
				"east": {"uv": [0, 0, 0.4375, 0.4], "texture": "#5"},
				"south": {"uv": [0, 0, 0.4375, 0.4], "texture": "#5"},
				"west": {"uv": [0, 0, 0.4375, 0.4], "texture": "#5"},
				"up": {"uv": [0, 0, 0.4375, 0.4], "texture": "#5"},
				"down": {"uv": [0, 0, 0.4375, 0.4], "texture": "#5"}
			}
		},
		{
			"from": [12.375, 15.5, 9.625],
			"to": [13.35, 15.575, 10.65],
			"rotation": {"angle": -22.5, "axis": "x", "origin": [11.7, 13.7, 7.6]},
			"faces": {
				"north": {"uv": [0, 0, 0.4375, 0.4], "texture": "#5"},
				"east": {"uv": [0, 0, 0.4375, 0.4], "texture": "#5"},
				"south": {"uv": [0, 0, 0.4375, 0.4], "texture": "#5"},
				"west": {"uv": [0, 0, 0.4375, 0.4], "texture": "#5"},
				"up": {"uv": [0, 0, 0.4375, 0.4], "texture": "#5"},
				"down": {"uv": [0, 0, 0.4375, 0.4], "texture": "#5"}
			}
		},
		{
			"from": [13.35, 16.275, 10.5],
			"to": [14.325, 16.35, 11.525],
			"rotation": {"angle": -22.5, "axis": "x", "origin": [11.675, 14.475, 9.5]},
			"faces": {
				"north": {"uv": [0, 0, 0.4375, 0.4], "texture": "#5"},
				"east": {"uv": [0, 0, 0.4375, 0.4], "texture": "#5"},
				"south": {"uv": [0, 0, 0.4375, 0.4], "texture": "#5"},
				"west": {"uv": [0, 0, 0.4375, 0.4], "texture": "#5"},
				"up": {"uv": [0, 0, 0.4375, 0.4], "texture": "#5"},
				"down": {"uv": [0, 0, 0.4375, 0.4], "texture": "#5"}
			}
		},
		{
			"from": [12.375, 16.275, 11.525],
			"to": [13.35, 16.35, 12.55],
			"rotation": {"angle": -22.5, "axis": "x", "origin": [11.7, 14.475, 9.5]},
			"faces": {
				"north": {"uv": [0, 0, 0.4375, 0.4], "texture": "#5"},
				"east": {"uv": [0, 0, 0.4375, 0.4], "texture": "#5"},
				"south": {"uv": [0, 0, 0.4375, 0.4], "texture": "#5"},
				"west": {"uv": [0, 0, 0.4375, 0.4], "texture": "#5"},
				"up": {"uv": [0, 0, 0.4375, 0.4], "texture": "#5"},
				"down": {"uv": [0, 0, 0.4375, 0.4], "texture": "#5"}
			}
		},
		{
			"from": [12.375, 14.725, 7.725],
			"to": [13.35, 14.8, 8.75],
			"rotation": {"angle": -22.5, "axis": "x", "origin": [11.7, 12.925, 5.7]},
			"faces": {
				"north": {"uv": [0, 0, 0.4375, 0.4], "texture": "#5"},
				"east": {"uv": [0, 0, 0.4375, 0.4], "texture": "#5"},
				"south": {"uv": [0, 0, 0.4375, 0.4], "texture": "#5"},
				"west": {"uv": [0, 0, 0.4375, 0.4], "texture": "#5"},
				"up": {"uv": [0, 0, 0.4375, 0.4], "texture": "#5"},
				"down": {"uv": [0, 0, 0.4375, 0.4], "texture": "#5"}
			}
		},
		{
			"from": [13.35, 14.725, 6.7],
			"to": [14.325, 14.8, 7.725],
			"rotation": {"angle": -22.5, "axis": "x", "origin": [11.675, 12.925, 5.7]},
			"faces": {
				"north": {"uv": [0, 0, 0.4375, 0.4], "texture": "#5"},
				"east": {"uv": [0, 0, 0.4375, 0.4], "texture": "#5"},
				"south": {"uv": [0, 0, 0.4375, 0.4], "texture": "#5"},
				"west": {"uv": [0, 0, 0.4375, 0.4], "texture": "#5"},
				"up": {"uv": [0, 0, 0.4375, 0.4], "texture": "#5"},
				"down": {"uv": [0, 0, 0.4375, 0.4], "texture": "#5"}
			}
		},
		{
			"from": [12.375, 13.95, 5.825],
			"to": [13.35, 14.025, 6.85],
			"rotation": {"angle": -22.5, "axis": "x", "origin": [11.7, 12.15, 3.8]},
			"faces": {
				"north": {"uv": [0, 0, 0.4375, 0.4], "texture": "#5"},
				"east": {"uv": [0, 0, 0.4375, 0.4], "texture": "#5"},
				"south": {"uv": [0, 0, 0.4375, 0.4], "texture": "#5"},
				"west": {"uv": [0, 0, 0.4375, 0.4], "texture": "#5"},
				"up": {"uv": [0, 0, 0.4375, 0.4], "texture": "#5"},
				"down": {"uv": [0, 0, 0.4375, 0.4], "texture": "#5"}
			}
		},
		{
			"from": [13.35, 13.95, 4.8],
			"to": [14.325, 14.025, 5.825],
			"rotation": {"angle": -22.5, "axis": "x", "origin": [11.675, 12.15, 3.8]},
			"faces": {
				"north": {"uv": [0, 0, 0.4375, 0.4], "texture": "#5"},
				"east": {"uv": [0, 0, 0.4375, 0.4], "texture": "#5"},
				"south": {"uv": [0, 0, 0.4375, 0.4], "texture": "#5"},
				"west": {"uv": [0, 0, 0.4375, 0.4], "texture": "#5"},
				"up": {"uv": [0, 0, 0.4375, 0.4], "texture": "#5"},
				"down": {"uv": [0, 0, 0.4375, 0.4], "texture": "#5"}
			}
		},
		{
			"from": [12.375, 13.175, 3.925],
			"to": [13.35, 13.25, 4.95],
			"rotation": {"angle": -22.5, "axis": "x", "origin": [11.7, 11.375, 1.9]},
			"faces": {
				"north": {"uv": [0, 0, 0.4375, 0.4], "texture": "#5"},
				"east": {"uv": [0, 0, 0.4375, 0.4], "texture": "#5"},
				"south": {"uv": [0, 0, 0.4375, 0.4], "texture": "#5"},
				"west": {"uv": [0, 0, 0.4375, 0.4], "texture": "#5"},
				"up": {"uv": [0, 0, 0.4375, 0.4], "texture": "#5"},
				"down": {"uv": [0, 0, 0.4375, 0.4], "texture": "#5"}
			}
		},
		{
			"from": [13.35, 13.175, 2.9],
			"to": [14.325, 13.25, 3.925],
			"rotation": {"angle": -22.5, "axis": "x", "origin": [11.675, 11.375, 1.9]},
			"faces": {
				"north": {"uv": [0, 0, 0.4375, 0.4], "texture": "#5"},
				"east": {"uv": [0, 0, 0.4375, 0.4], "texture": "#5"},
				"south": {"uv": [0, 0, 0.4375, 0.4], "texture": "#5"},
				"west": {"uv": [0, 0, 0.4375, 0.4], "texture": "#5"},
				"up": {"uv": [0, 0, 0.4375, 0.4], "texture": "#5"},
				"down": {"uv": [0, 0, 0.4375, 0.4], "texture": "#5"}
			}
		},
		{
			"from": [12.375, 12.4, 2.025],
			"to": [13.35, 12.475, 3.05],
			"rotation": {"angle": -22.5, "axis": "x", "origin": [11.7, 10.6, 0]},
			"faces": {
				"north": {"uv": [0, 0, 0.4375, 0.4], "texture": "#5"},
				"east": {"uv": [0, 0, 0.4375, 0.4], "texture": "#5"},
				"south": {"uv": [0, 0, 0.4375, 0.4], "texture": "#5"},
				"west": {"uv": [0, 0, 0.4375, 0.4], "texture": "#5"},
				"up": {"uv": [0, 0, 0.4375, 0.4], "texture": "#5"},
				"down": {"uv": [0, 0, 0.4375, 0.4], "texture": "#5"}
			}
		},
		{
			"from": [14.325, 13.95, 5.825],
			"to": [15.3, 14.025, 6.85],
			"rotation": {"angle": -22.5, "axis": "x", "origin": [13.65, 12.15, 3.8]},
			"faces": {
				"north": {"uv": [0, 0, 0.4375, 0.4], "texture": "#5"},
				"east": {"uv": [0, 0, 0.4375, 0.4], "texture": "#5"},
				"south": {"uv": [0, 0, 0.4375, 0.4], "texture": "#5"},
				"west": {"uv": [0, 0, 0.4375, 0.4], "texture": "#5"},
				"up": {"uv": [0, 0, 0.4375, 0.4], "texture": "#5"},
				"down": {"uv": [0, 0, 0.4375, 0.4], "texture": "#5"}
			}
		},
		{
			"from": [14.325, 13.175, 3.925],
			"to": [15.3, 13.25, 4.95],
			"rotation": {"angle": -22.5, "axis": "x", "origin": [13.65, 11.375, 1.9]},
			"faces": {
				"north": {"uv": [0, 0, 0.4375, 0.4], "texture": "#5"},
				"east": {"uv": [0, 0, 0.4375, 0.4], "texture": "#5"},
				"south": {"uv": [0, 0, 0.4375, 0.4], "texture": "#5"},
				"west": {"uv": [0, 0, 0.4375, 0.4], "texture": "#5"},
				"up": {"uv": [0, 0, 0.4375, 0.4], "texture": "#5"},
				"down": {"uv": [0, 0, 0.4375, 0.4], "texture": "#5"}
			}
		},
		{
			"from": [14.325, 12.4, 2.025],
			"to": [15.3, 12.475, 3.05],
			"rotation": {"angle": -22.5, "axis": "x", "origin": [13.65, 10.6, 0]},
			"faces": {
				"north": {"uv": [0, 0, 0.4375, 0.4], "texture": "#5"},
				"east": {"uv": [0, 0, 0.4375, 0.4], "texture": "#5"},
				"south": {"uv": [0, 0, 0.4375, 0.4], "texture": "#5"},
				"west": {"uv": [0, 0, 0.4375, 0.4], "texture": "#5"},
				"up": {"uv": [0, 0, 0.4375, 0.4], "texture": "#5"},
				"down": {"uv": [0, 0, 0.4375, 0.4], "texture": "#5"}
			}
		},
		{
			"from": [14.325, 14.725, 7.725],
			"to": [15.3, 14.8, 8.75],
			"rotation": {"angle": -22.5, "axis": "x", "origin": [13.65, 12.925, 5.7]},
			"faces": {
				"north": {"uv": [0, 0, 0.4375, 0.4], "texture": "#5"},
				"east": {"uv": [0, 0, 0.4375, 0.4], "texture": "#5"},
				"south": {"uv": [0, 0, 0.4375, 0.4], "texture": "#5"},
				"west": {"uv": [0, 0, 0.4375, 0.4], "texture": "#5"},
				"up": {"uv": [0, 0, 0.4375, 0.4], "texture": "#5"},
				"down": {"uv": [0, 0, 0.4375, 0.4], "texture": "#5"}
			}
		},
		{
			"from": [14.325, 15.5, 9.625],
			"to": [15.3, 15.575, 10.65],
			"rotation": {"angle": -22.5, "axis": "x", "origin": [13.65, 13.7, 7.6]},
			"faces": {
				"north": {"uv": [0, 0, 0.4375, 0.4], "texture": "#5"},
				"east": {"uv": [0, 0, 0.4375, 0.4], "texture": "#5"},
				"south": {"uv": [0, 0, 0.4375, 0.4], "texture": "#5"},
				"west": {"uv": [0, 0, 0.4375, 0.4], "texture": "#5"},
				"up": {"uv": [0, 0, 0.4375, 0.4], "texture": "#5"},
				"down": {"uv": [0, 0, 0.4375, 0.4], "texture": "#5"}
			}
		},
		{
			"from": [14.325, 16.275, 11.525],
			"to": [15.3, 16.35, 12.55],
			"rotation": {"angle": -22.5, "axis": "x", "origin": [13.65, 14.475, 9.5]},
			"faces": {
				"north": {"uv": [0, 0, 0.4375, 0.4], "texture": "#5"},
				"east": {"uv": [0, 0, 0.4375, 0.4], "texture": "#5"},
				"south": {"uv": [0, 0, 0.4375, 0.4], "texture": "#5"},
				"west": {"uv": [0, 0, 0.4375, 0.4], "texture": "#5"},
				"up": {"uv": [0, 0, 0.4375, 0.4], "texture": "#5"},
				"down": {"uv": [0, 0, 0.4375, 0.4], "texture": "#5"}
			}
		},
		{
			"from": [13.35, 12.4, 1],
			"to": [14.325, 12.475, 2.025],
			"rotation": {"angle": -22.5, "axis": "x", "origin": [11.675, 10.6, 0]},
			"faces": {
				"north": {"uv": [0, 0, 0.4375, 0.4], "texture": "#5"},
				"east": {"uv": [0, 0, 0.4375, 0.4], "texture": "#5"},
				"south": {"uv": [0, 0, 0.4375, 0.4], "texture": "#5"},
				"west": {"uv": [0, 0, 0.4375, 0.4], "texture": "#5"},
				"up": {"uv": [0, 0, 0.4375, 0.4], "texture": "#5"},
				"down": {"uv": [0, 0, 0.4375, 0.4], "texture": "#5"}
			}
		}
	],
	"display": {
		"firstperson_righthand": {
			"rotation": [0, 135, 0],
			"scale": [0.4, 0.4, 0.4]
		}
	}
}