{
	"credit": "Made with Blockbench",
	"parent": "minecraft:block/orientable_with_bottom",
	"textures": {
		"0": "block/stripped_oak_log",
		"1": "block/stripped_spruce_log",
		"2": "block/dark_oak_log",
		"3": "block/spruce_planks",
		"4": "block/dark_oak_planks",
		"5": "block/stripped_dark_oak_log",
		"6": "block/anvil",
		"7": "block/white_wool",
		"8": "block/loom_top",
		"9": "block/loom_side",
		"particle": "block/stripped_oak_log"
	},
	"elements": [
		{
			"from": [0, 0, 0],
			"to": [16, 2, 16],
			"faces": {
				"north": {"uv": [0, 0, 16, 2], "texture": "#3"},
				"east": {"uv": [0, 0, 16, 2], "texture": "#3"},
				"south": {"uv": [0, 0, 16, 2], "texture": "#3"},
				"west": {"uv": [0, 0, 16, 2], "texture": "#3"},
				"up": {"uv": [0, 0, 16, 16], "texture": "#3"},
				"down": {"uv": [0, 0, 16, 16], "texture": "#3"}
			}
		},
		{
			"from": [14, 2, 0],
			"to": [16, 16, 2],
			"faces": {
				"north": {"uv": [0, 0, 2, 14], "texture": "#0"},
				"east": {"uv": [0, 0, 2, 14], "texture": "#0"},
				"south": {"uv": [0, 0, 2, 14], "texture": "#0"},
				"west": {"uv": [5, 1, 7, 15], "texture": "#0"},
				"up": {"uv": [0, 0, 2, 2], "texture": "#0"},
				"down": {"uv": [0, 0, 2, 2], "texture": "#0"}
			}
		},
		{
			"from": [14.1, 0, 10],
			"to": [15.9, 16, 12],
			"rotation": {"angle": -22.5, "axis": "x", "origin": [0, 0, 10]},
			"faces": {
				"north": {"uv": [0, 0, 2, 14], "texture": "#0"},
				"east": {"uv": [4, 3, 6, 15], "texture": "#0"},
				"south": {"uv": [0, 0, 2, 14], "texture": "#0"},
				"west": {"uv": [5, 1, 7, 15], "texture": "#0"},
				"up": {"uv": [0, 0, 2, 2], "texture": "#0"},
				"down": {"uv": [0, 0, 2, 2], "texture": "#0"}
			}
		},
		{
			"from": [0.1, 0, 10],
			"to": [1.9, 16, 12],
			"rotation": {"angle": -22.5, "axis": "x", "origin": [16, 0, 10]},
			"faces": {
				"north": {"uv": [2, 0, 0, 14], "texture": "#0"},
				"east": {"uv": [7, 1, 5, 15], "texture": "#0"},
				"south": {"uv": [2, 0, 0, 14], "texture": "#0"},
				"west": {"uv": [6, 3, 4, 15], "texture": "#0"},
				"up": {"uv": [2, 0, 0, 2], "texture": "#0"},
				"down": {"uv": [2, 0, 0, 2], "texture": "#0"}
			}
		},
		{
			"from": [15, 14, 2],
			"to": [16, 16, 14],
			"faces": {
				"north": {"uv": [0, 0, 1, 2], "texture": "#0"},
				"east": {"uv": [1, 2, 13, 4], "texture": "#0"},
				"south": {"uv": [0, 0, 1, 2], "texture": "#0"},
				"west": {"uv": [0, 0, 12, 2], "texture": "#0"},
				"up": {"uv": [0, 0, 1, 12], "texture": "#0"},
				"down": {"uv": [0, 0, 1, 12], "texture": "#0"}
			}
		},
		{
			"from": [15, 7, 1],
			"to": [15.975, 9, 15],
			"rotation": {"angle": 0, "axis": "x", "origin": [0, -7, -1]},
			"faces": {
				"north": {"uv": [0, 0, 0.975, 2], "texture": "#0"},
				"east": {"uv": [2, 8, 16, 10], "texture": "#0"},
				"south": {"uv": [0, 0, 0.975, 2], "texture": "#0"},
				"west": {"uv": [0, 0, 14, 2], "texture": "#0"},
				"up": {"uv": [5, 0, 5.975, 14], "texture": "#0"},
				"down": {"uv": [0, 0, 0.975, 14], "texture": "#0"}
			}
		},
		{
			"from": [0.025, 7, 1],
			"to": [1, 9, 15],
			"rotation": {"angle": 0, "axis": "x", "origin": [16, -7, -1]},
			"faces": {
				"north": {"uv": [0.975, 0, 0, 2], "texture": "#0"},
				"east": {"uv": [14, 0, 0, 2], "texture": "#0"},
				"south": {"uv": [0.975, 0, 0, 2], "texture": "#0"},
				"west": {"uv": [15, 6, 1, 8], "texture": "#0"},
				"up": {"uv": [0.975, 0, 0, 14], "texture": "#0"},
				"down": {"uv": [0.975, 0, 0, 14], "texture": "#0"}
			}
		},
		{
			"from": [15, 2, 14],
			"to": [16, 16, 15],
			"rotation": {"angle": 0, "axis": "y", "origin": [0, 0, 13]},
			"faces": {
				"north": {"uv": [0, 0, 1, 14], "texture": "#0"},
				"east": {"uv": [6, 0, 7, 14], "texture": "#0"},
				"south": {"uv": [0, 0, 1, 14], "texture": "#0"},
				"west": {"uv": [0, 0, 1, 14], "texture": "#0"},
				"up": {"uv": [0, 0, 1, 1], "texture": "#0"},
				"down": {"uv": [0, 0, 1, 1], "texture": "#0"}
			}
		},
		{
			"from": [14, 2, 15],
			"to": [16, 16, 16],
			"rotation": {"angle": 0, "axis": "y", "origin": [0, 0, 13]},
			"faces": {
				"north": {"uv": [0, 0, 2, 14], "texture": "#0"},
				"east": {"uv": [5, 2, 6, 16], "texture": "#0"},
				"south": {"uv": [2, 1, 4, 15], "texture": "#0"},
				"west": {"uv": [0, 0, 1, 14], "texture": "#0"},
				"up": {"uv": [0, 0, 2, 1], "texture": "#0"},
				"down": {"uv": [0, 0, 2, 1], "texture": "#0"}
			}
		},
		{
			"from": [0, 2, 15],
			"to": [2, 16, 16],
			"rotation": {"angle": 0, "axis": "y", "origin": [16, 0, 13]},
			"faces": {
				"north": {"uv": [2, 0, 0, 14], "texture": "#0"},
				"east": {"uv": [1, 0, 0, 14], "texture": "#0"},
				"south": {"uv": [4, 1, 2, 15], "texture": "#0"},
				"west": {"uv": [6, 2, 5, 16], "texture": "#0"},
				"up": {"uv": [2, 0, 0, 1], "texture": "#0"},
				"down": {"uv": [2, 0, 0, 1], "texture": "#0"}
			}
		},
		{
			"from": [0, 2, 14],
			"to": [1, 16, 15],
			"rotation": {"angle": 0, "axis": "y", "origin": [16, 0, 13]},
			"faces": {
				"north": {"uv": [1, 0, 0, 14], "texture": "#0"},
				"east": {"uv": [1, 0, 0, 14], "texture": "#0"},
				"south": {"uv": [1, 0, 0, 14], "texture": "#0"},
				"west": {"uv": [7, 0, 6, 14], "texture": "#0"},
				"up": {"uv": [1, 0, 0, 1], "texture": "#0"},
				"down": {"uv": [1, 0, 0, 1], "texture": "#0"}
			}
		},
		{
			"from": [2, 14, 15],
			"to": [14, 16, 16],
			"rotation": {"angle": 0, "axis": "y", "origin": [16, 0, 13]},
			"faces": {
				"north": {"uv": [2, 0, 14, 2], "texture": "#0"},
				"east": {"uv": [1, 0, 2, 2], "texture": "#0"},
				"south": {"uv": [3, 7, 15, 9], "texture": "#0"},
				"west": {"uv": [1, 0, 2, 2], "texture": "#0"},
				"up": {"uv": [2, 0, 14, 1], "texture": "#0"},
				"down": {"uv": [2, 0, 14, 1], "texture": "#0"}
			}
		},
		{
			"from": [2, 16, 14],
			"to": [14, 19, 15],
			"rotation": {"angle": 0, "axis": "y", "origin": [16, 2, 12]},
			"faces": {
				"north": {"uv": [2, 0, 14, 3], "texture": "#1"},
				"east": {"uv": [1, 0, 2, 3], "texture": "#1"},
				"south": {"uv": [2, 3, 14, 6], "texture": "#1"},
				"west": {"uv": [1, 0, 2, 3], "texture": "#1"},
				"up": {"uv": [2, 0, 14, 1], "texture": "#1"},
				"down": {"uv": [2, 0, 14, 1], "texture": "#1"}
			}
		},
		{
			"from": [2, 7, 15],
			"to": [14, 9, 16],
			"rotation": {"angle": 0, "axis": "y", "origin": [16, -7, 13]},
			"faces": {
				"north": {"uv": [2, 0, 14, 2], "texture": "#0"},
				"east": {"uv": [1, 0, 2, 2], "texture": "#0"},
				"south": {"uv": [2, 6, 14, 8], "texture": "#0"},
				"west": {"uv": [1, 0, 2, 2], "texture": "#0"},
				"up": {"uv": [2, 0, 14, 1], "texture": "#0"},
				"down": {"uv": [2, 0, 14, 1], "texture": "#0"}
			}
		},
		{
			"from": [0, 14, 2],
			"to": [1, 16, 14],
			"rotation": {"angle": 0, "axis": "y", "origin": [16, 0, 0]},
			"faces": {
				"north": {"uv": [1, 0, 0, 2], "texture": "#0"},
				"east": {"uv": [12, 0, 0, 2], "texture": "#0"},
				"south": {"uv": [1, 0, 0, 2], "texture": "#0"},
				"west": {"uv": [14, 3, 2, 5], "texture": "#0"},
				"up": {"uv": [1, 0, 0, 12], "texture": "#0"},
				"down": {"uv": [1, 0, 0, 12], "texture": "#0"}
			}
		},
		{
			"from": [0, 2, 0],
			"to": [2, 16, 2],
			"rotation": {"angle": 0, "axis": "y", "origin": [16, 0, 0]},
			"faces": {
				"north": {"uv": [1, 0, 3, 14], "texture": "#0"},
				"east": {"uv": [2, 0, 4, 14], "texture": "#0"},
				"south": {"uv": [1, 0, 3, 14], "texture": "#0"},
				"west": {"uv": [2, 0, 4, 14], "texture": "#0"},
				"up": {"uv": [1, 0, 3, 2], "texture": "#0"},
				"down": {"uv": [1, 0, 3, 2], "texture": "#0"}
			}
		},
		{
			"from": [2, 11, 12],
			"to": [14, 17.4, 13.7],
			"rotation": {"angle": 45, "axis": "x", "origin": [0, 10, -1]},
			"faces": {
				"north": {"uv": [2, 0, 14, 6.4], "texture": "#1"},
				"east": {"uv": [0, 0, 1.7, 6.4], "texture": "#1"},
				"south": {"uv": [0, 0, 12, 6.4], "texture": "#1"},
				"west": {"uv": [0, 0, 1.7, 6.4], "texture": "#1"},
				"up": {"uv": [0, 0, 12, 1.7], "texture": "#1"},
				"down": {"uv": [0, 0, 12, 1.7], "texture": "#1"}
			}
		},
		{
			"from": [2, 15, 10],
			"to": [14, 16, 13],
			"rotation": {"angle": 0, "axis": "y", "origin": [0, 14, -1]},
			"faces": {
				"north": {"uv": [0, 0, 12, 1], "texture": "#3"},
				"east": {"uv": [0, 0, 3, 1], "texture": "#3"},
				"south": {"uv": [0, 0, 12, 1], "texture": "#3"},
				"west": {"uv": [0, 0, 3, 1], "texture": "#3"},
				"up": {"uv": [1, 2, 13, 5], "texture": "#3"},
				"down": {"uv": [0, 0, 12, 3], "texture": "#3"}
			}
		},
		{
			"from": [2, 14.5, 6.9],
			"to": [14, 16, 8],
			"rotation": {"angle": 0, "axis": "y", "origin": [0, 14, -5.3]},
			"faces": {
				"north": {"uv": [0, 2, 12, 4], "texture": "#2"},
				"east": {"uv": [0, 0, 1.1, 1.5], "texture": "#2"},
				"south": {"uv": [0, 0, 12, 1.5], "texture": "#2"},
				"west": {"uv": [0, 0, 1.1, 1.5], "texture": "#2"},
				"up": {"uv": [0, 0, 12, 1.1], "texture": "#2"},
				"down": {"uv": [0, 0, 12, 1.1], "texture": "#2"}
			}
		},
		{
			"from": [2, 4.5, 6.9],
			"to": [14, 6, 8],
			"rotation": {"angle": 0, "axis": "y", "origin": [0, 4, -5.3]},
			"faces": {
				"north": {"uv": [0, 2, 12, 4], "texture": "#2"},
				"east": {"uv": [0, 0, 1.1, 1.5], "texture": "#2"},
				"south": {"uv": [0, 0, 12, 1.5], "texture": "#2"},
				"west": {"uv": [0, 0, 1.1, 1.5], "texture": "#2"},
				"up": {"uv": [0, 0, 12, 1.1], "texture": "#2"},
				"down": {"uv": [0, 0, 12, 1.1], "texture": "#2"}
			}
		},
		{
			"from": [12.7, 5.5, 7.1],
			"to": [12.9, 14.5, 7.8],
			"rotation": {"angle": 0, "axis": "y", "origin": [-1.1, 14, -5.3]},
			"faces": {
				"north": {"uv": [0, 0, 0.2, 9], "texture": "#4"},
				"east": {"uv": [0, 0, 0.7, 9], "texture": "#4"},
				"south": {"uv": [0, 0, 0.2, 9], "texture": "#4"},
				"west": {"uv": [0, 0, 0.7, 9], "texture": "#4"},
				"up": {"uv": [0, 0, 0.2, 0.7], "texture": "#4"},
				"down": {"uv": [0, 0, 0.2, 0.7], "texture": "#4"}
			}
		},
		{
			"from": [12.1, 5.5, 7.1],
			"to": [12.3, 14.5, 7.8],
			"rotation": {"angle": 0, "axis": "y", "origin": [-1.7, 14, -5.3]},
			"faces": {
				"north": {"uv": [0, 0, 0.2, 9], "texture": "#4"},
				"east": {"uv": [0, 0, 0.7, 9], "texture": "#4"},
				"south": {"uv": [0, 0, 0.2, 9], "texture": "#4"},
				"west": {"uv": [0, 0, 0.7, 9], "texture": "#4"},
				"up": {"uv": [0, 0, 0.2, 0.7], "texture": "#4"},
				"down": {"uv": [0, 0, 0.2, 0.7], "texture": "#4"}
			}
		},
		{
			"from": [11.5, 5.5, 7.1],
			"to": [11.7, 14.5, 7.8],
			"rotation": {"angle": 0, "axis": "y", "origin": [-2.3, 14, -5.3]},
			"faces": {
				"north": {"uv": [0, 0, 0.2, 9], "texture": "#4"},
				"east": {"uv": [0, 0, 0.7, 9], "texture": "#4"},
				"south": {"uv": [0, 0, 0.2, 9], "texture": "#4"},
				"west": {"uv": [0, 0, 0.7, 9], "texture": "#4"},
				"up": {"uv": [0, 0, 0.2, 0.7], "texture": "#4"},
				"down": {"uv": [0, 0, 0.2, 0.7], "texture": "#4"}
			}
		},
		{
			"from": [10.9, 5.5, 7.1],
			"to": [11.1, 14.5, 7.8],
			"rotation": {"angle": 0, "axis": "y", "origin": [-2.9, 14, -5.3]},
			"faces": {
				"north": {"uv": [0, 0, 0.2, 9], "texture": "#4"},
				"east": {"uv": [0, 0, 0.7, 9], "texture": "#4"},
				"south": {"uv": [0, 0, 0.2, 9], "texture": "#4"},
				"west": {"uv": [0, 0, 0.7, 9], "texture": "#4"},
				"up": {"uv": [0, 0, 0.2, 0.7], "texture": "#4"},
				"down": {"uv": [0, 0, 0.2, 0.7], "texture": "#4"}
			}
		},
		{
			"from": [10.3, 5.5, 7.1],
			"to": [10.5, 14.5, 7.8],
			"rotation": {"angle": 0, "axis": "y", "origin": [-3.5, 14, -5.3]},
			"faces": {
				"north": {"uv": [0, 0, 0.2, 9], "texture": "#4"},
				"east": {"uv": [0, 0, 0.7, 9], "texture": "#4"},
				"south": {"uv": [0, 0, 0.2, 9], "texture": "#4"},
				"west": {"uv": [0, 0, 0.7, 9], "texture": "#4"},
				"up": {"uv": [0, 0, 0.2, 0.7], "texture": "#4"},
				"down": {"uv": [0, 0, 0.2, 0.7], "texture": "#4"}
			}
		},
		{
			"from": [9.7, 5.5, 7.1],
			"to": [9.9, 14.5, 7.8],
			"rotation": {"angle": 0, "axis": "y", "origin": [-4.1, 14, -5.3]},
			"faces": {
				"north": {"uv": [0, 0, 0.2, 9], "texture": "#4"},
				"east": {"uv": [0, 0, 0.7, 9], "texture": "#4"},
				"south": {"uv": [0, 0, 0.2, 9], "texture": "#4"},
				"west": {"uv": [0, 0, 0.7, 9], "texture": "#4"},
				"up": {"uv": [0, 0, 0.2, 0.7], "texture": "#4"},
				"down": {"uv": [0, 0, 0.2, 0.7], "texture": "#4"}
			}
		},
		{
			"from": [9.1, 5.5, 7.1],
			"to": [9.3, 14.5, 7.8],
			"rotation": {"angle": 0, "axis": "y", "origin": [-4.7, 14, -5.3]},
			"faces": {
				"north": {"uv": [0, 0, 0.2, 9], "texture": "#4"},
				"east": {"uv": [0, 0, 0.7, 9], "texture": "#4"},
				"south": {"uv": [0, 0, 0.2, 9], "texture": "#4"},
				"west": {"uv": [0, 0, 0.7, 9], "texture": "#4"},
				"up": {"uv": [0, 0, 0.2, 0.7], "texture": "#4"},
				"down": {"uv": [0, 0, 0.2, 0.7], "texture": "#4"}
			}
		},
		{
			"from": [8.5, 5.5, 7.1],
			"to": [8.7, 14.5, 7.8],
			"rotation": {"angle": 0, "axis": "y", "origin": [-5.3, 14, -5.3]},
			"faces": {
				"north": {"uv": [0, 0, 0.2, 9], "texture": "#4"},
				"east": {"uv": [0, 0, 0.7, 9], "texture": "#4"},
				"south": {"uv": [0, 0, 0.2, 9], "texture": "#4"},
				"west": {"uv": [0, 0, 0.7, 9], "texture": "#4"},
				"up": {"uv": [0, 0, 0.2, 0.7], "texture": "#4"},
				"down": {"uv": [0, 0, 0.2, 0.7], "texture": "#4"}
			}
		},
		{
			"from": [7.9, 5.5, 7.1],
			"to": [8.1, 14.5, 7.8],
			"rotation": {"angle": 0, "axis": "y", "origin": [-5.9, 14, -5.3]},
			"faces": {
				"north": {"uv": [0, 0, 0.2, 9], "texture": "#4"},
				"east": {"uv": [0, 0, 0.7, 9], "texture": "#4"},
				"south": {"uv": [0, 0, 0.2, 9], "texture": "#4"},
				"west": {"uv": [0, 0, 0.7, 9], "texture": "#4"},
				"up": {"uv": [0, 0, 0.2, 0.7], "texture": "#4"},
				"down": {"uv": [0, 0, 0.2, 0.7], "texture": "#4"}
			}
		},
		{
			"from": [7.3, 5.5, 7.1],
			"to": [7.5, 14.5, 7.8],
			"rotation": {"angle": 0, "axis": "y", "origin": [-6.5, 14, -5.3]},
			"faces": {
				"north": {"uv": [0, 0, 0.2, 9], "texture": "#4"},
				"east": {"uv": [0, 0, 0.7, 9], "texture": "#4"},
				"south": {"uv": [0, 0, 0.2, 9], "texture": "#4"},
				"west": {"uv": [0, 0, 0.7, 9], "texture": "#4"},
				"up": {"uv": [0, 0, 0.2, 0.7], "texture": "#4"},
				"down": {"uv": [0, 0, 0.2, 0.7], "texture": "#4"}
			}
		},
		{
			"from": [6.7, 5.5, 7.1],
			"to": [6.9, 14.5, 7.8],
			"rotation": {"angle": 0, "axis": "y", "origin": [-7.1, 14, -5.3]},
			"faces": {
				"north": {"uv": [0, 0, 0.2, 9], "texture": "#4"},
				"east": {"uv": [0, 0, 0.7, 9], "texture": "#4"},
				"south": {"uv": [0, 0, 0.2, 9], "texture": "#4"},
				"west": {"uv": [0, 0, 0.7, 9], "texture": "#4"},
				"up": {"uv": [0, 0, 0.2, 0.7], "texture": "#4"},
				"down": {"uv": [0, 0, 0.2, 0.7], "texture": "#4"}
			}
		},
		{
			"from": [6.1, 5.5, 7.1],
			"to": [6.3, 14.5, 7.8],
			"rotation": {"angle": 0, "axis": "y", "origin": [-7.7, 14, -5.3]},
			"faces": {
				"north": {"uv": [0, 0, 0.2, 9], "texture": "#4"},
				"east": {"uv": [0, 0, 0.7, 9], "texture": "#4"},
				"south": {"uv": [0, 0, 0.2, 9], "texture": "#4"},
				"west": {"uv": [0, 0, 0.7, 9], "texture": "#4"},
				"up": {"uv": [0, 0, 0.2, 0.7], "texture": "#4"},
				"down": {"uv": [0, 0, 0.2, 0.7], "texture": "#4"}
			}
		},
		{
			"from": [5.5, 5.5, 7.1],
			"to": [5.7, 14.5, 7.8],
			"rotation": {"angle": 0, "axis": "y", "origin": [-8.3, 14, -5.3]},
			"faces": {
				"north": {"uv": [0, 0, 0.2, 9], "texture": "#4"},
				"east": {"uv": [0, 0, 0.7, 9], "texture": "#4"},
				"south": {"uv": [0, 0, 0.2, 9], "texture": "#4"},
				"west": {"uv": [0, 0, 0.7, 9], "texture": "#4"},
				"up": {"uv": [0, 0, 0.2, 0.7], "texture": "#4"},
				"down": {"uv": [0, 0, 0.2, 0.7], "texture": "#4"}
			}
		},
		{
			"from": [4.9, 5.5, 7.1],
			"to": [5.1, 14.5, 7.8],
			"rotation": {"angle": 0, "axis": "y", "origin": [-8.9, 14, -5.3]},
			"faces": {
				"north": {"uv": [0, 0, 0.2, 9], "texture": "#4"},
				"east": {"uv": [0, 0, 0.7, 9], "texture": "#4"},
				"south": {"uv": [0, 0, 0.2, 9], "texture": "#4"},
				"west": {"uv": [0, 0, 0.7, 9], "texture": "#4"},
				"up": {"uv": [0, 0, 0.2, 0.7], "texture": "#4"},
				"down": {"uv": [0, 0, 0.2, 0.7], "texture": "#4"}
			}
		},
		{
			"from": [4.3, 5.5, 7.1],
			"to": [4.5, 14.5, 7.8],
			"rotation": {"angle": 0, "axis": "y", "origin": [-9.5, 14, -5.3]},
			"faces": {
				"north": {"uv": [0, 0, 0.2, 9], "texture": "#4"},
				"east": {"uv": [0, 0, 0.7, 9], "texture": "#4"},
				"south": {"uv": [0, 0, 0.2, 9], "texture": "#4"},
				"west": {"uv": [0, 0, 0.7, 9], "texture": "#4"},
				"up": {"uv": [0, 0, 0.2, 0.7], "texture": "#4"},
				"down": {"uv": [0, 0, 0.2, 0.7], "texture": "#4"}
			}
		},
		{
			"from": [3.7, 5.5, 7.1],
			"to": [3.9, 14.5, 7.8],
			"rotation": {"angle": 0, "axis": "y", "origin": [-10.1, 14, -5.3]},
			"faces": {
				"north": {"uv": [0, 0, 0.2, 9], "texture": "#4"},
				"east": {"uv": [0, 0, 0.7, 9], "texture": "#4"},
				"south": {"uv": [0, 0, 0.2, 9], "texture": "#4"},
				"west": {"uv": [0, 0, 0.7, 9], "texture": "#4"},
				"up": {"uv": [0, 0, 0.2, 0.7], "texture": "#4"},
				"down": {"uv": [0, 0, 0.2, 0.7], "texture": "#4"}
			}
		},
		{
			"from": [3.1, 5.5, 7.1],
			"to": [3.3, 14.5, 7.8],
			"rotation": {"angle": 0, "axis": "y", "origin": [-10.7, 14, -5.3]},
			"faces": {
				"north": {"uv": [0, 0, 0.2, 9], "texture": "#4"},
				"east": {"uv": [0, 0, 0.7, 9], "texture": "#4"},
				"south": {"uv": [0, 0, 0.2, 9], "texture": "#4"},
				"west": {"uv": [0, 0, 0.7, 9], "texture": "#4"},
				"up": {"uv": [0, 0, 0.2, 0.7], "texture": "#4"},
				"down": {"uv": [0, 0, 0.2, 0.7], "texture": "#4"}
			}
		},
		{
			"from": [2, 2, 13],
			"to": [14, 16, 15],
			"rotation": {"angle": 0, "axis": "y", "origin": [0, 0, -1]},
			"faces": {
				"north": {"uv": [0, 0, 12, 14], "texture": "#1"},
				"east": {"uv": [0, 0, 2, 14], "texture": "#1"},
				"south": {"uv": [1, 0, 13, 14], "texture": "#1"},
				"west": {"uv": [0, 0, 2, 14], "texture": "#1"},
				"up": {"uv": [0, 0, 12, 2], "texture": "#1"},
				"down": {"uv": [0, 0, 12, 2], "texture": "#1"}
			}
		},
		{
			"from": [2, 9, 15.025],
			"to": [14, 14, 15.025],
			"rotation": {"angle": 0, "axis": "y", "origin": [0, 0, -0.975]},
			"faces": {
				"north": {"uv": [1, 1, 15, 7], "texture": "#9"},
				"east": {"uv": [1, 1, 15, 7], "texture": "#9"},
				"south": {"uv": [1, 1, 15, 7], "texture": "#9"},
				"west": {"uv": [1, 1, 15, 7], "texture": "#9"},
				"up": {"uv": [1, 1, 15, 7], "texture": "#9"},
				"down": {"uv": [1, 1, 15, 7], "texture": "#9"}
			}
		},
		{
			"from": [2, 2, 15.025],
			"to": [14, 7, 15.025],
			"rotation": {"angle": 0, "axis": "y", "origin": [0, -7, -0.975]},
			"faces": {
				"north": {"uv": [1, 9, 15, 14], "texture": "#9"},
				"east": {"uv": [1, 9, 15, 14], "texture": "#9"},
				"south": {"uv": [1, 9, 15, 14], "texture": "#9"},
				"west": {"uv": [1, 9, 15, 14], "texture": "#9"},
				"up": {"uv": [1, 9, 15, 14], "texture": "#9"},
				"down": {"uv": [1, 9, 15, 14], "texture": "#9"}
			}
		},
		{
			"from": [14, 2, 2],
			"to": [15, 16, 15],
			"rotation": {"angle": 0, "axis": "y", "origin": [-1, 0, 0]},
			"faces": {
				"north": {"uv": [0, 0, 1, 14], "texture": "#1"},
				"east": {"uv": [0, 0, 13, 14], "texture": "#1"},
				"south": {"uv": [0, 0, 1, 14], "texture": "#1"},
				"west": {"uv": [1, 1, 15, 14], "texture": "#1"},
				"up": {"uv": [4, 1, 5, 15], "texture": "#1"},
				"down": {"uv": [0, 0, 1, 13], "texture": "#1"}
			}
		},
		{
			"from": [1, 2, 2],
			"to": [2, 16, 15],
			"rotation": {"angle": 0, "axis": "y", "origin": [17, 0, 0]},
			"faces": {
				"north": {"uv": [1, 0, 0, 14], "texture": "#1"},
				"east": {"uv": [15, 1, 1, 14], "texture": "#1"},
				"south": {"uv": [1, 0, 0, 14], "texture": "#1"},
				"west": {"uv": [13, 0, 0, 14], "texture": "#1"},
				"up": {"uv": [5, 1, 4, 15], "texture": "#1"},
				"down": {"uv": [1, 0, 0, 13], "texture": "#1"}
			}
		},
		{
			"from": [2, 7.2, 5.1],
			"to": [14, 8.8, 6.5],
			"rotation": {"angle": -45, "axis": "x", "origin": [0, 7, 4.8]},
			"faces": {
				"north": {"uv": [0, 0, 12, 1.6], "texture": "#5"},
				"east": {"uv": [0, 0, 1.4, 1.6], "texture": "#5"},
				"south": {"uv": [0, 0, 12, 1.6], "texture": "#5"},
				"west": {"uv": [0, 0, 1.4, 1.6], "texture": "#5"},
				"up": {"uv": [1, 0, 13, 1.4], "texture": "#5"},
				"down": {"uv": [0, 0, 12, 1.4], "texture": "#5"}
			}
		},
		{
			"from": [4.3, 7.4, 3.7],
			"to": [11.7, 9.6, 5.9],
			"rotation": {"angle": 0, "axis": "x", "origin": [0, 7.5, 3.8]},
			"faces": {
				"north": {"uv": [0, 0, 9, 3], "texture": "#7"},
				"east": {"uv": [0, 0, 4, 3], "texture": "#7"},
				"south": {"uv": [0, 0, 9, 3], "texture": "#7"},
				"west": {"uv": [0, 0, 4, 3], "texture": "#7"},
				"up": {"uv": [0, 0, 9, 3], "texture": "#7"},
				"down": {"uv": [0, 0, 9, 3], "texture": "#7"}
			}
		},
		{
			"from": [4.3, 9, 9.5],
			"to": [11.7, 12, 12.5],
			"rotation": {"angle": 0, "axis": "x", "origin": [0, 9.5, 10]},
			"faces": {
				"north": {"uv": [0, 0, 10, 4], "texture": "#7"},
				"east": {"uv": [0, 0, 10, 4], "texture": "#7"},
				"south": {"uv": [0, 0, 10, 4], "texture": "#7"},
				"west": {"uv": [0, 0, 10, 4], "texture": "#7"},
				"up": {"uv": [0, 0, 11, 5], "texture": "#7"},
				"down": {"uv": [0, 0, 10, 4], "texture": "#7"}
			}
		},
		{
			"from": [13, 6.6, 4.5],
			"to": [14, 9.4, 7.1],
			"rotation": {"angle": -45, "axis": "x", "origin": [11, 7, 4.8]},
			"faces": {
				"north": {"uv": [0, 0, 2, 8], "texture": "#2"},
				"east": {"uv": [0, 0, 2, 8], "texture": "#2"},
				"south": {"uv": [0, 0, 2, 8], "texture": "#2"},
				"west": {"uv": [0, 0, 4, 4], "texture": "#2"},
				"up": {"uv": [0, 0, 2, 8], "texture": "#2"},
				"down": {"uv": [0, 0, 2, 8], "texture": "#2"}
			}
		},
		{
			"from": [2, 6.6, 4.5],
			"to": [3, 9.4, 7.1],
			"rotation": {"angle": -45, "axis": "x", "origin": [5, 7, 4.8]},
			"faces": {
				"north": {"uv": [2, 0, 0, 8], "texture": "#2"},
				"east": {"uv": [4, 0, 0, 4], "texture": "#2"},
				"south": {"uv": [2, 0, 0, 8], "texture": "#2"},
				"west": {"uv": [2, 0, 0, 8], "texture": "#2"},
				"up": {"uv": [2, 0, 0, 8], "texture": "#2"},
				"down": {"uv": [2, 0, 0, 8], "texture": "#2"}
			}
		},
		{
			"from": [11.7, 6.8, 4.7],
			"to": [12.7, 9.2, 6.9],
			"rotation": {"angle": -45, "axis": "x", "origin": [14.7, 7, 4.8]},
			"faces": {
				"north": {"uv": [1, 0, 2, 2.4], "texture": "#6"},
				"east": {"uv": [2.2, 0, 4.4, 2.4], "texture": "#6"},
				"south": {"uv": [1, 0, 2, 2.4], "texture": "#6"},
				"west": {"uv": [2.2, 0, 4.4, 2.4], "texture": "#6"},
				"up": {"uv": [0, 0, 2, 2.2], "texture": "#6"},
				"down": {"uv": [1, 0, 2, 2.2], "texture": "#6"}
			}
		},
		{
			"from": [3.3, 6.8, 4.7],
			"to": [4.3, 9.2, 6.9],
			"rotation": {"angle": -45, "axis": "x", "origin": [1.3, 7, 4.8]},
			"faces": {
				"north": {"uv": [2, 0, 1, 2.4], "texture": "#6"},
				"east": {"uv": [4.4, 0, 2.2, 2.4], "texture": "#6"},
				"south": {"uv": [2, 0, 1, 2.4], "texture": "#6"},
				"west": {"uv": [4.4, 0, 2.2, 2.4], "texture": "#6"},
				"up": {"uv": [2, 0, 0, 2.2], "texture": "#6"},
				"down": {"uv": [2, 0, 1, 2.2], "texture": "#6"}
			}
		},
		{
			"from": [2, 9, 11],
			"to": [14, 11, 13],
			"rotation": {"angle": -45, "axis": "x", "origin": [0, 9, 11]},
			"faces": {
				"north": {"uv": [0, 0, 12, 2], "texture": "#5"},
				"east": {"uv": [0, 0, 2, 2], "texture": "#5"},
				"south": {"uv": [0, 0, 12, 2], "texture": "#5"},
				"west": {"uv": [0, 0, 2, 2], "texture": "#5"},
				"up": {"uv": [1, 0, 13, 2], "texture": "#5"},
				"down": {"uv": [0, 0, 12, 2], "texture": "#5"}
			}
		},
		{
			"from": [11.7, 8.6, 10.6],
			"to": [12.7, 11.4, 13.4],
			"rotation": {"angle": -45, "axis": "x", "origin": [-1.3, 9, 11]},
			"faces": {
				"north": {"uv": [3, 3, 6, 9], "texture": "#6"},
				"east": {"uv": [3, 3, 6, 9], "texture": "#6"},
				"south": {"uv": [3, 3, 6, 9], "texture": "#6"},
				"west": {"uv": [3, 3, 6, 9], "texture": "#6"},
				"up": {"uv": [3, 3, 5, 8], "texture": "#6"},
				"down": {"uv": [3, 3, 6, 9], "texture": "#6"}
			}
		},
		{
			"from": [3.3, 8.6, 10.6],
			"to": [4.3, 11.4, 13.4],
			"rotation": {"angle": -45, "axis": "x", "origin": [17.3, 9, 11]},
			"faces": {
				"north": {"uv": [3, 3, 6, 9], "texture": "#6"},
				"east": {"uv": [3, 3, 6, 9], "texture": "#6"},
				"south": {"uv": [3, 3, 6, 9], "texture": "#6"},
				"west": {"uv": [3, 3, 6, 9], "texture": "#6"},
				"up": {"uv": [3, 3, 5, 8], "texture": "#6"},
				"down": {"uv": [3, 3, 6, 9], "texture": "#6"}
			}
		},
		{
			"from": [2, 8.2, 10.2],
			"to": [3, 11.8, 13.8],
			"rotation": {"angle": -45, "axis": "x", "origin": [16, 9, 11]},
			"faces": {
				"north": {"uv": [2, 0, 0, 8], "texture": "#2"},
				"east": {"uv": [2, 0, 0, 8], "texture": "#2"},
				"south": {"uv": [2, 0, 0, 8], "texture": "#2"},
				"west": {"uv": [2, 0, 0, 8], "texture": "#2"},
				"up": {"uv": [2, 0, 0, 8], "texture": "#2"},
				"down": {"uv": [2, 0, 0, 8], "texture": "#2"}
			}
		},
		{
			"from": [13, 8.2, 10.2],
			"to": [14, 11.8, 13.8],
			"rotation": {"angle": -45, "axis": "x", "origin": [0, 9, 11]},
			"faces": {
				"north": {"uv": [2, 0, 0, 8], "texture": "#2"},
				"east": {"uv": [2, 0, 0, 8], "texture": "#2"},
				"south": {"uv": [2, 0, 0, 8], "texture": "#2"},
				"west": {"uv": [2, 0, 0, 8], "texture": "#2"},
				"up": {"uv": [2, 0, 0, 8], "texture": "#2"},
				"down": {"uv": [2, 0, 0, 8], "texture": "#2"}
			}
		},
		{
			"from": [2, 2, 2],
			"to": [14, 5, 3],
			"rotation": {"angle": 0, "axis": "y", "origin": [0, 0, 2]},
			"faces": {
				"north": {"uv": [0, 0, 12, 3], "texture": "#5"},
				"east": {"uv": [0, 0, 1, 3], "texture": "#5"},
				"south": {"uv": [0, 0, 12, 3], "texture": "#5"},
				"west": {"uv": [0, 0, 1, 3], "texture": "#5"},
				"up": {"uv": [0, 0, 12, 1], "texture": "#5"},
				"down": {"uv": [0, 0, 12, 1], "texture": "#5"}
			}
		},
		{
			"from": [2, 2, 1],
			"to": [14, 3, 4],
			"rotation": {"angle": 0, "axis": "y", "origin": [0, 0, 2]},
			"faces": {
				"north": {"uv": [1, 0, 13, 1], "texture": "#5"},
				"east": {"uv": [0, 0, 3, 1], "texture": "#5"},
				"south": {"uv": [0, 0, 12, 1], "texture": "#5"},
				"west": {"uv": [0, 0, 3, 1], "texture": "#5"},
				"up": {"uv": [1, 0, 13, 3], "texture": "#5"},
				"down": {"uv": [0, 0, 12, 3], "texture": "#5"}
			}
		},
		{
			"from": [3, 5, -3],
			"to": [13, 6, 4],
			"rotation": {"angle": 0, "axis": "y", "origin": [0, 0, 2]},
			"faces": {
				"north": {"uv": [0, 0, 10, 1], "texture": "#4"},
				"east": {"uv": [0, 0, 7, 1], "texture": "#4"},
				"south": {"uv": [0, 0, 10, 1], "texture": "#4"},
				"west": {"uv": [0, 0, 7, 1], "texture": "#4"},
				"up": {"uv": [0, 0, 10, 7], "texture": "#4"},
				"down": {"uv": [0, 0, 10, 7], "texture": "#4"}
			}
		},
		{
			"from": [13, 5, -3],
			"to": [14, 6, 0],
			"rotation": {"angle": 0, "axis": "y", "origin": [-1, 0, 2]},
			"faces": {
				"north": {"uv": [0, 0, 1, 1], "texture": "#4"},
				"east": {"uv": [0, 0, 3, 1], "texture": "#4"},
				"south": {"uv": [0, 0, 1, 1], "texture": "#4"},
				"west": {"uv": [0, 0, 3, 1], "texture": "#4"},
				"up": {"uv": [0, 0, 1, 3], "texture": "#4"},
				"down": {"uv": [0, 0, 1, 3], "texture": "#4"}
			}
		},
		{
			"from": [2, 5, -3],
			"to": [3, 6, 0],
			"rotation": {"angle": 0, "axis": "y", "origin": [-12, 0, 2]},
			"faces": {
				"north": {"uv": [0, 0, 1, 1], "texture": "#4"},
				"east": {"uv": [0, 0, 3, 1], "texture": "#4"},
				"south": {"uv": [0, 0, 1, 1], "texture": "#4"},
				"west": {"uv": [0, 0, 3, 1], "texture": "#4"},
				"up": {"uv": [0, 0, 1, 3], "texture": "#4"},
				"down": {"uv": [0, 0, 1, 3], "texture": "#4"}
			}
		},
		{
			"from": [2, 5, 2],
			"to": [3, 6, 4],
			"rotation": {"angle": 0, "axis": "y", "origin": [-12, 0, 7]},
			"faces": {
				"north": {"uv": [0, 0, 1, 1], "texture": "#4"},
				"east": {"uv": [0, 0, 2, 1], "texture": "#4"},
				"south": {"uv": [0, 0, 1, 1], "texture": "#4"},
				"west": {"uv": [0, 0, 2, 1], "texture": "#4"},
				"up": {"uv": [0, 0, 1, 2], "texture": "#4"},
				"down": {"uv": [0, 0, 1, 2], "texture": "#4"}
			}
		},
		{
			"from": [13, 5, 2],
			"to": [14, 6, 4],
			"rotation": {"angle": 0, "axis": "y", "origin": [-1, 0, 7]},
			"faces": {
				"north": {"uv": [0, 0, 1, 1], "texture": "#4"},
				"east": {"uv": [0, 0, 2, 1], "texture": "#4"},
				"south": {"uv": [0, 0, 1, 1], "texture": "#4"},
				"west": {"uv": [0, 0, 2, 1], "texture": "#4"},
				"up": {"uv": [0, 0, 1, 2], "texture": "#4"},
				"down": {"uv": [0, 0, 1, 2], "texture": "#4"}
			}
		},
		{
			"from": [13.2, 2, -1.8],
			"to": [13.8, 5, -1.2],
			"rotation": {"angle": 0, "axis": "y", "origin": [0, 0, 1]},
			"faces": {
				"north": {"uv": [6, 3, 7, 6], "texture": "#5"},
				"east": {"uv": [0, 0, 0.6, 3], "texture": "#5"},
				"south": {"uv": [0, 0, 0.6, 3], "texture": "#5"},
				"west": {"uv": [0, 0, 0.6, 3], "texture": "#5"},
				"up": {"uv": [0, 0, 0.6, 0.6], "texture": "#5"},
				"down": {"uv": [0, 0, 0.6, 0.6], "texture": "#5"}
			}
		},
		{
			"from": [2.2, 2, -1.8],
			"to": [2.8, 5, -1.2],
			"rotation": {"angle": 0, "axis": "y", "origin": [-11, 0, 1]},
			"faces": {
				"north": {"uv": [6, 3, 7, 6], "texture": "#5"},
				"east": {"uv": [0, 0, 0.6, 3], "texture": "#5"},
				"south": {"uv": [0, 0, 0.6, 3], "texture": "#5"},
				"west": {"uv": [0, 0, 0.6, 3], "texture": "#5"},
				"up": {"uv": [0, 0, 0.6, 0.6], "texture": "#5"},
				"down": {"uv": [0, 0, 0.6, 0.6], "texture": "#5"}
			}
		},
		{
			"from": [13, 0, -2],
			"to": [14, 2, -1],
			"rotation": {"angle": 0, "axis": "y", "origin": [0, 0, 1]},
			"faces": {
				"north": {"uv": [2, 4, 3, 6], "texture": "#2"},
				"east": {"uv": [0, 0, 1, 2], "texture": "#2"},
				"south": {"uv": [0, 0, 1, 2], "texture": "#2"},
				"west": {"uv": [0, 0, 1, 2], "texture": "#2"},
				"up": {"uv": [0, 0, 1, 1], "texture": "#2"},
				"down": {"uv": [0, 0, 1, 1], "texture": "#2"}
			}
		},
		{
			"from": [2, 0, -2],
			"to": [3, 2, -1],
			"rotation": {"angle": 0, "axis": "y", "origin": [-11, 0, 1]},
			"faces": {
				"north": {"uv": [2, 4, 3, 6], "texture": "#2"},
				"east": {"uv": [0, 0, 1, 2], "texture": "#2"},
				"south": {"uv": [0, 0, 1, 2], "texture": "#2"},
				"west": {"uv": [0, 0, 1, 2], "texture": "#2"},
				"up": {"uv": [0, 0, 1, 1], "texture": "#2"},
				"down": {"uv": [0, 0, 1, 1], "texture": "#2"}
			}
		},
		{
			"from": [2, 3, -2],
			"to": [3, 5, -1],
			"rotation": {"angle": 0, "axis": "y", "origin": [-11, 3, 1]},
			"faces": {
				"north": {"uv": [2, 4, 3, 6], "texture": "#2"},
				"east": {"uv": [0, 0, 1, 2], "texture": "#2"},
				"south": {"uv": [0, 0, 1, 2], "texture": "#2"},
				"west": {"uv": [0, 0, 1, 2], "texture": "#2"},
				"up": {"uv": [0, 0, 1, 1], "texture": "#2"},
				"down": {"uv": [0, 0, 1, 1], "texture": "#2"}
			}
		},
		{
			"from": [13, 3, -2],
			"to": [14, 5, -1],
			"rotation": {"angle": 0, "axis": "y", "origin": [0, 3, 1]},
			"faces": {
				"north": {"uv": [2, 4, 3, 6], "texture": "#2"},
				"east": {"uv": [0, 0, 1, 2], "texture": "#2"},
				"south": {"uv": [0, 0, 1, 2], "texture": "#2"},
				"west": {"uv": [0, 0, 1, 2], "texture": "#2"},
				"up": {"uv": [0, 0, 1, 1], "texture": "#2"},
				"down": {"uv": [0, 0, 1, 1], "texture": "#2"}
			}
		},
		{
			"from": [11.1, 9, 4.3],
			"to": [11.5, 9, 10.8],
			"rotation": {"angle": -22.5, "axis": "x", "origin": [10.3, 8, 2.8]},
			"faces": {
				"north": {"uv": [14, 0, 15, 12], "texture": "#8"},
				"east": {"uv": [14, 0, 15, 12], "texture": "#8"},
				"south": {"uv": [14, 0, 15, 12], "texture": "#8"},
				"west": {"uv": [14, 0, 15, 12], "texture": "#8"},
				"up": {"uv": [14, 0, 15, 12], "texture": "#8"},
				"down": {"uv": [14, 0, 15, 12], "texture": "#8"}
			}
		},
		{
			"from": [5.5, 4.1, 3.8],
			"to": [6.1, 10.6, 3.8],
			"rotation": {"angle": -45, "axis": "z", "origin": [4.9, 2.6, 4.8]},
			"faces": {
				"north": {"uv": [14, 0, 15, 12], "rotation": 180, "texture": "#8"},
				"east": {"uv": [0, 0, 6.5, 0], "rotation": 90, "texture": "#8"},
				"south": {"uv": [0, 0, 0.6, 6.5], "texture": "#8"},
				"west": {"uv": [0, 0, 6.5, 0], "rotation": 270, "texture": "#8"},
				"up": {"uv": [0, 0, 0.6, 0], "texture": "#8"},
				"down": {"uv": [0, 0, 0.6, 0], "rotation": 180, "texture": "#8"}
			}
		},
		{
			"from": [7.4, 4.1, 3.8],
			"to": [8, 9.7, 3.8],
			"rotation": {"angle": -22.5, "axis": "z", "origin": [6.8, 2.6, 4.8]},
			"faces": {
				"north": {"uv": [14, 0, 15, 12], "rotation": 180, "texture": "#8"},
				"east": {"uv": [0, 0, 5.6, 0], "rotation": 90, "texture": "#8"},
				"south": {"uv": [0, 0, 0.6, 5.6], "texture": "#8"},
				"west": {"uv": [0, 0, 5.6, 0], "rotation": 270, "texture": "#8"},
				"up": {"uv": [0, 0, 0.6, 0], "texture": "#8"},
				"down": {"uv": [0, 0, 0.6, 0], "rotation": 180, "texture": "#8"}
			}
		},
		{
			"from": [8, 4.1, 3.8],
			"to": [8.6, 9.7, 3.8],
			"rotation": {"angle": 22.5, "axis": "z", "origin": [9.2, 2.6, 4.8]},
			"faces": {
				"north": {"uv": [15, 0, 14, 12], "rotation": 180, "texture": "#8"},
				"east": {"uv": [0, 0, 5.6, 0], "rotation": 270, "texture": "#8"},
				"south": {"uv": [0.6, 0, 0, 5.6], "texture": "#8"},
				"west": {"uv": [0, 0, 5.6, 0], "rotation": 90, "texture": "#8"},
				"up": {"uv": [0.6, 0, 0, 0], "texture": "#8"},
				"down": {"uv": [0.6, 0, 0, 0], "rotation": 180, "texture": "#8"}
			}
		},
		{
			"from": [9.9, 4.1, 3.8],
			"to": [10.5, 10.6, 3.8],
			"rotation": {"angle": 45, "axis": "z", "origin": [11.1, 2.6, 4.8]},
			"faces": {
				"north": {"uv": [15, 0, 14, 12], "rotation": 180, "texture": "#8"},
				"east": {"uv": [0, 0, 6.5, 0], "rotation": 270, "texture": "#8"},
				"south": {"uv": [0.6, 0, 0, 6.5], "texture": "#8"},
				"west": {"uv": [0, 0, 6.5, 0], "rotation": 90, "texture": "#8"},
				"up": {"uv": [0.6, 0, 0, 0], "texture": "#8"},
				"down": {"uv": [0.6, 0, 0, 0], "rotation": 180, "texture": "#8"}
			}
		},
		{
			"from": [7.7, 3.8, 3.8],
			"to": [8.3, 9.4, 3.8],
			"rotation": {"angle": 0, "axis": "z", "origin": [7.1, 2.3, 4.8]},
			"faces": {
				"north": {"uv": [14, 0, 15, 12], "rotation": 180, "texture": "#8"},
				"east": {"uv": [0, 0, 5.6, 0], "rotation": 90, "texture": "#8"},
				"south": {"uv": [0, 0, 0.6, 5.6], "texture": "#8"},
				"west": {"uv": [0, 0, 5.6, 0], "rotation": 270, "texture": "#8"},
				"up": {"uv": [0, 0, 0.6, 0], "texture": "#8"},
				"down": {"uv": [0, 0, 0.6, 0], "rotation": 180, "texture": "#8"}
			}
		},
		{
			"from": [8.4, 3.8, 3.8],
			"to": [9, 9.4, 3.8],
			"rotation": {"angle": 0, "axis": "z", "origin": [7.8, 2.3, 4.8]},
			"faces": {
				"north": {"uv": [14, 0, 15, 12], "rotation": 180, "texture": "#8"},
				"east": {"uv": [0, 0, 5.6, 0], "rotation": 90, "texture": "#8"},
				"south": {"uv": [0, 0, 0.6, 5.6], "texture": "#8"},
				"west": {"uv": [0, 0, 5.6, 0], "rotation": 270, "texture": "#8"},
				"up": {"uv": [0, 0, 0.6, 0], "texture": "#8"},
				"down": {"uv": [0, 0, 0.6, 0], "rotation": 180, "texture": "#8"}
			}
		},
		{
			"from": [7, 3.8, 3.8],
			"to": [7.6, 9.4, 3.8],
			"rotation": {"angle": 0, "axis": "z", "origin": [6.4, 2.3, 4.8]},
			"faces": {
				"north": {"uv": [14, 0, 15, 12], "rotation": 180, "texture": "#8"},
				"east": {"uv": [0, 0, 5.6, 0], "rotation": 90, "texture": "#8"},
				"south": {"uv": [0, 0, 0.6, 5.6], "texture": "#8"},
				"west": {"uv": [0, 0, 5.6, 0], "rotation": 270, "texture": "#8"},
				"up": {"uv": [0, 0, 0.6, 0], "texture": "#8"},
				"down": {"uv": [0, 0, 0.6, 0], "rotation": 180, "texture": "#8"}
			}
		},
		{
			"from": [10.5, 9, 4.3],
			"to": [10.9, 9, 10.8],
			"rotation": {"angle": -22.5, "axis": "x", "origin": [9.7, 8, 2.8]},
			"faces": {
				"north": {"uv": [14, 0, 15, 12], "texture": "#8"},
				"east": {"uv": [14, 0, 15, 12], "texture": "#8"},
				"south": {"uv": [14, 0, 15, 12], "texture": "#8"},
				"west": {"uv": [14, 0, 15, 12], "texture": "#8"},
				"up": {"uv": [14, 0, 15, 12], "texture": "#8"},
				"down": {"uv": [14, 0, 15, 12], "texture": "#8"}
			}
		},
		{
			"from": [9.9, 9, 4.3],
			"to": [10.3, 9, 10.8],
			"rotation": {"angle": -22.5, "axis": "x", "origin": [9.1, 8, 2.8]},
			"faces": {
				"north": {"uv": [14, 0, 15, 12], "texture": "#8"},
				"east": {"uv": [14, 0, 15, 12], "texture": "#8"},
				"south": {"uv": [14, 0, 15, 12], "texture": "#8"},
				"west": {"uv": [14, 0, 15, 12], "texture": "#8"},
				"up": {"uv": [14, 0, 15, 12], "texture": "#8"},
				"down": {"uv": [14, 0, 15, 12], "texture": "#8"}
			}
		},
		{
			"from": [9.3, 9, 4.3],
			"to": [9.7, 9, 10.8],
			"rotation": {"angle": -22.5, "axis": "x", "origin": [8.5, 8, 2.8]},
			"faces": {
				"north": {"uv": [14, 0, 15, 12], "texture": "#8"},
				"east": {"uv": [14, 0, 15, 12], "texture": "#8"},
				"south": {"uv": [14, 0, 15, 12], "texture": "#8"},
				"west": {"uv": [14, 0, 15, 12], "texture": "#8"},
				"up": {"uv": [14, 0, 15, 12], "texture": "#8"},
				"down": {"uv": [14, 0, 15, 12], "texture": "#8"}
			}
		},
		{
			"from": [8.7, 9, 4.3],
			"to": [9.1, 9, 10.8],
			"rotation": {"angle": -22.5, "axis": "x", "origin": [7.9, 8, 2.8]},
			"faces": {
				"north": {"uv": [14, 0, 15, 12], "texture": "#8"},
				"east": {"uv": [14, 0, 15, 12], "texture": "#8"},
				"south": {"uv": [14, 0, 15, 12], "texture": "#8"},
				"west": {"uv": [14, 0, 15, 12], "texture": "#8"},
				"up": {"uv": [14, 0, 15, 12], "texture": "#8"},
				"down": {"uv": [14, 0, 15, 12], "texture": "#8"}
			}
		},
		{
			"from": [8.1, 9, 4.3],
			"to": [8.5, 9, 10.8],
			"rotation": {"angle": -22.5, "axis": "x", "origin": [7.3, 8, 2.8]},
			"faces": {
				"north": {"uv": [14, 0, 15, 12], "texture": "#8"},
				"east": {"uv": [14, 0, 15, 12], "texture": "#8"},
				"south": {"uv": [14, 0, 15, 12], "texture": "#8"},
				"west": {"uv": [14, 0, 15, 12], "texture": "#8"},
				"up": {"uv": [14, 0, 15, 12], "texture": "#8"},
				"down": {"uv": [14, 0, 15, 12], "texture": "#8"}
			}
		},
		{
			"from": [7.5, 9, 4.3],
			"to": [7.9, 9, 10.8],
			"rotation": {"angle": -22.5, "axis": "x", "origin": [6.7, 8, 2.8]},
			"faces": {
				"north": {"uv": [14, 0, 15, 12], "texture": "#8"},
				"east": {"uv": [14, 0, 15, 12], "texture": "#8"},
				"south": {"uv": [14, 0, 15, 12], "texture": "#8"},
				"west": {"uv": [14, 0, 15, 12], "texture": "#8"},
				"up": {"uv": [14, 0, 15, 12], "texture": "#8"},
				"down": {"uv": [14, 0, 15, 12], "texture": "#8"}
			}
		},
		{
			"from": [6.9, 9, 4.3],
			"to": [7.3, 9, 10.8],
			"rotation": {"angle": -22.5, "axis": "x", "origin": [6.1, 8, 2.8]},
			"faces": {
				"north": {"uv": [14, 0, 15, 12], "texture": "#8"},
				"east": {"uv": [14, 0, 15, 12], "texture": "#8"},
				"south": {"uv": [14, 0, 15, 12], "texture": "#8"},
				"west": {"uv": [14, 0, 15, 12], "texture": "#8"},
				"up": {"uv": [14, 0, 15, 12], "texture": "#8"},
				"down": {"uv": [14, 0, 15, 12], "texture": "#8"}
			}
		},
		{
			"from": [6.3, 9, 4.3],
			"to": [6.7, 9, 10.8],
			"rotation": {"angle": -22.5, "axis": "x", "origin": [5.5, 8, 2.8]},
			"faces": {
				"north": {"uv": [14, 0, 15, 12], "texture": "#8"},
				"east": {"uv": [14, 0, 15, 12], "texture": "#8"},
				"south": {"uv": [14, 0, 15, 12], "texture": "#8"},
				"west": {"uv": [14, 0, 15, 12], "texture": "#8"},
				"up": {"uv": [14, 0, 15, 12], "texture": "#8"},
				"down": {"uv": [14, 0, 15, 12], "texture": "#8"}
			}
		},
		{
			"from": [5.7, 9, 4.3],
			"to": [6.1, 9, 10.8],
			"rotation": {"angle": -22.5, "axis": "x", "origin": [4.9, 8, 2.8]},
			"faces": {
				"north": {"uv": [14, 0, 15, 12], "texture": "#8"},
				"east": {"uv": [14, 0, 15, 12], "texture": "#8"},
				"south": {"uv": [14, 0, 15, 12], "texture": "#8"},
				"west": {"uv": [14, 0, 15, 12], "texture": "#8"},
				"up": {"uv": [14, 0, 15, 12], "texture": "#8"},
				"down": {"uv": [14, 0, 15, 12], "texture": "#8"}
			}
		},
		{
			"from": [5.1, 9, 4.3],
			"to": [5.5, 9, 10.8],
			"rotation": {"angle": -22.5, "axis": "x", "origin": [4.3, 8, 2.8]},
			"faces": {
				"north": {"uv": [14, 0, 15, 12], "texture": "#8"},
				"east": {"uv": [14, 0, 15, 12], "texture": "#8"},
				"south": {"uv": [14, 0, 15, 12], "texture": "#8"},
				"west": {"uv": [14, 0, 15, 12], "texture": "#8"},
				"up": {"uv": [14, 0, 15, 12], "texture": "#8"},
				"down": {"uv": [14, 0, 15, 12], "texture": "#8"}
			}
		},
		{
			"from": [4.5, 9, 4.3],
			"to": [4.9, 9, 10.8],
			"rotation": {"angle": -22.5, "axis": "x", "origin": [3.7, 8, 2.8]},
			"faces": {
				"north": {"uv": [14, 0, 15, 12], "texture": "#8"},
				"east": {"uv": [14, 0, 15, 12], "texture": "#8"},
				"south": {"uv": [14, 0, 15, 12], "texture": "#8"},
				"west": {"uv": [14, 0, 15, 12], "texture": "#8"},
				"up": {"uv": [14, 0, 15, 12], "texture": "#8"},
				"down": {"uv": [14, 0, 15, 12], "texture": "#8"}
			}
		},
		{
			"from": [1, 16, 14],
			"to": [2, 20, 15],
			"rotation": {"angle": 0, "axis": "y", "origin": [0, 16, 13]},
			"faces": {
				"north": {"uv": [1, 3, 2, 7], "texture": "#2"},
				"east": {"uv": [0, 0, 1, 4], "texture": "#2"},
				"south": {"uv": [0, 0, 1, 4], "texture": "#2"},
				"west": {"uv": [0, 0, 1, 4], "texture": "#2"},
				"up": {"uv": [1, 2, 2, 3], "texture": "#2"},
				"down": {"uv": [0, 0, 1, 1], "texture": "#2"}
			}
		},
		{
			"from": [14, 16, 14],
			"to": [15, 20, 15],
			"rotation": {"angle": 0, "axis": "y", "origin": [14, 16, 13]},
			"faces": {
				"north": {"uv": [1, 3, 2, 7], "texture": "#2"},
				"east": {"uv": [0, 0, 1, 4], "texture": "#2"},
				"south": {"uv": [0, 0, 1, 4], "texture": "#2"},
				"west": {"uv": [0, 0, 1, 4], "texture": "#2"},
				"up": {"uv": [1, 2, 2, 3], "texture": "#2"},
				"down": {"uv": [0, 0, 1, 1], "texture": "#2"}
			}
		},
		{
			"from": [14, 16, 10],
			"to": [15, 20, 11],
			"rotation": {"angle": 0, "axis": "y", "origin": [14, 16, 9]},
			"faces": {
				"north": {"uv": [1, 3, 2, 7], "texture": "#2"},
				"east": {"uv": [0, 0, 1, 4], "texture": "#2"},
				"south": {"uv": [0, 0, 1, 4], "texture": "#2"},
				"west": {"uv": [0, 0, 1, 4], "texture": "#2"},
				"up": {"uv": [1, 2, 2, 3], "texture": "#2"},
				"down": {"uv": [0, 0, 1, 1], "texture": "#2"}
			}
		},
		{
			"from": [1, 16, 10],
			"to": [2, 20, 11],
			"rotation": {"angle": 0, "axis": "y", "origin": [0, 16, 9]},
			"faces": {
				"north": {"uv": [1, 3, 2, 7], "texture": "#2"},
				"east": {"uv": [0, 0, 1, 4], "texture": "#2"},
				"south": {"uv": [0, 0, 1, 4], "texture": "#2"},
				"west": {"uv": [0, 0, 1, 4], "texture": "#2"},
				"up": {"uv": [1, 2, 2, 3], "texture": "#2"},
				"down": {"uv": [0, 0, 1, 1], "texture": "#2"}
			}
		},
		{
			"from": [14, 16, 14],
			"to": [15, 20, 15],
			"rotation": {"angle": 0, "axis": "y", "origin": [14, 16, 13]},
			"faces": {
				"north": {"uv": [1, 3, 2, 7], "texture": "#2"},
				"east": {"uv": [0, 0, 1, 4], "texture": "#2"},
				"south": {"uv": [0, 0, 1, 4], "texture": "#2"},
				"west": {"uv": [0, 0, 1, 4], "texture": "#2"},
				"up": {"uv": [1, 2, 2, 3], "texture": "#2"},
				"down": {"uv": [0, 0, 1, 1], "texture": "#2"}
			}
		},
		{
			"from": [2, 16, 14],
			"to": [14, 19, 15],
			"rotation": {"angle": 0, "axis": "y", "origin": [16, 2, 12]},
			"faces": {
				"north": {"uv": [2, 0, 14, 3], "texture": "#1"},
				"east": {"uv": [1, 0, 2, 3], "texture": "#1"},
				"south": {"uv": [2, 3, 14, 6], "texture": "#1"},
				"west": {"uv": [1, 0, 2, 3], "texture": "#1"},
				"up": {"uv": [2, 0, 14, 1], "texture": "#1"},
				"down": {"uv": [2, 0, 14, 1], "texture": "#1"}
			}
		},
		{
			"from": [1, 16, 14],
			"to": [2, 20, 15],
			"rotation": {"angle": 0, "axis": "y", "origin": [0, 16, 13]},
			"faces": {
				"north": {"uv": [1, 3, 2, 7], "texture": "#2"},
				"east": {"uv": [0, 0, 1, 4], "texture": "#2"},
				"south": {"uv": [0, 0, 1, 4], "texture": "#2"},
				"west": {"uv": [0, 0, 1, 4], "texture": "#2"},
				"up": {"uv": [1, 2, 2, 3], "texture": "#2"},
				"down": {"uv": [0, 0, 1, 1], "texture": "#2"}
			}
		},
		{
			"from": [0.975, 9, 2],
			"to": [0.975, 14, 14],
			"rotation": {"angle": 0, "axis": "y", "origin": [-1.025, 0, 0]},
			"faces": {
				"north": {"uv": [1, 1, 15, 7], "texture": "#9"},
				"east": {"uv": [1, 1, 15, 7], "texture": "#9"},
				"south": {"uv": [1, 1, 15, 7], "texture": "#9"},
				"west": {"uv": [1, 1, 15, 7], "texture": "#9"},
				"up": {"uv": [1, 1, 15, 7], "texture": "#9"},
				"down": {"uv": [1, 1, 15, 7], "texture": "#9"}
			}
		},
		{
			"from": [0.975, 2, 2],
			"to": [0.975, 7, 14],
			"rotation": {"angle": 0, "axis": "y", "origin": [-1.025, -7, 0]},
			"faces": {
				"north": {"uv": [1, 9, 15, 14], "texture": "#9"},
				"east": {"uv": [1, 9, 15, 14], "texture": "#9"},
				"south": {"uv": [1, 9, 15, 14], "texture": "#9"},
				"west": {"uv": [1, 9, 15, 14], "texture": "#9"},
				"up": {"uv": [1, 9, 15, 14], "texture": "#9"},
				"down": {"uv": [1, 9, 15, 14], "texture": "#9"}
			}
		},
		{
			"from": [15.025, 2, 2],
			"to": [15.025, 7, 14],
			"rotation": {"angle": 0, "axis": "y", "origin": [17.025, -7, 0]},
			"faces": {
				"north": {"uv": [15, 9, 1, 14], "texture": "#9"},
				"east": {"uv": [15, 9, 1, 14], "texture": "#9"},
				"south": {"uv": [15, 9, 1, 14], "texture": "#9"},
				"west": {"uv": [15, 9, 1, 14], "texture": "#9"},
				"up": {"uv": [15, 9, 1, 14], "texture": "#9"},
				"down": {"uv": [15, 9, 1, 14], "texture": "#9"}
			}
		},
		{
			"from": [15.025, 9, 2],
			"to": [15.025, 14, 14],
			"rotation": {"angle": 0, "axis": "y", "origin": [17.025, 0, 0]},
			"faces": {
				"north": {"uv": [15, 1, 1, 7], "texture": "#9"},
				"east": {"uv": [15, 1, 1, 7], "texture": "#9"},
				"south": {"uv": [15, 1, 1, 7], "texture": "#9"},
				"west": {"uv": [15, 1, 1, 7], "texture": "#9"},
				"up": {"uv": [15, 1, 1, 7], "texture": "#9"},
				"down": {"uv": [15, 1, 1, 7], "texture": "#9"}
			}
		},
		{
			"from": [1, 16, 11],
			"to": [2, 19, 14],
			"rotation": {"angle": 0, "axis": "y", "origin": [0, 16, 12]},
			"faces": {
				"north": {"uv": [1, 1, 2, 4], "texture": "#1"},
				"east": {"uv": [1, 0, 4, 3], "texture": "#1"},
				"south": {"uv": [0, 0, 1, 3], "texture": "#1"},
				"west": {"uv": [1, 0, 4, 3], "texture": "#1"},
				"up": {"uv": [1, 1, 2, 4], "texture": "#1"},
				"down": {"uv": [0, 0, 1, 3], "texture": "#1"}
			}
		},
		{
			"from": [14, 16, 11],
			"to": [15, 19, 14],
			"rotation": {"angle": 0, "axis": "y", "origin": [16, 16, 12]},
			"faces": {
				"north": {"uv": [2, 1, 1, 4], "texture": "#1"},
				"east": {"uv": [4, 0, 1, 3], "texture": "#1"},
				"south": {"uv": [1, 0, 0, 3], "texture": "#1"},
				"west": {"uv": [4, 0, 1, 3], "texture": "#1"},
				"up": {"uv": [2, 1, 1, 4], "texture": "#1"},
				"down": {"uv": [1, 0, 0, 3], "texture": "#1"}
			}
		}
	],
	"groups": [
		0,
		1,
		2,
		3,
		4,
		5,
		6,
		7,
		8,
		9,
		10,
		11,
		12,
		13,
		14,
		15,
		16,
		17,
		18,
		19,
		{
			"name": "group",
			"origin": [-10.7, 14, -5.3],
			"color": 0,
			"children": [20, 21, 22, 23, 24, 25, 26, 27, 28, 29, 30, 31, 32, 33, 34, 35, 36]
		},
		37,
		38,
		39,
		40,
		41,
		42,
		43,
		44,
		45,
		46,
		47,
		48,
		49,
		50,
		51,
		52,
		53,
		54,
		55,
		{
			"name": "group",
			"origin": [-1, 0, 7],
			"color": 0,
			"children": [56, 57, 58, 59, 60]
		},
		61,
		62,
		63,
		64,
		65,
		66,
		{
			"name": "group",
			"origin": [3.7, 8, 2.8],
			"color": 0,
			"children": [
				67,
				{
					"name": "group",
					"origin": [10.3, 8, 2.8],
					"color": 0,
					"children": [68, 69, 70, 71, 72, 73, 74]
				},
				75,
				76,
				77,
				78,
				79,
				80,
				81,
				82,
				83,
				84,
				85
			]
		},
		86,
		87,
		88,
		89,
		90,
		91,
		92,
		93,
		94,
		95,
		96,
		97,
		98
	]
}