{
	"credit": "Made with Blockbench",
	"parent": "minecraft:block/button",
	"textures": {
		"1": "block/mangrove_log",
		"2": "block/stripped_mangrove_log",
		"particle": "block/mangrove_log"
	},
	"elements": [
		{
			"from": [4.3, 0, 6],
			"to": [11.7, 2, 10],
			"faces": {
				"north": {"uv": [5, 14, 11, 16], "texture": "#2"},
				"east": {"uv": [6, 14, 10, 16], "texture": "#2"},
				"south": {"uv": [5, 14, 11, 16], "texture": "#2"},
				"west": {"uv": [6, 14, 10, 16], "texture": "#2"},
				"up": {"uv": [5, 6, 11, 10], "texture": "#2"},
				"down": {"uv": [5, 6, 11, 10], "texture": "#2", "cullface": "down"}
			}
		},
		{
			"from": [3.3, -2, 4.7],
			"to": [12.7, 1, 11.3],
			"faces": {
				"north": {"uv": [5, 14, 11, 16], "texture": "#1"},
				"east": {"uv": [6, 14, 10, 16], "texture": "#1"},
				"south": {"uv": [5, 14, 11, 16], "texture": "#1"},
				"west": {"uv": [6, 14, 10, 16], "texture": "#1"},
				"up": {"uv": [5, 6, 11, 10], "texture": "#1"},
				"down": {"uv": [5, 6, 11, 10], "texture": "#1", "cullface": "down"}
			}
		}
	]
}