{
	"credit": "Made with Blockbench",
	"parent": "minecraft:block/orientable",
	"texture_size": [64, 64],
	"textures": {
		"4": "block/anvil",
		"7": "block/stripped_dark_oak_log",
		"9": "block/spruce_planks",
		"10": "block/stripped_spruce_log",
		"12": "block/barrel_side",
		"13": "block/barrel_bottom",
		"14": "block/iron_block",
		"15": "block/spruce_trapdoor",
		"16": "block/cobblestone",
		"17": "item/cooked_beef",
		"18": "item/cooked_mutton",
		"19": "block/stone",
		"20": "block/campfire_log_lit",
		"22": "item/mutton",
		"particle": "item/mutton"
	},
	"elements": [
		{
			"from": [2, 14, 0],
			"to": [14, 16, 14],
			"faces": {
				"north": {"uv": [0, 0, 16, 2], "texture": "#13"},
				"east": {"uv": [0, 7, 7, 8], "texture": "#13"},
				"south": {"uv": [5, 8, 9.75, 9], "texture": "#13"},
				"west": {"uv": [7, 7, 14, 8], "texture": "#13"},
				"up": {"uv": [16, 16, 0, 0], "rotation": 90, "texture": "#13"},
				"down": {"uv": [16, 0, 0, 16], "texture": "#13"}
			}
		},
		{
			"from": [6.725, 15.4, -0.5],
			"to": [17, 16.9, 16.5],
			"rotation": {"angle": -22.5, "axis": "z", "origin": [16, 15.4, 0]},
			"faces": {
				"north": {"uv": [3, 1, 13, 3], "texture": "#15"},
				"east": {"uv": [3, 13, 13, 15], "texture": "#15"},
				"south": {"uv": [3, 13, 13, 15], "texture": "#15"},
				"west": {"uv": [3, 14, 13, 16], "texture": "#15"},
				"up": {"uv": [13, 14, 3, 2], "texture": "#15"},
				"down": {"uv": [3, 2, 13, 14], "texture": "#15"}
			}
		},
		{
			"from": [-1, 15.4, -0.5],
			"to": [9.275, 16.9, 16.5],
			"rotation": {"angle": 22.5, "axis": "z", "origin": [0, 15.4, 0]},
			"faces": {
				"north": {"uv": [13, 1, 3, 3], "texture": "#15"},
				"east": {"uv": [13, 14, 3, 16], "texture": "#15"},
				"south": {"uv": [13, 13, 3, 15], "texture": "#15"},
				"west": {"uv": [13, 13, 3, 15], "texture": "#15"},
				"up": {"uv": [3, 14, 13, 2], "texture": "#15"},
				"down": {"uv": [13, 2, 3, 14], "texture": "#15"}
			}
		},
		{
			"from": [1.5, 3.55, 0],
			"to": [14.5, 5.55, 14],
			"rotation": {"angle": 0, "axis": "y", "origin": [0, 3.55, 0]},
			"faces": {
				"north": {"uv": [0, 11.5, 6.75, 12.5], "texture": "#9"},
				"east": {"uv": [0.25, 7.25, 6.625, 7.875], "texture": "#9"},
				"south": {"uv": [7, 7.25, 13.75, 8], "texture": "#9"},
				"west": {"uv": [7, 7.25, 13.625, 8], "texture": "#9"},
				"up": {"uv": [16, 16, 0, 0], "texture": "#9"},
				"down": {"uv": [13.75, 0, 7, 8], "texture": "#9"}
			}
		},
		{
			"from": [10.8, 2.35, -3.3],
			"to": [12.8, 3.35, 3.4],
			"rotation": {"angle": 45, "axis": "x", "origin": [16, 5.35, -1.6]},
			"faces": {
				"north": {"uv": [5, 10, 6, 11], "texture": "#10"},
				"east": {"uv": [2, 2, 10, 3], "texture": "#10"},
				"south": {"uv": [6, 10, 7, 11], "texture": "#10"},
				"west": {"uv": [2, 3, 10, 4], "texture": "#10"},
				"up": {"uv": [5, 11, 3, 3], "texture": "#10"},
				"down": {"uv": [7, 4, 5, 12], "texture": "#10"}
			}
		},
		{
			"from": [3.2, 2.35, -3.3],
			"to": [5.2, 3.35, 3.4],
			"rotation": {"angle": 45, "axis": "x", "origin": [0, 5.35, -1.6]},
			"faces": {
				"north": {"uv": [1, 10, 2, 11], "texture": "#10"},
				"east": {"uv": [0, 0, 8, 1], "texture": "#10"},
				"south": {"uv": [4, 10, 5, 11], "texture": "#10"},
				"west": {"uv": [0, 1, 8, 2], "texture": "#10"},
				"up": {"uv": [5, 10, 3, 2], "texture": "#10"},
				"down": {"uv": [5, 2, 3, 10], "texture": "#10"}
			}
		},
		{
			"from": [0, 4.05, -5],
			"to": [16, 5.55, 0],
			"rotation": {"angle": 0, "axis": "y", "origin": [0, 3.55, 0]},
			"faces": {
				"north": {"uv": [0, 6, 16, 8], "texture": "#9"},
				"east": {"uv": [0, 13, 2.5, 13.5], "texture": "#9"},
				"south": {"uv": [7, 12.5, 13.75, 13], "texture": "#9"},
				"west": {"uv": [0, 9, 11, 7], "texture": "#9"},
				"up": {"uv": [16, 7, 0, 0], "texture": "#9"},
				"down": {"uv": [0, 0, 16, 7], "texture": "#9"}
			}
		},
		{
			"from": [12.1, 5.5, 0],
			"to": [14, 7.5, 14],
			"rotation": {"angle": 0, "axis": "y", "origin": [1.3, 19.5, 0]},
			"faces": {
				"north": {"uv": [12, 6, 10, 4], "texture": "#10"},
				"east": {"uv": [2, 2, 9, 2.5], "texture": "#10"},
				"south": {"uv": [8, 1.5, 8.5, 2], "texture": "#10"},
				"west": {"uv": [1, 1, 15, 3], "texture": "#10"},
				"up": {"uv": [5, 14, 3, 1], "texture": "#10"},
				"down": {"uv": [3, 3, 2.5, 10], "texture": "#10"}
			}
		},
		{
			"from": [12.1, 12, 0],
			"to": [14, 14, 14],
			"rotation": {"angle": 0, "axis": "y", "origin": [1.3, 26, 0]},
			"faces": {
				"north": {"uv": [12, 6, 10, 4], "texture": "#10"},
				"east": {"uv": [2, 2, 9, 2.5], "texture": "#10"},
				"south": {"uv": [8, 1.5, 8.5, 2], "texture": "#10"},
				"west": {"uv": [1, 1.75, 15, 4], "texture": "#10"},
				"up": {"uv": [5, 14, 3, 1], "texture": "#10"},
				"down": {"uv": [3, 3, 2.5, 10], "texture": "#10"}
			}
		},
		{
			"from": [2, 5.5, 0],
			"to": [3.9, 7.5, 14],
			"rotation": {"angle": 0, "axis": "y", "origin": [14.7, 19.5, 0]},
			"faces": {
				"north": {"uv": [10, 6, 12, 4], "texture": "#10"},
				"east": {"uv": [15, 1.75, 1, 4], "texture": "#10"},
				"south": {"uv": [8.5, 1.5, 8, 2], "texture": "#10"},
				"west": {"uv": [9, 2, 2, 2.5], "texture": "#10"},
				"up": {"uv": [3, 14, 5, 1], "texture": "#10"},
				"down": {"uv": [2.5, 3, 3, 10], "texture": "#10"}
			}
		},
		{
			"from": [2, 12, 0],
			"to": [3.9, 14, 14],
			"rotation": {"angle": 0, "axis": "y", "origin": [14.7, 26, 0]},
			"faces": {
				"north": {"uv": [10, 6, 12, 4], "texture": "#10"},
				"east": {"uv": [15, 1.75, 1, 4], "texture": "#10"},
				"south": {"uv": [8.5, 1.5, 8, 2], "texture": "#10"},
				"west": {"uv": [9, 2, 2, 2.5], "texture": "#10"},
				"up": {"uv": [3, 14, 5, 1], "texture": "#10"},
				"down": {"uv": [2.5, 3, 3, 10], "texture": "#10"}
			}
		},
		{
			"from": [12.194, 5.51, -3.486],
			"to": [14.39, 6.364, -2.632],
			"rotation": {"angle": 22.5, "axis": "y", "origin": [12.56, 5.51, -5.072]},
			"faces": {
				"north": {"uv": [7, 5, 2, 3], "texture": "#7"},
				"east": {"uv": [7, 5, 2, 3], "texture": "#7"},
				"south": {"uv": [7, 5, 2, 3], "texture": "#7"},
				"west": {"uv": [7, 5, 2, 3], "texture": "#7"},
				"up": {"uv": [7, 5, 2, 3], "texture": "#7"},
				"down": {"uv": [7, 5, 2, 3], "texture": "#7"}
			}
		},
		{
			"from": [6.724, 5.693, -3.608],
			"to": [12.194, 6.181, -2.632],
			"rotation": {"angle": 22.5, "axis": "y", "origin": [12.56, 5.51, -5.072]},
			"faces": {
				"north": {"uv": [0, 0, 1.75, 0.2], "texture": "#14"},
				"east": {"uv": [0, 0, 0.4, 0.2], "texture": "#14"},
				"south": {"uv": [1, 2, 16, 3], "texture": "#14"},
				"west": {"uv": [0, 0, 0.4, 0.2], "texture": "#14"},
				"up": {"uv": [2, 1, 16, 3], "texture": "#14"},
				"down": {"uv": [0, 0, 1.75, 0.4], "texture": "#14"}
			}
		},
		{
			"from": [7.456, 5.693, -4.218],
			"to": [12.194, 6.181, -3.608],
			"rotation": {"angle": 22.5, "axis": "y", "origin": [12.56, 5.51, -5.072]},
			"faces": {
				"north": {"uv": [0, 2, 12, 3], "texture": "#14"},
				"east": {"uv": [15, 2, 16, 3], "texture": "#14"},
				"south": {"uv": [4, 2, 16, 3], "texture": "#14"},
				"west": {"uv": [13, 2, 14, 3], "texture": "#14"},
				"up": {"uv": [4, 2, 16, 3], "texture": "#14"},
				"down": {"uv": [4, 2, 16, 3], "texture": "#14"}
			}
		},
		{
			"from": [14.39, 5.388, -3.608],
			"to": [14.878, 6.486, -2.51],
			"rotation": {"angle": 22.5, "axis": "y", "origin": [12.56, 5.51, -5.072]},
			"faces": {
				"north": {"uv": [5, 6, 3, 2], "texture": "#7"},
				"east": {"uv": [5, 6, 3, 2], "texture": "#7"},
				"south": {"uv": [5, 6, 3, 2], "texture": "#7"},
				"west": {"uv": [5, 6, 3, 2], "texture": "#7"},
				"up": {"uv": [5, 6, 3, 2], "texture": "#7"},
				"down": {"uv": [5, 6, 3, 2], "texture": "#7"}
			}
		},
		{
			"from": [2, 5.5, 14],
			"to": [14, 16, 16],
			"faces": {
				"north": {"uv": [0, 1, 12, 14], "texture": "#12"},
				"east": {"uv": [8, 1, 8.5, 3.75], "texture": "#12"},
				"south": {"uv": [0, 1, 12, 14], "texture": "#12"},
				"west": {"uv": [8, 3.75, 8.5, 6.5], "texture": "#12"},
				"up": {"uv": [15, 2, 3, 0], "texture": "#12"},
				"down": {"uv": [11, 0.5, 8, 1], "texture": "#12"}
			}
		},
		{
			"from": [14, 5.5, 0],
			"to": [16, 16, 16],
			"faces": {
				"north": {"uv": [2, 1, 4, 14], "texture": "#12"},
				"east": {"uv": [0, 1, 13, 14], "texture": "#12"},
				"south": {"uv": [2, 1, 4, 14], "texture": "#12"},
				"west": {"uv": [0, 1, 13, 14], "texture": "#12"},
				"up": {"uv": [7.5, 9.5, 7, 5.5], "texture": "#12"},
				"down": {"uv": [8, 5.5, 7.5, 9.5], "texture": "#12"}
			}
		},
		{
			"from": [0, 5.5, 0],
			"to": [2, 16, 16],
			"rotation": {"angle": 0, "axis": "y", "origin": [16, 0, 0]},
			"faces": {
				"north": {"uv": [4, 1, 2, 14], "texture": "#12"},
				"east": {"uv": [13, 1, 0, 14], "texture": "#12"},
				"south": {"uv": [4, 1, 2, 14], "texture": "#12"},
				"west": {"uv": [13, 1, 0, 14], "texture": "#12"},
				"up": {"uv": [7, 9.5, 7.5, 5.5], "texture": "#12"},
				"down": {"uv": [7.5, 5.5, 8, 9.5], "texture": "#12"}
			}
		},
		{
			"from": [12.1, 7.5, 2],
			"to": [14, 12, 4],
			"rotation": {"angle": 0, "axis": "y", "origin": [1.3, -1, -7]},
			"faces": {
				"north": {"uv": [5, 0, 7, 5], "texture": "#10"},
				"east": {"uv": [4.5, 7.5, 5, 10.75], "texture": "#10"},
				"south": {"uv": [3, 0, 5, 5], "texture": "#10"},
				"west": {"uv": [6, 0, 8, 5], "texture": "#10"},
				"up": {"uv": [8.5, 4.5, 8, 4], "texture": "#10"},
				"down": {"uv": [8.5, 4.5, 8, 5], "texture": "#10"}
			}
		},
		{
			"from": [12.1, 7.5, 8],
			"to": [14, 12, 10],
			"rotation": {"angle": 0, "axis": "y", "origin": [1.3, -1, -1]},
			"faces": {
				"north": {"uv": [5, 0, 7, 5], "texture": "#10"},
				"east": {"uv": [4.5, 7.5, 5, 10.75], "texture": "#10"},
				"south": {"uv": [3, 0, 5, 5], "texture": "#10"},
				"west": {"uv": [6, 0, 8, 5], "texture": "#10"},
				"up": {"uv": [8.5, 4.5, 8, 4], "texture": "#10"},
				"down": {"uv": [8.5, 4.5, 8, 5], "texture": "#10"}
			}
		},
		{
			"from": [2, 7.5, 8],
			"to": [3.9, 12, 10],
			"rotation": {"angle": 0, "axis": "y", "origin": [14.7, -1, -1]},
			"faces": {
				"north": {"uv": [7, 0, 5, 5], "texture": "#10"},
				"east": {"uv": [8, 0, 6, 5], "texture": "#10"},
				"south": {"uv": [5, 0, 3, 5], "texture": "#10"},
				"west": {"uv": [5, 7.5, 4.5, 10.75], "texture": "#10"},
				"up": {"uv": [8, 4.5, 8.5, 4], "texture": "#10"},
				"down": {"uv": [8, 4.5, 8.5, 5], "texture": "#10"}
			}
		},
		{
			"from": [2, 7.5, 2],
			"to": [3.9, 12, 4],
			"rotation": {"angle": 0, "axis": "y", "origin": [14.7, -1, -7]},
			"faces": {
				"north": {"uv": [7, 0, 5, 5], "texture": "#10"},
				"east": {"uv": [8, 0, 6, 5], "texture": "#10"},
				"south": {"uv": [5, 0, 3, 5], "texture": "#10"},
				"west": {"uv": [5, 7.5, 4.5, 10.75], "texture": "#10"},
				"up": {"uv": [8, 4.5, 8.5, 4], "texture": "#10"},
				"down": {"uv": [8, 4.5, 8.5, 5], "texture": "#10"}
			}
		},
		{
			"from": [0.9, 5.8, -12.1],
			"to": [1.7, 13.9, -0.1],
			"rotation": {"angle": 22.5, "axis": "y", "origin": [1.4, 10, 0]},
			"faces": {
				"north": {"uv": [9, 1, 10, 13], "texture": "#15"},
				"east": {"uv": [2, 0, 14, 7], "texture": "#15"},
				"south": {"uv": [5.5, 4, 6, 8], "texture": "#15"},
				"west": {"uv": [2, 0, 14, 7], "texture": "#15"},
				"up": {"uv": [6, 0, 7, 12], "texture": "#15"},
				"down": {"uv": [5.5, 5, 5, 10], "texture": "#15"}
			}
		},
		{
			"from": [0.6, 7.5, -11.5],
			"to": [1.3, 12, -10.2],
			"rotation": {"angle": 22.5, "axis": "y", "origin": [1.9, 10, 0.1]},
			"faces": {
				"north": {"uv": [4, 8, 4.75, 10.5], "texture": "#4"},
				"east": {"uv": [0, 8, 1.25, 10.5], "texture": "#4"},
				"south": {"uv": [5, 8, 5.75, 10.5], "texture": "#4"},
				"west": {"uv": [2, 8, 3.25, 10.5], "texture": "#4"},
				"up": {"uv": [10.75, 5.25, 10, 4], "texture": "#4"},
				"down": {"uv": [6.75, 10, 6, 11.25], "texture": "#4"}
			}
		},
		{
			"from": [0.8, 7.4, -0.3],
			"to": [1.8, 9.1, 0],
			"rotation": {"angle": 0, "axis": "y", "origin": [-14.2, -4, 0]},
			"faces": {
				"north": {"uv": [8, 8, 9, 9.75], "texture": "#4"},
				"east": {"uv": [8, 10, 8.25, 11.75], "texture": "#4"},
				"south": {"uv": [9, 8, 10, 9.75], "texture": "#4"},
				"west": {"uv": [10, 8, 10.25, 9.75], "texture": "#4"},
				"up": {"uv": [1, 11.25, 0, 11], "texture": "#4"},
				"down": {"uv": [12, 0, 11, 0.25], "texture": "#4"}
			}
		},
		{
			"from": [0.8, 11.4, -0.3],
			"to": [1.8, 13.1, 0],
			"rotation": {"angle": 0, "axis": "y", "origin": [-14.2, 0, 0]},
			"faces": {
				"north": {"uv": [6, 8, 7, 9.75], "texture": "#4"},
				"east": {"uv": [10, 6, 10.25, 7.75], "texture": "#4"},
				"south": {"uv": [7, 8, 8, 9.75], "texture": "#4"},
				"west": {"uv": [7, 10, 7.25, 11.75], "texture": "#4"},
				"up": {"uv": [10, 10.25, 9, 10], "texture": "#4"},
				"down": {"uv": [11, 10, 10, 10.25], "texture": "#4"}
			}
		},
		{
			"name": "şiş_şeyi1",
			"from": [1.7, 11, 10],
			"to": [14.3, 12, 11],
			"rotation": {"angle": 0, "axis": "y", "origin": [7, 10, 10]},
			"faces": {
				"north": {"uv": [0, 0, 10, 1], "texture": "#4"},
				"east": {"uv": [10, 0, 11, 1], "texture": "#4"},
				"south": {"uv": [0, 1, 10, 2], "texture": "#4"},
				"west": {"uv": [10, 1, 11, 2], "texture": "#4"},
				"up": {"uv": [10, 3, 0, 2], "texture": "#4"},
				"down": {"uv": [10, 3, 0, 4], "texture": "#4"}
			}
		},
		{
			"name": "şiş_şeyi2",
			"from": [1.7, 11, 4],
			"to": [14.3, 12, 5],
			"rotation": {"angle": 0, "axis": "y", "origin": [7, 10, 4]},
			"faces": {
				"north": {"uv": [0, 4, 10, 5], "texture": "#4"},
				"east": {"uv": [10, 2, 11, 3], "texture": "#4"},
				"south": {"uv": [0, 5, 10, 6], "texture": "#4"},
				"west": {"uv": [10, 3, 11, 4], "texture": "#4"},
				"up": {"uv": [10, 7, 0, 6], "texture": "#4"},
				"down": {"uv": [10, 7, 0, 8], "texture": "#4"}
			}
		},
		{
			"from": [14.1, 11.3, 6.3],
			"to": [21, 14.4, 9.7],
			"rotation": {"angle": 0, "axis": "y", "origin": [0, -0.5, 0]},
			"faces": {
				"north": {"uv": [0, 0, 6, 3], "texture": "#16"},
				"east": {"uv": [0, 9, 3, 12], "texture": "#16"},
				"south": {"uv": [0, 3, 6, 6], "texture": "#16"},
				"west": {"uv": [3, 9, 6, 12], "texture": "#16"},
				"up": {"uv": [6, 9, 0, 6], "texture": "#16"},
				"down": {"uv": [12, 0, 6, 3], "texture": "#16"}
			}
		},
		{
			"from": [18, 14.4, 6.3],
			"to": [21, 17.4, 9.7],
			"rotation": {"angle": 0, "axis": "y", "origin": [0, -0.5, 0]},
			"faces": {
				"north": {"uv": [12, 0, 14, 3], "texture": "#16"},
				"east": {"uv": [10, 3, 13, 6], "texture": "#16"},
				"south": {"uv": [2, 12, 4, 15], "texture": "#16"},
				"west": {"uv": [10, 6, 13, 9], "texture": "#16"},
				"up": {"uv": [6, 15, 4, 12], "texture": "#16"},
				"down": {"uv": [14, 9, 12, 12], "texture": "#16"}
			}
		},
		{
			"from": [14.3, 10.8, 5.8],
			"to": [16.5, 14.9, 10.2],
			"rotation": {"angle": 0, "axis": "y", "origin": [0, -0.5, 0]},
			"faces": {
				"north": {"uv": [6, 6, 10, 10], "texture": "#15"},
				"east": {"uv": [1, 1, 6, 6], "rotation": 90, "texture": "#15"},
				"south": {"uv": [6, 6, 8, 10], "texture": "#15"},
				"west": {"uv": [6, 7, 10, 11], "texture": "#15"},
				"up": {"uv": [10, 15, 8, 11], "texture": "#15"},
				"down": {"uv": [2, 12, 0, 16], "texture": "#15"}
			}
		},
		{
			"from": [5.7824, 5.6536, 5.7824],
			"to": [7.2608, 7.132, 10.9568],
			"rotation": {"angle": 0, "axis": "y", "origin": [5.7824, 5.6536, 9.4784]},
			"faces": {
				"north": {"uv": [5, 3, 7, 5], "texture": "#20"},
				"east": {"uv": [9, 1, 13, 3], "texture": "#20"},
				"south": {"uv": [6, 0, 7.5, 1.5], "texture": "#20"},
				"west": {"uv": [0, 2, 5.25, 3.5], "texture": "#20"},
				"up": {"uv": [1.5, 9.25, 0, 4], "texture": "#20"},
				"down": {"uv": [3.5, 4, 2, 9.25], "texture": "#20"}
			}
		},
		{
			"from": [8.7392, 5.6536, 5.7824],
			"to": [10.2176, 7.132, 10.9568],
			"rotation": {"angle": 22.5, "axis": "y", "origin": [10.2176, 5.6536, 9.4784]},
			"faces": {
				"north": {"uv": [6, 3, 4, 5], "texture": "#20"},
				"east": {"uv": [7, 2, 2, 4], "texture": "#20"},
				"south": {"uv": [7.5, 0, 6, 1.5], "texture": "#20"},
				"west": {"uv": [5.25, 0, 0, 1.5], "texture": "#20"},
				"up": {"uv": [0, 9.25, 1.5, 4], "texture": "#20"},
				"down": {"uv": [2, 4, 3.5, 9.25], "texture": "#20"}
			}
		},
		{
			"from": [5.7392, 7.1536, 7.9],
			"to": [10.9136, 8.632, 9.3784],
			"rotation": {"angle": 22.5, "axis": "y", "origin": [7.2176, 7.1536, 9.3784]},
			"faces": {
				"north": {"uv": [7.25, 3, 2, 4.5], "texture": "#20"},
				"east": {"uv": [5.5, 4, 4, 5.5], "texture": "#20"},
				"south": {"uv": [5.25, 2, 0, 3.5], "texture": "#20"},
				"west": {"uv": [7.5, 0, 6, 1.5], "texture": "#20"},
				"up": {"uv": [0, 9.25, 1.5, 4], "rotation": 90, "texture": "#20"},
				"down": {"uv": [2, 4, 3.5, 9.25], "rotation": 270, "texture": "#20"}
			}
		},
		{
			"from": [-1.1488, 9.15064, 5.6672],
			"to": [-0.04, 10.75944, 10.1024],
			"rotation": {"angle": 0, "axis": "y", "origin": [-0.04, 10.75944, 8.624]},
			"faces": {
				"north": {"uv": [3, 6.5, 3.5, 7], "texture": "#19"},
				"east": {"uv": [2, 4, 4, 4.5], "texture": "#19"},
				"south": {"uv": [6.5, 3, 7, 3.5], "texture": "#19"},
				"west": {"uv": [3.55556, 1.83333, 6.22222, 3.16667], "texture": "#19"},
				"up": {"uv": [4.5, 4.5, 4, 2.5], "texture": "#19"},
				"down": {"uv": [2.5, 4.5, 2, 6.5], "texture": "#19"}
			}
		},
		{
			"from": [-1.1488, 0.04456, 5.67952],
			"to": [-0.04, 1.65336, 10.11472],
			"rotation": {"angle": 0, "axis": "y", "origin": [-0.04, 0.04456, 7.15792]},
			"faces": {
				"north": {"uv": [3.5, 6.5, 4, 7], "texture": "#19"},
				"east": {"uv": [4.5, 0, 6.5, 0.5], "texture": "#19"},
				"south": {"uv": [6.5, 3.5, 7, 4], "texture": "#19"},
				"west": {"uv": [4, 0.5, 6.66667, 1.83333], "texture": "#19"},
				"up": {"uv": [3, 6.5, 2.5, 4.5], "texture": "#19"},
				"down": {"uv": [5, 2.5, 4.5, 4.5], "texture": "#19"}
			}
		},
		{
			"from": [-1.1488, -0.8328, 3.58512],
			"to": [-0.04, 3.6024, 5.19392],
			"rotation": {"angle": -45, "axis": "x", "origin": [-0.04, 2.124, 3.58512]},
			"faces": {
				"north": {"uv": [3, 4.5, 3.5, 6.5], "texture": "#19"},
				"east": {"uv": [3.5, 4.5, 4, 6.5], "texture": "#19"},
				"south": {"uv": [4, 4.5, 4.5, 6.5], "texture": "#19"},
				"west": {"uv": [4, 4.05556, 5.33333, 6.72222], "texture": "#19"},
				"up": {"uv": [4.5, 7, 4, 6.5], "texture": "#19"},
				"down": {"uv": [7, 4, 6.5, 4.5], "texture": "#19"}
			}
		},
		{
			"from": [-1.1488, 3.1756, 2.52912],
			"to": [-0.04, 7.6108, 4.13792],
			"rotation": {"angle": 0, "axis": "y", "origin": [-0.04, 4.654, 2.52912]},
			"faces": {
				"north": {"uv": [5, 2.5, 5.5, 4.5], "texture": "#19"},
				"east": {"uv": [5, 4.5, 5.5, 6.5], "texture": "#19"},
				"south": {"uv": [0, 5.5, 0.5, 7.5], "texture": "#19"},
				"west": {"uv": [0.44444, 4.94444, 1.77778, 7.61111], "texture": "#19"},
				"up": {"uv": [5, 7, 4.5, 6.5], "texture": "#19"},
				"down": {"uv": [7, 4.5, 6.5, 5], "texture": "#19"}
			}
		},
		{
			"from": [-1.7368, 4.1716, 6.69312],
			"to": [0.048, 6.6148, 9.15392],
			"rotation": {"angle": -45, "axis": "x", "origin": [-0.04, 5.27, 7.89712]},
			"faces": {
				"north": {"uv": [5, 6.5, 5.5, 7], "texture": "#19"},
				"east": {"uv": [6.5, 5, 7, 5.5], "texture": "#19"},
				"south": {"uv": [5.5, 6.5, 6, 7], "texture": "#19"},
				"west": {"uv": [5.77778, 4.94444, 6.02778, 6.27778], "texture": "#19"},
				"up": {"uv": [7, 6.5, 6.5, 6], "texture": "#19"},
				"down": {"uv": [7, 6.5, 6.5, 7], "texture": "#19"}
			}
		},
		{
			"from": [-0.9728, 4.6356, 3.58512],
			"to": [0.048, 6.1508, 12.26192],
			"rotation": {"angle": -45, "axis": "x", "origin": [-0.04, 5.27, 7.89712]},
			"faces": {
				"north": {"uv": [7, 0, 7.5, 0.5], "texture": "#19"},
				"east": {"uv": [0, 0, 4.5, 0.5], "texture": "#19"},
				"south": {"uv": [7, 0.5, 7.5, 1], "texture": "#19"},
				"west": {"uv": [0, 0.5, 4.88889, 1.83333], "texture": "#19"},
				"up": {"uv": [0.5, 5.5, 0, 1], "texture": "#19"},
				"down": {"uv": [1, 1, 0.5, 5.5], "texture": "#19"}
			}
		},
		{
			"from": [-0.9728, 4.6356, 3.4232],
			"to": [0.048, 6.1508, 12.1],
			"rotation": {"angle": 45, "axis": "x", "origin": [-0.04, 5.27, 7.788]},
			"faces": {
				"north": {"uv": [3, 7, 3.5, 7.5], "texture": "#19"},
				"east": {"uv": [1, 1, 5.5, 1.5], "texture": "#19"},
				"south": {"uv": [7, 3, 7.5, 3.5], "texture": "#19"},
				"west": {"uv": [0.88889, 1.38889, 5.77778, 2.72222], "texture": "#19"},
				"up": {"uv": [1.5, 6.5, 1, 2], "texture": "#19"},
				"down": {"uv": [2, 2, 1.5, 6.5], "texture": "#19"}
			}
		},
		{
			"from": [-1.1488, 7.06064, 2.09352],
			"to": [-0.04, 8.66944, 6.52872],
			"rotation": {"angle": -45, "axis": "x", "origin": [-0.04, 8.66944, 3.57192]},
			"faces": {
				"north": {"uv": [3.5, 7, 4, 7.5], "texture": "#19"},
				"east": {"uv": [5.5, 1, 7.5, 1.5], "texture": "#19"},
				"south": {"uv": [7, 3.5, 7.5, 4], "texture": "#19"},
				"west": {"uv": [4.88889, 1.38889, 7.55556, 2.72222], "texture": "#19"},
				"up": {"uv": [6, 4.5, 5.5, 2.5], "texture": "#19"},
				"down": {"uv": [6, 4.5, 5.5, 6.5], "texture": "#19"}
			}
		},
		{
			"from": [-1.1488, 7.06064, 9.2444],
			"to": [-0.04, 8.66944, 13.6796],
			"rotation": {"angle": 45, "axis": "x", "origin": [-0.04, 8.66944, 12.2012]},
			"faces": {
				"north": {"uv": [4, 7, 4.5, 7.5], "texture": "#19"},
				"east": {"uv": [6, 2, 8, 2.5], "texture": "#19"},
				"south": {"uv": [7, 4, 7.5, 4.5], "texture": "#19"},
				"west": {"uv": [5.33333, 2.27778, 8, 3.61111], "texture": "#19"},
				"up": {"uv": [6.5, 5, 6, 3], "texture": "#19"},
				"down": {"uv": [6.5, 5, 6, 7], "texture": "#19"}
			}
		},
		{
			"from": [-1.1488, 3.1756, 11.6352],
			"to": [-0.04, 7.6108, 13.244],
			"rotation": {"angle": 0, "axis": "y", "origin": [-0.04, 4.654, 13.244]},
			"faces": {
				"north": {"uv": [1, 6.5, 1.5, 8.5], "texture": "#19"},
				"east": {"uv": [1.5, 6.5, 2, 8.5], "texture": "#19"},
				"south": {"uv": [2, 6.5, 2.5, 8.5], "texture": "#19"},
				"west": {"uv": [2.22222, 5.83333, 3.55556, 8.5], "texture": "#19"},
				"up": {"uv": [5, 7.5, 4.5, 7], "texture": "#19"},
				"down": {"uv": [7.5, 4.5, 7, 5], "texture": "#19"}
			}
		},
		{
			"from": [-1.1488, -0.8328, 10.5792],
			"to": [-0.04, 3.6024, 12.188],
			"rotation": {"angle": 45, "axis": "x", "origin": [-0.04, 2.124, 12.188]},
			"faces": {
				"north": {"uv": [2, 2, 2.5, 4], "texture": "#19"},
				"east": {"uv": [2.5, 2, 3, 4], "texture": "#19"},
				"south": {"uv": [3, 2, 3.5, 4], "texture": "#19"},
				"west": {"uv": [3.11111, 1.83333, 4.44444, 4.5], "texture": "#19"},
				"up": {"uv": [7, 0.5, 6.5, 0], "texture": "#19"},
				"down": {"uv": [7, 0.5, 6.5, 1], "texture": "#19"}
			}
		},
		{
			"from": [16.04, 9.15064, 5.6672],
			"to": [17.1488, 10.75944, 10.1024],
			"rotation": {"angle": 0, "axis": "y", "origin": [16.04, 10.75944, 8.624]},
			"faces": {
				"north": {"uv": [3.5, 6.5, 3, 7], "texture": "#19"},
				"east": {"uv": [6.22222, 1.83333, 3.55556, 3.16667], "texture": "#19"},
				"south": {"uv": [7, 3, 6.5, 3.5], "texture": "#19"},
				"west": {"uv": [4, 4, 2, 4.5], "texture": "#19"},
				"up": {"uv": [4, 4.5, 4.5, 2.5], "texture": "#19"},
				"down": {"uv": [2, 4.5, 2.5, 6.5], "texture": "#19"}
			}
		},
		{
			"from": [16.04, 7.06064, 2.09352],
			"to": [17.1488, 8.66944, 6.52872],
			"rotation": {"angle": -45, "axis": "x", "origin": [16.04, 8.66944, 3.57192]},
			"faces": {
				"north": {"uv": [4, 7, 3.5, 7.5], "texture": "#19"},
				"east": {"uv": [7.55556, 1.38889, 4.88889, 2.72222], "texture": "#19"},
				"south": {"uv": [7.5, 3.5, 7, 4], "texture": "#19"},
				"west": {"uv": [7.5, 1, 5.5, 1.5], "texture": "#19"},
				"up": {"uv": [5.5, 4.5, 6, 2.5], "texture": "#19"},
				"down": {"uv": [5.5, 4.5, 6, 6.5], "texture": "#19"}
			}
		},
		{
			"from": [16.04, 3.1756, 2.52912],
			"to": [17.1488, 7.6108, 4.13792],
			"rotation": {"angle": 0, "axis": "y", "origin": [16.04, 4.654, 2.52912]},
			"faces": {
				"north": {"uv": [5.5, 2.5, 5, 4.5], "texture": "#19"},
				"east": {"uv": [1.77778, 4.94444, 0.44444, 7.61111], "texture": "#19"},
				"south": {"uv": [0.5, 5.5, 0, 7.5], "texture": "#19"},
				"west": {"uv": [5.5, 4.5, 5, 6.5], "texture": "#19"},
				"up": {"uv": [4.5, 7, 5, 6.5], "texture": "#19"},
				"down": {"uv": [6.5, 4.5, 7, 5], "texture": "#19"}
			}
		},
		{
			"from": [16.04, -0.8328, 3.58512],
			"to": [17.1488, 3.6024, 5.19392],
			"rotation": {"angle": -45, "axis": "x", "origin": [16.04, 2.124, 3.58512]},
			"faces": {
				"north": {"uv": [3.5, 4.5, 3, 6.5], "texture": "#19"},
				"east": {"uv": [5.33333, 4.05556, 4, 6.72222], "texture": "#19"},
				"south": {"uv": [4.5, 4.5, 4, 6.5], "texture": "#19"},
				"west": {"uv": [4, 4.5, 3.5, 6.5], "texture": "#19"},
				"up": {"uv": [4, 7, 4.5, 6.5], "texture": "#19"},
				"down": {"uv": [6.5, 4, 7, 4.5], "texture": "#19"}
			}
		},
		{
			"from": [16.04, 0.04456, 5.67952],
			"to": [17.1488, 1.65336, 10.11472],
			"rotation": {"angle": 0, "axis": "y", "origin": [16.04, 0.04456, 7.15792]},
			"faces": {
				"north": {"uv": [4, 6.5, 3.5, 7], "texture": "#19"},
				"east": {"uv": [6.66667, 0.5, 4, 1.83333], "texture": "#19"},
				"south": {"uv": [7, 3.5, 6.5, 4], "texture": "#19"},
				"west": {"uv": [6.5, 0, 4.5, 0.5], "texture": "#19"},
				"up": {"uv": [2.5, 6.5, 3, 4.5], "texture": "#19"},
				"down": {"uv": [4.5, 2.5, 5, 4.5], "texture": "#19"}
			}
		},
		{
			"from": [16.04, -0.8328, 10.5792],
			"to": [17.1488, 3.6024, 12.188],
			"rotation": {"angle": 45, "axis": "x", "origin": [16.04, 2.124, 12.188]},
			"faces": {
				"north": {"uv": [2.5, 2, 2, 4], "texture": "#19"},
				"east": {"uv": [4.44444, 1.83333, 3.11111, 4.5], "texture": "#19"},
				"south": {"uv": [3.5, 2, 3, 4], "texture": "#19"},
				"west": {"uv": [3, 2, 2.5, 4], "texture": "#19"},
				"up": {"uv": [6.5, 0.5, 7, 0], "texture": "#19"},
				"down": {"uv": [6.5, 0.5, 7, 1], "texture": "#19"}
			}
		},
		{
			"from": [16.04, 3.1756, 11.6352],
			"to": [17.1488, 7.6108, 13.244],
			"rotation": {"angle": 0, "axis": "y", "origin": [16.04, 4.654, 13.244]},
			"faces": {
				"north": {"uv": [1.5, 6.5, 1, 8.5], "texture": "#19"},
				"east": {"uv": [3.55556, 5.83333, 2.22222, 8.5], "texture": "#19"},
				"south": {"uv": [2.5, 6.5, 2, 8.5], "texture": "#19"},
				"west": {"uv": [2, 6.5, 1.5, 8.5], "texture": "#19"},
				"up": {"uv": [4.5, 7.5, 5, 7], "texture": "#19"},
				"down": {"uv": [7, 4.5, 7.5, 5], "texture": "#19"}
			}
		},
		{
			"from": [16.04, 7.06064, 9.2444],
			"to": [17.1488, 8.66944, 13.6796],
			"rotation": {"angle": 45, "axis": "x", "origin": [16.04, 8.66944, 12.2012]},
			"faces": {
				"north": {"uv": [4.5, 7, 4, 7.5], "texture": "#19"},
				"east": {"uv": [8, 2.27778, 5.33333, 3.61111], "texture": "#19"},
				"south": {"uv": [7.5, 4, 7, 4.5], "texture": "#19"},
				"west": {"uv": [8, 2, 6, 2.5], "texture": "#19"},
				"up": {"uv": [6, 5, 6.5, 3], "texture": "#19"},
				"down": {"uv": [6, 5, 6.5, 7], "texture": "#19"}
			}
		},
		{
			"from": [15.952, 4.6356, 3.58512],
			"to": [16.9728, 6.1508, 12.26192],
			"rotation": {"angle": -45, "axis": "x", "origin": [16.04, 5.27, 7.89712]},
			"faces": {
				"north": {"uv": [7.5, 0, 7, 0.5], "texture": "#19"},
				"east": {"uv": [4.88889, 0.5, 0, 1.83333], "texture": "#19"},
				"south": {"uv": [7.5, 0.5, 7, 1], "texture": "#19"},
				"west": {"uv": [4.5, 0, 0, 0.5], "texture": "#19"},
				"up": {"uv": [0, 5.5, 0.5, 1], "texture": "#19"},
				"down": {"uv": [0.5, 1, 1, 5.5], "texture": "#19"}
			}
		},
		{
			"from": [15.952, 4.1716, 6.69312],
			"to": [17.7368, 6.6148, 9.15392],
			"rotation": {"angle": -45, "axis": "x", "origin": [16.04, 5.27, 7.89712]},
			"faces": {
				"north": {"uv": [5.5, 6.5, 5, 7], "texture": "#19"},
				"east": {"uv": [6.02778, 4.94444, 5.77778, 6.27778], "texture": "#19"},
				"south": {"uv": [6, 6.5, 5.5, 7], "texture": "#19"},
				"west": {"uv": [7, 5, 6.5, 5.5], "texture": "#19"},
				"up": {"uv": [6.5, 6.5, 7, 6], "texture": "#19"},
				"down": {"uv": [6.5, 6.5, 7, 7], "texture": "#19"}
			}
		},
		{
			"from": [15.952, 4.6356, 3.4232],
			"to": [16.9728, 6.1508, 12.1],
			"rotation": {"angle": 45, "axis": "x", "origin": [16.04, 5.27, 7.788]},
			"faces": {
				"north": {"uv": [3.5, 7, 3, 7.5], "texture": "#19"},
				"east": {"uv": [5.77778, 1.38889, 0.88889, 2.72222], "texture": "#19"},
				"south": {"uv": [7.5, 3, 7, 3.5], "texture": "#19"},
				"west": {"uv": [5.5, 1, 1, 1.5], "texture": "#19"},
				"up": {"uv": [1, 6.5, 1.5, 2], "texture": "#19"},
				"down": {"uv": [1.5, 2, 2, 6.5], "texture": "#19"}
			}
		},
		{
			"from": [0, 0, 0],
			"to": [16, 0.5, 16],
			"faces": {
				"north": {"uv": [8, 0, 16, 0.5], "texture": "#9"},
				"east": {"uv": [8, 0.5, 16, 1], "texture": "#9"},
				"south": {"uv": [8, 1, 16, 1.5], "texture": "#9"},
				"west": {"uv": [8, 1.5, 16, 2], "texture": "#9"},
				"up": {"uv": [16, 16, 0, 0], "texture": "#9"},
				"down": {"uv": [8, 8, 0, 16], "texture": "#9"}
			}
		},
		{
			"from": [14.5, 0.5, 0],
			"to": [16, 5.5, 16],
			"rotation": {"angle": 0, "axis": "y", "origin": [16, 15, 15.5]},
			"faces": {
				"north": {"uv": [0, 0, 2, 5], "texture": "#9"},
				"east": {"uv": [0, 0, 16, 5], "texture": "#9"},
				"south": {"uv": [0, 0, 2, 5], "texture": "#9"},
				"west": {"uv": [0, 0, 16, 5], "texture": "#9"},
				"up": {"uv": [0, 0, 16, 5], "texture": "#9"},
				"down": {"uv": [0, 0, 16, 5], "texture": "#9"}
			}
		},
		{
			"from": [0, 0.5, 0],
			"to": [1.5, 5.5, 16],
			"rotation": {"angle": 0, "axis": "y", "origin": [1.5, 15, 15.5]},
			"faces": {
				"north": {"uv": [0, 0, 2, 5], "texture": "#9"},
				"east": {"uv": [0, 0, 16, 5], "texture": "#9"},
				"south": {"uv": [0, 0, 2, 5], "texture": "#9"},
				"west": {"uv": [0, 0, 16, 5], "texture": "#9"},
				"up": {"uv": [0, 0, 16, 5], "texture": "#9"},
				"down": {"uv": [0, 0, 16, 5], "texture": "#9"}
			}
		},
		{
			"from": [1.5, 0.5, 14.5],
			"to": [14.5, 5.5, 16],
			"rotation": {"angle": 0, "axis": "y", "origin": [1.5, 15, 16]},
			"faces": {
				"north": {"uv": [0, 0, 16, 5], "texture": "#9"},
				"east": {"uv": [0, 0, 3, 5], "texture": "#9"},
				"south": {"uv": [0, 0, 15, 5], "texture": "#9"},
				"west": {"uv": [0, 0, 3, 5], "texture": "#9"},
				"up": {"uv": [0, 0, 16, 5], "rotation": 90, "texture": "#9"},
				"down": {"uv": [0, 0, 16, 5], "rotation": 270, "texture": "#9"}
			}
		},
		{
			"from": [4.052, 5.432, -4.956],
			"to": [6.308, 5.808, -4.58],
			"rotation": {"angle": -45, "axis": "y", "origin": [4.428, 5.808, -2.7]},
			"faces": {
				"north": {"uv": [3, 16, 9, 15], "rotation": 180, "texture": "#22"},
				"east": {"uv": [3, 16, 9, 15], "rotation": 270, "texture": "#22"},
				"south": {"uv": [3, 16, 9, 15], "texture": "#22"},
				"west": {"uv": [3, 16, 9, 15], "rotation": 90, "texture": "#22"},
				"up": {"uv": [3, 16, 9, 15], "rotation": 180, "texture": "#22"},
				"down": {"uv": [9, 16, 3, 15], "texture": "#22"}
			}
		},
		{
			"from": [3.3, 5.432, -4.58],
			"to": [6.684, 5.808, -4.204],
			"rotation": {"angle": -45, "axis": "y", "origin": [4.428, 5.808, -2.7]},
			"faces": {
				"north": {"uv": [11, 15, 2, 14], "rotation": 180, "texture": "#22"},
				"east": {"uv": [10, 15, 11, 14], "rotation": 270, "texture": "#22"},
				"south": {"uv": [2, 15, 11, 14], "texture": "#22"},
				"west": {"uv": [10, 15, 11, 14], "rotation": 90, "texture": "#22"},
				"up": {"uv": [2, 15, 11, 14], "rotation": 180, "texture": "#22"},
				"down": {"uv": [11, 15, 2, 14], "texture": "#22"}
			}
		},
		{
			"from": [2.924, 5.432, -4.204],
			"to": [6.684, 5.808, -3.828],
			"rotation": {"angle": -45, "axis": "y", "origin": [4.428, 5.808, -2.7]},
			"faces": {
				"north": {"uv": [12, 14, 2, 13], "rotation": 180, "texture": "#22"},
				"east": {"uv": [2, 14, 3, 13], "rotation": 270, "texture": "#22"},
				"south": {"uv": [2, 14, 12, 13], "texture": "#22"},
				"west": {"uv": [11, 14, 12, 13], "rotation": 90, "texture": "#22"},
				"up": {"uv": [2, 14, 12, 13], "rotation": 180, "texture": "#22"},
				"down": {"uv": [12, 14, 2, 13], "texture": "#22"}
			}
		},
		{
			"from": [2.924, 5.432, -3.828],
			"to": [6.684, 5.808, -3.452],
			"rotation": {"angle": -45, "axis": "y", "origin": [4.428, 5.808, -2.7]},
			"faces": {
				"north": {"uv": [12, 14, 2, 13], "rotation": 180, "texture": "#22"},
				"east": {"uv": [2, 13, 3, 12], "rotation": 270, "texture": "#22"},
				"south": {"uv": [2, 14, 12, 13], "texture": "#22"},
				"west": {"uv": [11, 13, 12, 12], "rotation": 90, "texture": "#22"},
				"up": {"uv": [2, 13, 12, 12], "rotation": 180, "texture": "#22"},
				"down": {"uv": [12, 13, 2, 12], "texture": "#22"}
			}
		},
		{
			"from": [2.548, 5.432, -3.452],
			"to": [6.684, 5.808, -3.076],
			"rotation": {"angle": -45, "axis": "y", "origin": [4.428, 5.808, -2.7]},
			"faces": {
				"north": {"uv": [13, 12, 2, 11], "rotation": 180, "texture": "#22"},
				"east": {"uv": [2, 12, 3, 11], "rotation": 270, "texture": "#22"},
				"south": {"uv": [13, 12, 2, 11], "texture": "#22"},
				"west": {"uv": [12, 12, 13, 11], "rotation": 90, "texture": "#22"},
				"up": {"uv": [2, 12, 13, 11], "rotation": 180, "texture": "#22"},
				"down": {"uv": [13, 12, 2, 11], "texture": "#22"}
			}
		},
		{
			"from": [2.548, 5.432, -3.076],
			"to": [6.308, 5.808, -2.7],
			"rotation": {"angle": -45, "axis": "y", "origin": [4.428, 5.808, -2.7]},
			"faces": {
				"north": {"uv": [3, 11, 13, 10], "rotation": 180, "texture": "#22"},
				"east": {"uv": [3, 11, 4, 10], "rotation": 270, "texture": "#22"},
				"south": {"uv": [13, 11, 3, 10], "texture": "#22"},
				"west": {"uv": [12, 11, 13, 10], "rotation": 90, "texture": "#22"},
				"up": {"uv": [3, 11, 13, 10], "rotation": 180, "texture": "#22"},
				"down": {"uv": [13, 11, 3, 10], "texture": "#22"}
			}
		},
		{
			"from": [2.548, 5.432, -2.7],
			"to": [5.932, 5.808, -2.324],
			"rotation": {"angle": -45, "axis": "y", "origin": [4.428, 5.808, -2.7]},
			"faces": {
				"north": {"uv": [4, 10, 13, 9], "rotation": 180, "texture": "#22"},
				"east": {"uv": [4, 10, 5, 9], "rotation": 270, "texture": "#22"},
				"south": {"uv": [13, 10, 4, 9], "texture": "#22"},
				"west": {"uv": [12, 10, 13, 9], "rotation": 90, "texture": "#22"},
				"up": {"uv": [4, 10, 13, 9], "rotation": 180, "texture": "#22"},
				"down": {"uv": [13, 10, 4, 9], "texture": "#22"}
			}
		},
		{
			"from": [2.548, 5.432, -2.324],
			"to": [5.556, 5.808, -1.948],
			"rotation": {"angle": -45, "axis": "y", "origin": [4.428, 5.808, -2.7]},
			"faces": {
				"north": {"uv": [5, 9, 13, 8], "rotation": 180, "texture": "#22"},
				"east": {"uv": [5, 9, 6, 8], "rotation": 270, "texture": "#22"},
				"south": {"uv": [13, 9, 5, 8], "texture": "#22"},
				"west": {"uv": [12, 9, 13, 8], "rotation": 90, "texture": "#22"},
				"up": {"uv": [5, 9, 13, 8], "rotation": 180, "texture": "#22"},
				"down": {"uv": [13, 9, 5, 8], "texture": "#22"}
			}
		},
		{
			"from": [2.548, 5.432, -1.948],
			"to": [4.804, 5.808, -1.572],
			"rotation": {"angle": -45, "axis": "y", "origin": [4.428, 5.808, -2.7]},
			"faces": {
				"north": {"uv": [7, 8, 13, 7], "rotation": 180, "texture": "#22"},
				"east": {"uv": [7, 8, 8, 7], "rotation": 270, "texture": "#22"},
				"south": {"uv": [13, 8, 7, 7], "texture": "#22"},
				"west": {"uv": [12, 8, 13, 7], "rotation": 90, "texture": "#22"},
				"up": {"uv": [7, 8, 13, 7], "rotation": 180, "texture": "#22"},
				"down": {"uv": [13, 8, 7, 7], "texture": "#22"}
			}
		},
		{
			"from": [2.172, 5.432, -1.572],
			"to": [4.428, 5.808, -1.196],
			"rotation": {"angle": -45, "axis": "y", "origin": [4.428, 5.808, -2.7]},
			"faces": {
				"north": {"uv": [14, 7, 8, 6], "rotation": 180, "texture": "#22"},
				"east": {"uv": [8, 7, 9, 6], "rotation": 270, "texture": "#22"},
				"south": {"uv": [14, 7, 8, 6], "texture": "#22"},
				"west": {"uv": [13, 7, 14, 6], "rotation": 90, "texture": "#22"},
				"up": {"uv": [8, 7, 14, 6], "rotation": 180, "texture": "#22"},
				"down": {"uv": [14, 7, 8, 6], "texture": "#22"}
			}
		},
		{
			"from": [2.172, 5.432, -1.196],
			"to": [4.052, 5.808, -0.444],
			"rotation": {"angle": -45, "axis": "y", "origin": [4.428, 5.808, -2.7]},
			"faces": {
				"north": {"uv": [9, 4, 14, 6], "rotation": 180, "texture": "#22"},
				"east": {"uv": [9, 4, 10, 6], "rotation": 270, "texture": "#22"},
				"south": {"uv": [14, 4, 9, 5], "texture": "#22"},
				"west": {"uv": [13, 4, 14, 6], "rotation": 90, "texture": "#22"},
				"up": {"uv": [9, 4, 14, 6], "rotation": 180, "texture": "#22"},
				"down": {"uv": [14, 4, 9, 6], "texture": "#22"}
			}
		},
		{
			"from": [2.172, 5.432, -0.444],
			"to": [3.676, 5.808, 0.308],
			"rotation": {"angle": -45, "axis": "y", "origin": [4.428, 5.808, -2.7]},
			"faces": {
				"north": {"uv": [10, 2, 14, 4], "rotation": 180, "texture": "#22"},
				"east": {"uv": [10, 2, 11, 4], "rotation": 270, "texture": "#22"},
				"south": {"uv": [14, 2, 10, 3], "texture": "#22"},
				"west": {"uv": [13, 2, 14, 4], "rotation": 90, "texture": "#22"},
				"up": {"uv": [10, 2, 14, 4], "rotation": 180, "texture": "#22"},
				"down": {"uv": [14, 2, 10, 4], "texture": "#22"}
			}
		},
		{
			"from": [2.548, 5.432, 0.308],
			"to": [3.3, 5.808, 0.684],
			"rotation": {"angle": -45, "axis": "y", "origin": [4.428, 5.808, -2.7]},
			"faces": {
				"north": {"uv": [11, 1, 13, 2], "rotation": 180, "texture": "#22"},
				"east": {"uv": [11, 1, 13, 2], "rotation": 270, "texture": "#22"},
				"south": {"uv": [11, 1, 13, 2], "texture": "#22"},
				"west": {"uv": [11, 1, 13, 2], "rotation": 90, "texture": "#22"},
				"up": {"uv": [11, 1, 13, 2], "rotation": 180, "texture": "#22"},
				"down": {"uv": [11, 1, 13, 2], "texture": "#22"}
			}
		},
		{
			"from": [9.3842, 6.6892, 4.355],
			"to": [11.3018, 7.0088, 4.6746],
			"rotation": {"angle": -22.5, "axis": "z", "origin": [9.7038, 8.6068, 4.355]},
			"faces": {
				"north": {"uv": [3, 16, 9, 15], "texture": "#18"},
				"east": {"uv": [3, 16, 9, 15], "texture": "#18"},
				"south": {"uv": [9, 16, 3, 15], "texture": "#18"},
				"west": {"uv": [3, 16, 9, 15], "texture": "#18"},
				"up": {"uv": [3, 16, 9, 15], "texture": "#18"},
				"down": {"uv": [3, 16, 9, 15], "texture": "#18"}
			}
		},
		{
			"from": [8.745, 7.0088, 4.355],
			"to": [11.6214, 7.3284, 4.6746],
			"rotation": {"angle": -22.5, "axis": "z", "origin": [9.7038, 8.6068, 4.355]},
			"faces": {
				"north": {"uv": [2, 15, 11, 14], "texture": "#18"},
				"east": {"uv": [10, 15, 11, 14], "texture": "#18"},
				"south": {"uv": [11, 15, 2, 14], "texture": "#18"},
				"west": {"uv": [10, 15, 11, 14], "texture": "#18"},
				"up": {"uv": [2, 15, 11, 14], "texture": "#18"},
				"down": {"uv": [11, 15, 2, 14], "texture": "#18"}
			}
		},
		{
			"from": [8.4254, 7.3284, 4.355],
			"to": [11.6214, 7.648, 4.6746],
			"rotation": {"angle": -22.5, "axis": "z", "origin": [9.7038, 8.6068, 4.355]},
			"faces": {
				"north": {"uv": [2, 14, 12, 13], "texture": "#18"},
				"east": {"uv": [2, 14, 3, 13], "texture": "#18"},
				"south": {"uv": [12, 14, 2, 13], "texture": "#18"},
				"west": {"uv": [11, 14, 12, 13], "texture": "#18"},
				"up": {"uv": [2, 14, 12, 13], "texture": "#18"},
				"down": {"uv": [12, 14, 2, 13], "texture": "#18"}
			}
		},
		{
			"from": [8.4254, 7.648, 4.355],
			"to": [11.6214, 7.9676, 4.6746],
			"rotation": {"angle": -22.5, "axis": "z", "origin": [9.7038, 8.6068, 4.355]},
			"faces": {
				"north": {"uv": [2, 13, 12, 12], "texture": "#18"},
				"east": {"uv": [2, 13, 3, 12], "texture": "#18"},
				"south": {"uv": [12, 13, 2, 12], "texture": "#18"},
				"west": {"uv": [11, 13, 12, 12], "texture": "#18"},
				"up": {"uv": [2, 14, 12, 13], "texture": "#18"},
				"down": {"uv": [12, 14, 2, 13], "texture": "#18"}
			}
		},
		{
			"from": [8.1058, 7.9676, 4.355],
			"to": [11.6214, 8.2872, 4.6746],
			"rotation": {"angle": -22.5, "axis": "z", "origin": [9.7038, 8.6068, 4.355]},
			"faces": {
				"north": {"uv": [2, 12, 13, 11], "texture": "#18"},
				"east": {"uv": [2, 12, 3, 11], "texture": "#18"},
				"south": {"uv": [13, 12, 2, 11], "texture": "#18"},
				"west": {"uv": [12, 12, 13, 11], "texture": "#18"},
				"up": {"uv": [13, 12, 2, 11], "texture": "#18"},
				"down": {"uv": [13, 12, 2, 11], "texture": "#18"}
			}
		},
		{
			"from": [8.1058, 8.2872, 4.355],
			"to": [11.3018, 8.6068, 4.6746],
			"rotation": {"angle": -22.5, "axis": "z", "origin": [9.7038, 8.6068, 4.355]},
			"faces": {
				"north": {"uv": [3, 11, 13, 10], "texture": "#18"},
				"east": {"uv": [3, 11, 4, 10], "texture": "#18"},
				"south": {"uv": [13, 11, 3, 10], "texture": "#18"},
				"west": {"uv": [12, 11, 13, 10], "texture": "#18"},
				"up": {"uv": [13, 11, 3, 10], "texture": "#18"},
				"down": {"uv": [3, 11, 13, 10], "texture": "#18"}
			}
		},
		{
			"from": [8.1058, 8.6068, 4.355],
			"to": [10.9822, 8.9264, 4.6746],
			"rotation": {"angle": -22.5, "axis": "z", "origin": [9.7038, 8.6068, 4.355]},
			"faces": {
				"north": {"uv": [4, 10, 13, 9], "texture": "#18"},
				"east": {"uv": [4, 10, 5, 9], "texture": "#18"},
				"south": {"uv": [13, 10, 4, 9], "texture": "#18"},
				"west": {"uv": [12, 10, 13, 9], "texture": "#18"},
				"up": {"uv": [13, 10, 4, 9], "texture": "#18"},
				"down": {"uv": [4, 10, 13, 9], "texture": "#18"}
			}
		},
		{
			"from": [8.1058, 8.9264, 4.355],
			"to": [10.6626, 9.246, 4.6746],
			"rotation": {"angle": -22.5, "axis": "z", "origin": [9.7038, 8.6068, 4.355]},
			"faces": {
				"north": {"uv": [5, 9, 13, 8], "texture": "#18"},
				"east": {"uv": [5, 9, 6, 8], "texture": "#18"},
				"south": {"uv": [13, 9, 5, 8], "texture": "#18"},
				"west": {"uv": [12, 9, 13, 8], "texture": "#18"},
				"up": {"uv": [13, 9, 5, 8], "texture": "#18"},
				"down": {"uv": [5, 9, 13, 8], "texture": "#18"}
			}
		},
		{
			"from": [8.1058, 9.246, 4.355],
			"to": [10.0234, 9.5656, 4.6746],
			"rotation": {"angle": -22.5, "axis": "z", "origin": [9.7038, 8.6068, 4.355]},
			"faces": {
				"north": {"uv": [7, 8, 13, 7], "texture": "#18"},
				"east": {"uv": [7, 8, 8, 7], "texture": "#18"},
				"south": {"uv": [13, 8, 7, 7], "texture": "#18"},
				"west": {"uv": [12, 8, 13, 7], "texture": "#18"},
				"up": {"uv": [13, 8, 7, 7], "texture": "#18"},
				"down": {"uv": [7, 8, 13, 7], "texture": "#18"}
			}
		},
		{
			"from": [7.7862, 9.5656, 4.355],
			"to": [9.7038, 9.8852, 4.6746],
			"rotation": {"angle": -22.5, "axis": "z", "origin": [9.7038, 8.6068, 4.355]},
			"faces": {
				"north": {"uv": [8, 7, 14, 6], "texture": "#18"},
				"east": {"uv": [8, 7, 9, 6], "texture": "#18"},
				"south": {"uv": [14, 7, 8, 6], "texture": "#18"},
				"west": {"uv": [13, 7, 14, 6], "texture": "#18"},
				"up": {"uv": [14, 7, 8, 6], "texture": "#18"},
				"down": {"uv": [14, 7, 8, 6], "texture": "#18"}
			}
		},
		{
			"from": [7.7862, 9.8852, 4.355],
			"to": [9.3842, 10.5244, 4.6746],
			"rotation": {"angle": -22.5, "axis": "z", "origin": [9.7038, 8.6068, 4.355]},
			"faces": {
				"north": {"uv": [9, 4, 14, 6], "texture": "#18"},
				"east": {"uv": [9, 4, 10, 6], "texture": "#18"},
				"south": {"uv": [14, 4, 9, 6], "texture": "#18"},
				"west": {"uv": [13, 4, 14, 6], "texture": "#18"},
				"up": {"uv": [14, 4, 9, 5], "texture": "#18"},
				"down": {"uv": [9, 4, 14, 6], "texture": "#18"}
			}
		},
		{
			"from": [7.7862, 10.5244, 4.355],
			"to": [9.0646, 11.1636, 4.6746],
			"rotation": {"angle": -22.5, "axis": "z", "origin": [9.7038, 8.6068, 4.355]},
			"faces": {
				"north": {"uv": [10, 2, 14, 4], "texture": "#18"},
				"east": {"uv": [10, 2, 11, 4], "texture": "#18"},
				"south": {"uv": [14, 2, 10, 4], "texture": "#18"},
				"west": {"uv": [13, 2, 14, 4], "texture": "#18"},
				"up": {"uv": [14, 2, 10, 3], "texture": "#18"},
				"down": {"uv": [10, 2, 14, 4], "texture": "#18"}
			}
		},
		{
			"from": [8.1058, 11.1636, 4.355],
			"to": [8.745, 11.4832, 4.6746],
			"rotation": {"angle": -22.5, "axis": "z", "origin": [9.7038, 8.6068, 4.355]},
			"faces": {
				"north": {"uv": [11, 1, 13, 2], "texture": "#18"},
				"east": {"uv": [11, 1, 13, 2], "texture": "#18"},
				"south": {"uv": [11, 1, 13, 2], "texture": "#18"},
				"west": {"uv": [11, 1, 13, 2], "texture": "#18"},
				"up": {"uv": [11, 1, 13, 2], "texture": "#18"},
				"down": {"uv": [11, 1, 13, 2], "texture": "#18"}
			}
		},
		{
			"from": [6.22, 7.6, 10.34],
			"to": [7.58, 7.94, 10.68],
			"rotation": {"angle": -22.5, "axis": "z", "origin": [6.22, 9.3, 10.34]},
			"faces": {
				"north": {"uv": [5, 14, 9, 15], "texture": "#17"},
				"east": {"uv": [5, 14, 9, 15], "texture": "#17"},
				"south": {"uv": [5, 14, 9, 15], "texture": "#17"},
				"west": {"uv": [5, 14, 9, 15], "texture": "#17"},
				"up": {"uv": [5, 14, 9, 15], "texture": "#17"},
				"down": {"uv": [5, 14, 9, 15], "texture": "#17"}
			}
		},
		{
			"from": [5.54, 7.94, 10.34],
			"to": [8.26, 8.28, 10.68],
			"rotation": {"angle": -22.5, "axis": "z", "origin": [6.22, 9.3, 10.34]},
			"faces": {
				"north": {"uv": [3, 13, 11, 14], "texture": "#17"},
				"east": {"uv": [3, 13, 4, 14], "texture": "#17"},
				"south": {"uv": [11, 13, 3, 14], "texture": "#17"},
				"west": {"uv": [10, 13, 11, 14], "texture": "#17"},
				"up": {"uv": [3, 13, 11, 14], "texture": "#17"},
				"down": {"uv": [11, 13, 3, 14], "texture": "#17"}
			}
		},
		{
			"from": [5.2, 8.28, 10.34],
			"to": [8.26, 8.62, 10.68],
			"rotation": {"angle": -22.5, "axis": "z", "origin": [6.22, 9.3, 10.34]},
			"faces": {
				"north": {"uv": [3, 12, 12, 13], "texture": "#17"},
				"east": {"uv": [3, 12, 4, 13], "texture": "#17"},
				"south": {"uv": [12, 12, 3, 13], "texture": "#17"},
				"west": {"uv": [11, 12, 12, 13], "texture": "#17"},
				"up": {"uv": [12, 12, 3, 13], "texture": "#17"},
				"down": {"uv": [12, 12, 3, 13], "texture": "#17"}
			}
		},
		{
			"from": [4.86, 8.62, 10.34],
			"to": [8.6, 8.96, 10.68],
			"rotation": {"angle": -22.5, "axis": "z", "origin": [6.22, 9.3, 10.34]},
			"faces": {
				"north": {"uv": [2, 11, 13, 12], "texture": "#17"},
				"east": {"uv": [2, 11, 3, 12], "texture": "#17"},
				"south": {"uv": [13, 11, 2, 12], "texture": "#17"},
				"west": {"uv": [12, 11, 13, 12], "texture": "#17"},
				"up": {"uv": [13, 11, 2, 12], "texture": "#17"},
				"down": {"uv": [13, 11, 2, 12], "texture": "#17"}
			}
		},
		{
			"from": [4.52, 8.96, 10.34],
			"to": [8.6, 9.3, 10.68],
			"rotation": {"angle": -22.5, "axis": "z", "origin": [6.22, 9.3, 10.34]},
			"faces": {
				"north": {"uv": [2, 10, 14, 11], "texture": "#17"},
				"east": {"uv": [2, 10, 3, 11], "texture": "#17"},
				"south": {"uv": [14, 10, 2, 11], "texture": "#17"},
				"west": {"uv": [13, 10, 14, 11], "texture": "#17"},
				"up": {"uv": [14, 10, 2, 11], "texture": "#17"},
				"down": {"uv": [14, 10, 2, 11], "texture": "#17"}
			}
		},
		{
			"from": [4.52, 8.96, 10.34],
			"to": [8.6, 9.3, 10.68],
			"rotation": {"angle": -22.5, "axis": "z", "origin": [6.22, 9.3, 10.34]},
			"faces": {
				"north": {"uv": [2, 10, 14, 11], "texture": "#17"},
				"east": {"uv": [2, 10, 3, 11], "texture": "#17"},
				"south": {"uv": [14, 10, 2, 11], "texture": "#17"},
				"west": {"uv": [13, 10, 14, 11], "texture": "#17"},
				"up": {"uv": [14, 10, 2, 11], "texture": "#17"},
				"down": {"uv": [2, 10, 14, 11], "texture": "#17"}
			}
		},
		{
			"from": [4.52, 9.3, 10.34],
			"to": [8.26, 9.64, 10.68],
			"rotation": {"angle": -22.5, "axis": "z", "origin": [6.22, 9.3, 10.34]},
			"faces": {
				"north": {"uv": [3, 9, 14, 10], "texture": "#17"},
				"east": {"uv": [3, 9, 4, 10], "texture": "#17"},
				"south": {"uv": [14, 9, 3, 10], "texture": "#17"},
				"west": {"uv": [13, 9, 14, 10], "texture": "#17"},
				"up": {"uv": [14, 9, 3, 10], "texture": "#17"},
				"down": {"uv": [3, 9, 14, 10], "texture": "#17"}
			}
		},
		{
			"from": [4.18, 9.64, 10.34],
			"to": [8.26, 9.98, 10.68],
			"rotation": {"angle": -22.5, "axis": "z", "origin": [6.22, 9.3, 10.34]},
			"faces": {
				"north": {"uv": [3, 8, 15, 9], "texture": "#17"},
				"east": {"uv": [3, 8, 4, 9], "texture": "#17"},
				"south": {"uv": [15, 8, 3, 9], "texture": "#17"},
				"west": {"uv": [14, 8, 15, 9], "texture": "#17"},
				"up": {"uv": [15, 8, 3, 9], "texture": "#17"},
				"down": {"uv": [15, 8, 3, 9], "texture": "#17"}
			}
		},
		{
			"from": [4.18, 9.98, 10.34],
			"to": [7.92, 10.32, 10.68],
			"rotation": {"angle": -22.5, "axis": "z", "origin": [6.22, 9.3, 10.34]},
			"faces": {
				"north": {"uv": [4, 7, 15, 8], "texture": "#17"},
				"east": {"uv": [4, 7, 5, 8], "texture": "#17"},
				"south": {"uv": [15, 7, 4, 8], "texture": "#17"},
				"west": {"uv": [14, 7, 15, 8], "texture": "#17"},
				"up": {"uv": [15, 7, 4, 8], "texture": "#17"},
				"down": {"uv": [4, 7, 15, 8], "texture": "#17"}
			}
		},
		{
			"from": [4.18, 10.32, 10.34],
			"to": [7.24, 10.66, 10.68],
			"rotation": {"angle": -22.5, "axis": "z", "origin": [6.22, 9.3, 10.34]},
			"faces": {
				"north": {"uv": [6, 6, 15, 7], "texture": "#17"},
				"east": {"uv": [6, 6, 7, 7], "texture": "#17"},
				"south": {"uv": [15, 6, 6, 7], "texture": "#17"},
				"west": {"uv": [14, 6, 15, 7], "texture": "#17"},
				"up": {"uv": [15, 6, 6, 7], "texture": "#17"},
				"down": {"uv": [6, 6, 15, 7], "texture": "#17"}
			}
		},
		{
			"from": [4.18, 10.66, 10.34],
			"to": [6.9, 11, 10.68],
			"rotation": {"angle": -22.5, "axis": "z", "origin": [6.22, 9.3, 10.34]},
			"faces": {
				"north": {"uv": [7, 5, 15, 6], "texture": "#17"},
				"east": {"uv": [7, 5, 8, 6], "texture": "#17"},
				"south": {"uv": [15, 5, 7, 6], "texture": "#17"},
				"west": {"uv": [14, 5, 15, 6], "texture": "#17"},
				"up": {"uv": [15, 5, 7, 6], "texture": "#17"},
				"down": {"uv": [7, 5, 15, 6], "texture": "#17"}
			}
		},
		{
			"from": [4.52, 11, 10.34],
			"to": [6.56, 11.34, 10.68],
			"rotation": {"angle": -22.5, "axis": "z", "origin": [6.22, 9.3, 10.34]},
			"faces": {
				"north": {"uv": [8, 4, 14, 5], "texture": "#17"},
				"east": {"uv": [8, 4, 9, 5], "texture": "#17"},
				"south": {"uv": [14, 4, 8, 5], "texture": "#17"},
				"west": {"uv": [13, 4, 14, 5], "texture": "#17"},
				"up": {"uv": [14, 4, 8, 5], "texture": "#17"},
				"down": {"uv": [8, 4, 14, 5], "texture": "#17"}
			}
		},
		{
			"from": [4.86, 11.34, 10.34],
			"to": [6.22, 11.68, 10.68],
			"rotation": {"angle": -22.5, "axis": "z", "origin": [6.22, 9.3, 10.34]},
			"faces": {
				"north": {"uv": [9, 3, 13, 4], "texture": "#17"},
				"east": {"uv": [9, 3, 13, 4], "texture": "#17"},
				"south": {"uv": [9, 3, 13, 4], "texture": "#17"},
				"west": {"uv": [9, 3, 13, 4], "texture": "#17"},
				"up": {"uv": [9, 3, 13, 4], "texture": "#17"},
				"down": {"uv": [9, 3, 13, 4], "texture": "#17"}
			}
		}
	],
	"groups": [
		{
			"name": "smoker",
			"origin": [8, 8, 8],
			"color": 0,
			"children": [
				{
					"name": "TOP",
					"origin": [0, 0, 0],
					"color": 0,
					"children": [0, 1, 2]
				},
				{
					"name": "BOTTOM",
					"origin": [0, 3.55, 0],
					"color": 0,
					"children": [
						3,
						4,
						5,
						6,
						7,
						8,
						9,
						10,
						{
							"name": "Knife",
							"origin": [11.66, 5.51, -4.372],
							"color": 0,
							"children": [11, 12, 13, 14]
						}
					]
				},
				{
					"name": "SIDES",
					"origin": [0, 0, 0],
					"color": 0,
					"children": [15, 16, 17, 18, 19, 20, 21]
				},
				{
					"name": "SHUTTER",
					"origin": [-14.2, 0, 0],
					"color": 0,
					"children": [
						{
							"name": "Shutter",
							"origin": [0, 9, 0],
							"color": 0,
							"children": [22, 23]
						},
						24,
						25
					]
				}
			]
		},
		{
			"name": "EXTRAS",
			"origin": [8, 8, 8],
			"color": 0,
			"children": [
				26,
				27,
				28,
				29,
				30,
				{
					"name": "LOGS",
					"origin": [8.7392, 5.6536, 9.4784],
					"color": 0,
					"children": [31, 32, 33]
				},
				{
					"name": "WHEELS",
					"origin": [8, 8, 8],
					"color": 0,
					"children": [
						{
							"name": "WHEEL_RIGHT",
							"origin": [14.74, 2.724, 13.188],
							"color": 0,
							"children": []
						},
						{
							"name": "WHEEL_RIGHT",
							"origin": [14.74, 2.724, 13.188],
							"color": 0,
							"children": [34, 35, 36, 37, 38, 39, 40, 41, 42, 43, 44, 45, 46, 47, 48, 49, 50, 51, 52, 53, 54, 55]
						}
					]
				}
			]
		},
		56,
		57,
		58,
		59,
		{
			"name": "group",
			"origin": [-11, 15, 0],
			"color": 0,
			"children": [60, 61, 62, 63, 64, 65, 66, 67, 68, 69, 70, 71, 72]
		},
		{
			"name": "group",
			"origin": [-11, 15, 0],
			"color": 0,
			"children": [73, 74, 75, 76, 77, 78, 79, 80, 81, 82, 83, 84, 85]
		},
		{
			"name": "group",
			"origin": [-8, 11, 0],
			"color": 0,
			"children": [86, 87, 88, 89, 90, 91, 92, 93, 94, 95, 96, 97, 98]
		}
	]
}