{
	"credit": "Made with Blockbench",
	"parent": "minecraft:block/button_inventory",
	"textures": {
		"1": "block/spruce_log",
		"2": "block/stripped_spruce_log",
		"particle": "block/spruce_log"
	},
	"elements": [
		{
			"from": [4.3, 6, 6],
			"to": [11.7, 10, 8],
			"rotation": {"angle": 0, "axis": "y", "origin": [0, 0, 8]},
			"faces": {
				"north": {"uv": [5, 6, 11, 10], "rotation": 180, "texture": "#2"},
				"east": {"uv": [6, 14, 10, 16], "rotation": 90, "texture": "#2"},
				"south": {"uv": [5, 6, 11, 10], "texture": "#2", "cullface": "down"},
				"west": {"uv": [6, 14, 10, 16], "rotation": 270, "texture": "#2"},
				"up": {"uv": [5, 14, 11, 16], "texture": "#2"},
				"down": {"uv": [5, 14, 11, 16], "rotation": 180, "texture": "#2"}
			}
		},
		{
			"from": [3.3, 4.7, 7],
			"to": [12.7, 11.3, 10],
			"rotation": {"angle": 0, "axis": "y", "origin": [0, 0, 8]},
			"faces": {
				"north": {"uv": [5, 6, 11, 10], "rotation": 180, "texture": "#1"},
				"east": {"uv": [6, 14, 10, 16], "rotation": 90, "texture": "#1"},
				"south": {"uv": [5, 6, 11, 10], "texture": "#1", "cullface": "down"},
				"west": {"uv": [6, 14, 10, 16], "rotation": 270, "texture": "#1"},
				"up": {"uv": [5, 14, 11, 16], "texture": "#1"},
				"down": {"uv": [5, 14, 11, 16], "rotation": 180, "texture": "#1"}
			}
		}
	]
}