{
	"credit": "Made with Blockbench",
	"parent": "block/block",
	"texture_size": [32, 32],
	"textures": {
		"5": "block/spruce_planks",
		"6": "block/dark_oak_log",
		"7": "block/red_wool",
		"8": "block/anvil",
		"9": "block/stone",
		"11": "block/stripped_dark_oak_log",
		"12": "block/chiseling_table_splinters",
		"13": "block/chiseling_table_splinters_2",
		"particle": "block/red_wool"
	},
	"elements": [
		{
			"from": [5.46447, 11, 9.20711],
			"to": [9.46447, 15, 17.20711],
			"rotation": {"angle": -45, "axis": "y", "origin": [7.75, 13, 12.75]},
			"faces": {
				"north": {"uv": [0, 0, 4, 4], "texture": "#8"},
				"east": {"uv": [0, 0, 8, 4], "texture": "#8"},
				"south": {"uv": [0, 0, 4, 4], "texture": "#8"},
				"west": {"uv": [0, 0, 8, 4], "texture": "#8"},
				"up": {"uv": [0, 0, 4, 8], "rotation": 180, "texture": "#8"},
				"down": {"uv": [0, 0, 4, 8], "rotation": 180, "texture": "#8"}
			}
		},
		{
			"from": [6.21447, 12, 15.63909],
			"to": [8.21447, 14, 19.63909],
			"rotation": {"angle": -45, "axis": "y", "origin": [7.21447, 13, 12.81066]},
			"faces": {
				"north": {"uv": [0, 0, 2, 2], "texture": "#8"},
				"east": {"uv": [0, 0, 4, 2], "texture": "#8"},
				"south": {"uv": [0, 0, 2, 2], "texture": "#8"},
				"west": {"uv": [0, 0, 4, 2], "texture": "#8"},
				"up": {"uv": [0, 0, 2, 4], "rotation": 180, "texture": "#8"},
				"down": {"uv": [0, 0, 2, 4], "rotation": 180, "texture": "#8"}
			}
		},
		{
			"from": [-3.23553, 11.5, 12.00711],
			"to": [5.76447, 14.5, 14.90711],
			"rotation": {"angle": -45, "axis": "y", "origin": [8.05, 13.5, 13.05]},
			"faces": {
				"north": {"uv": [0, 0, 9, 3], "texture": "#11"},
				"east": {"uv": [0, 0, 3, 3], "texture": "#11"},
				"south": {"uv": [0, 0, 9, 3], "texture": "#11"},
				"west": {"uv": [0, 0, 3, 3], "texture": "#11"},
				"up": {"uv": [0, 0, 9, 3], "rotation": 180, "texture": "#11"},
				"down": {"uv": [0, 0, 9, 3], "rotation": 180, "texture": "#11"}
			}
		},
		{
			"from": [0, 1, 0],
			"to": [4, 8, 4],
			"faces": {
				"north": {"uv": [0, 0, 4, 8], "texture": "#6"},
				"east": {"uv": [0, 0, 4, 8], "texture": "#6"},
				"south": {"uv": [0, 0, 4, 8], "texture": "#6"},
				"west": {"uv": [0, 0, 4, 8], "texture": "#6"},
				"up": {"uv": [0, 0, 4, 4], "texture": "#6"},
				"down": {"uv": [0, 0, 4, 4], "texture": "#6"}
			}
		},
		{
			"from": [0, 1, 12],
			"to": [4, 8, 16],
			"rotation": {"angle": 0, "axis": "y", "origin": [0, 0, 16]},
			"faces": {
				"north": {"uv": [4, 0, 0, 8], "texture": "#6"},
				"east": {"uv": [4, 0, 0, 8], "texture": "#6"},
				"south": {"uv": [4, 0, 0, 8], "texture": "#6"},
				"west": {"uv": [4, 0, 0, 8], "texture": "#6"},
				"up": {"uv": [0, 4, 4, 0], "texture": "#6"},
				"down": {"uv": [0, 4, 4, 0], "texture": "#6"}
			}
		},
		{
			"from": [12, 1, 12],
			"to": [16, 8, 16],
			"rotation": {"angle": 0, "axis": "y", "origin": [16, 0, 16]},
			"faces": {
				"north": {"uv": [0, 0, 4, 8], "texture": "#6"},
				"east": {"uv": [0, 0, 4, 8], "texture": "#6"},
				"south": {"uv": [0, 0, 4, 8], "texture": "#6"},
				"west": {"uv": [0, 0, 4, 8], "texture": "#6"},
				"up": {"uv": [4, 4, 0, 0], "texture": "#6"},
				"down": {"uv": [4, 4, 0, 0], "texture": "#6"}
			}
		},
		{
			"from": [12, 1, 0],
			"to": [16, 8, 4],
			"rotation": {"angle": 0, "axis": "y", "origin": [16, 0, 0]},
			"faces": {
				"north": {"uv": [4, 0, 0, 8], "texture": "#6"},
				"east": {"uv": [4, 0, 0, 8], "texture": "#6"},
				"south": {"uv": [4, 0, 0, 8], "texture": "#6"},
				"west": {"uv": [4, 0, 0, 8], "texture": "#6"},
				"up": {"uv": [4, 0, 0, 4], "texture": "#6"},
				"down": {"uv": [4, 0, 0, 4], "texture": "#6"}
			}
		},
		{
			"from": [-1, 8, -1],
			"to": [17, 11, 17],
			"rotation": {"angle": 0, "axis": "y", "origin": [13, 0, 0]},
			"faces": {
				"north": {"uv": [0, 0, 16, 3], "texture": "#5"},
				"east": {"uv": [0, 0, 16, 3], "texture": "#5"},
				"south": {"uv": [0, 0, 16, 3], "texture": "#5"},
				"west": {"uv": [0, 0, 16, 3], "texture": "#5"},
				"up": {"uv": [0, 0, 16, 16], "texture": "#5"},
				"down": {"uv": [0, 0, 16, 16], "texture": "#5"}
			}
		},
		{
			"from": [4, 2, 1.5],
			"to": [12, 4, 2.5],
			"rotation": {"angle": 0, "axis": "y", "origin": [4, 2, 1]},
			"faces": {
				"north": {"uv": [0, 0, 8, 2], "texture": "#11"},
				"east": {"uv": [0, 0, 1, 2], "texture": "#11"},
				"south": {"uv": [0, 0, 8, 2], "texture": "#11"},
				"west": {"uv": [0, 0, 1, 2], "texture": "#11"},
				"up": {"uv": [0, 0, 8, 1], "texture": "#11"},
				"down": {"uv": [0, 0, 8, 1], "texture": "#11"}
			}
		},
		{
			"from": [4, 4, 13.5],
			"to": [12, 6, 14.5],
			"rotation": {"angle": 0, "axis": "y", "origin": [4, 4, 13]},
			"faces": {
				"north": {"uv": [0, 0, 8, 2], "texture": "#11"},
				"east": {"uv": [0, 0, 1, 2], "texture": "#11"},
				"south": {"uv": [0, 0, 8, 2], "texture": "#11"},
				"west": {"uv": [0, 0, 1, 2], "texture": "#11"},
				"up": {"uv": [0, 0, 8, 1], "texture": "#11"},
				"down": {"uv": [0, 0, 8, 1], "texture": "#11"}
			}
		},
		{
			"from": [0.5, 1, 4],
			"to": [1.5, 3, 12],
			"rotation": {"angle": 0, "axis": "y", "origin": [0, 1, 12]},
			"faces": {
				"north": {"uv": [0, 0, 1, 2], "texture": "#11"},
				"east": {"uv": [0, 0, 8, 2], "texture": "#11"},
				"south": {"uv": [0, 0, 1, 2], "texture": "#11"},
				"west": {"uv": [0, 0, 8, 2], "texture": "#11"},
				"up": {"uv": [0, 0, 8, 1], "rotation": 270, "texture": "#11"},
				"down": {"uv": [0, 0, 8, 1], "rotation": 90, "texture": "#11"}
			}
		},
		{
			"from": [1.5, 6, 3],
			"to": [2.5, 8, 14],
			"rotation": {"angle": -22.5, "axis": "x", "origin": [1, 6, 14]},
			"faces": {
				"north": {"uv": [0, 0, 1, 2], "texture": "#11"},
				"east": {"uv": [0, 0, 11, 2], "texture": "#11"},
				"south": {"uv": [0, 0, 1, 2], "texture": "#11"},
				"west": {"uv": [0, 0, 11, 2], "texture": "#11"},
				"up": {"uv": [0, 0, 11, 1], "rotation": 270, "texture": "#11"},
				"down": {"uv": [0, 0, 11, 1], "rotation": 90, "texture": "#11"}
			}
		},
		{
			"from": [13.5, 0, 3],
			"to": [14.5, 2, 14],
			"rotation": {"angle": 22.5, "axis": "x", "origin": [15, 2, 14]},
			"faces": {
				"north": {"uv": [1, 2, 2, 4], "texture": "#11"},
				"east": {"uv": [5, 2, 16, 4], "texture": "#11"},
				"south": {"uv": [1, 2, 2, 4], "texture": "#11"},
				"west": {"uv": [5, 2, 16, 4], "texture": "#11"},
				"up": {"uv": [5, 1, 16, 2], "rotation": 90, "texture": "#11"},
				"down": {"uv": [5, 1, 16, 2], "rotation": 270, "texture": "#11"}
			}
		},
		{
			"from": [14.5, 5, 4],
			"to": [15.5, 7, 12],
			"rotation": {"angle": 0, "axis": "y", "origin": [16, 7, 12]},
			"faces": {
				"north": {"uv": [1, 2, 2, 4], "texture": "#11"},
				"east": {"uv": [8, 2, 16, 4], "texture": "#11"},
				"south": {"uv": [1, 2, 2, 4], "texture": "#11"},
				"west": {"uv": [8, 2, 16, 4], "texture": "#11"},
				"up": {"uv": [8, 1, 16, 2], "rotation": 90, "texture": "#11"},
				"down": {"uv": [8, 1, 16, 2], "rotation": 270, "texture": "#11"}
			}
		},
		{
			"from": [9, 11, 1],
			"to": [15, 17.3, 8],
			"rotation": {"angle": 0, "axis": "y", "origin": [13, 11, 3]},
			"faces": {
				"north": {"uv": [4, 5, 9, 11], "texture": "#9"},
				"east": {"uv": [3, 4, 10, 10], "texture": "#9"},
				"south": {"uv": [3.5, 5, 8.5, 11], "texture": "#9"},
				"west": {"uv": [3, 4, 9.5, 10], "texture": "#9"},
				"up": {"uv": [6.5, 3.5, 3.5, 0], "texture": "#9"},
				"down": {"uv": [6.5, 3.5, 3.5, 7], "texture": "#9"}
			}
		},
		{
			"from": [15, 11, 1],
			"to": [16, 13.3, 9],
			"rotation": {"angle": 0, "axis": "y", "origin": [13, 11, 3]},
			"faces": {
				"north": {"uv": [11, 7, 11.5, 8], "texture": "#9"},
				"east": {"uv": [1, 8, 8, 11], "texture": "#9"},
				"south": {"uv": [7.5, 11, 8, 12], "texture": "#9"},
				"west": {"uv": [7, 8, 11, 9], "texture": "#9"},
				"up": {"uv": [0.5, 14, 0, 10], "texture": "#9"},
				"down": {"uv": [1, 10, 0.5, 14], "texture": "#9"}
			}
		},
		{
			"from": [12, 11, 8],
			"to": [15, 13.3, 9],
			"rotation": {"angle": 0, "axis": "y", "origin": [13, 11, 3]},
			"faces": {
				"north": {"uv": [9.5, 7, 11, 8], "texture": "#9"},
				"east": {"uv": [10.5, 11, 11, 12], "texture": "#9"},
				"south": {"uv": [2, 10, 4.5, 13], "texture": "#9"},
				"west": {"uv": [11, 11, 11.5, 12], "texture": "#9"},
				"up": {"uv": [12, 11, 10.5, 10.5], "texture": "#9"},
				"down": {"uv": [3.5, 11, 2, 11.5], "texture": "#9"}
			}
		},
		{
			"from": [15, 13.3, 2],
			"to": [16, 14.3, 9],
			"rotation": {"angle": 0, "axis": "y", "origin": [13, 11, 3]},
			"faces": {
				"north": {"uv": [2, 11.5, 2.5, 12], "texture": "#9"},
				"east": {"uv": [1, 9, 8, 11], "texture": "#9"},
				"south": {"uv": [2.5, 11.5, 3, 12], "texture": "#9"},
				"west": {"uv": [9.5, 6.5, 13, 7], "texture": "#9"},
				"up": {"uv": [1.5, 13.5, 1, 10], "texture": "#9"},
				"down": {"uv": [2, 10, 1.5, 13.5], "texture": "#9"}
			}
		},
		{
			"from": [14, 13.3, 8],
			"to": [15, 14.3, 9],
			"rotation": {"angle": 0, "axis": "y", "origin": [13, 11, 3]},
			"faces": {
				"north": {"uv": [3, 11.5, 3.5, 12], "texture": "#9"},
				"east": {"uv": [4.5, 11.5, 5, 12], "texture": "#9"},
				"south": {"uv": [5, 11.5, 6.5, 14], "texture": "#9"},
				"west": {"uv": [11.5, 5, 12, 5.5], "texture": "#9"},
				"up": {"uv": [6, 12, 5.5, 11.5], "texture": "#9"},
				"down": {"uv": [12, 5.5, 11.5, 6], "texture": "#9"}
			}
		},
		{
			"from": [11, 11, 0],
			"to": [16, 13.3, 1],
			"rotation": {"angle": 0, "axis": "y", "origin": [13, 11, 3]},
			"faces": {
				"north": {"uv": [9.5, 1, 13, 4], "texture": "#9"},
				"east": {"uv": [9, 10.5, 9.5, 11.5], "texture": "#9"},
				"south": {"uv": [9.5, 2, 12, 3], "texture": "#9"},
				"west": {"uv": [11, 5, 11.5, 6], "texture": "#9"},
				"up": {"uv": [7, 10.5, 4.5, 10], "texture": "#9"},
				"down": {"uv": [9.5, 10, 7, 10.5], "texture": "#9"}
			}
		},
		{
			"from": [5, 11, 2],
			"to": [7.5, 12.3, 5],
			"rotation": {"angle": -22.5, "axis": "y", "origin": [12, 11, 4]},
			"faces": {
				"north": {"uv": [7.5, 10.5, 9, 11], "texture": "#9"},
				"east": {"uv": [10.5, 9, 12, 9.5], "texture": "#9"},
				"south": {"uv": [10.5, 9.5, 12, 10], "texture": "#9"},
				"west": {"uv": [10.5, 10, 12, 10.5], "texture": "#9"},
				"up": {"uv": [12, 6.5, 9.5, 3], "texture": "#9"},
				"down": {"uv": [11, 4.5, 9.5, 6], "texture": "#9"}
			}
		},
		{
			"from": [2, 11, 1],
			"to": [3.5, 12.3, 3],
			"rotation": {"angle": 22.5, "axis": "y", "origin": [9, 11, 2]},
			"faces": {
				"north": {"uv": [8, 11, 10, 13.5], "texture": "#9"},
				"east": {"uv": [11, 8, 12, 8.5], "texture": "#9"},
				"south": {"uv": [11, 8.5, 12, 9], "texture": "#9"},
				"west": {"uv": [9.5, 11, 10.5, 11.5], "texture": "#9"},
				"up": {"uv": [6.5, 11.5, 5.5, 10.5], "texture": "#9"},
				"down": {"uv": [7.5, 10.5, 6.5, 11.5], "texture": "#9"}
			}
		},
		{
			"from": [6, 12.3, 2],
			"to": [7.5, 13, 4],
			"rotation": {"angle": -22.5, "axis": "y", "origin": [12, 11, 4]},
			"faces": {
				"north": {"uv": [11, 3, 12, 3.5], "texture": "#9"},
				"east": {"uv": [11, 3.5, 12, 4], "texture": "#9"},
				"south": {"uv": [11, 4, 12, 4.5], "texture": "#9"},
				"west": {"uv": [11, 4.5, 13, 7], "texture": "#9"},
				"up": {"uv": [10.5, 11, 9.5, 10], "texture": "#9"},
				"down": {"uv": [5.5, 10.5, 4.5, 11.5], "texture": "#9"}
			}
		},
		{
			"from": [14.15, 17.3, 3],
			"to": [15, 19.45, 8],
			"rotation": {"angle": 0, "axis": "y", "origin": [13, 11, 3]},
			"faces": {
				"north": {"uv": [3, 4, 5.5, 7], "texture": "#9"},
				"east": {"uv": [5, 5, 8.5, 8], "texture": "#9"},
				"south": {"uv": [6, 7, 7.5, 10], "texture": "#9"},
				"west": {"uv": [9.5, 0, 12, 1], "texture": "#9"},
				"up": {"uv": [6, 12, 4, 7], "texture": "#9"},
				"down": {"uv": [4.5, 10, 4, 12.5], "texture": "#9"}
			}
		},
		{
			"from": [11.75, 17.45, 3],
			"to": [17.35, 19.45, 8],
			"rotation": {"angle": 22.5, "axis": "z", "origin": [15.75, 11.45, 3]},
			"faces": {
				"north": {"uv": [5, 6, 9, 9], "texture": "#9"},
				"east": {"uv": [3, 9, 5.5, 10], "texture": "#9"},
				"south": {"uv": [2, 7, 6, 10], "texture": "#9"},
				"west": {"uv": [5.5, 9, 8, 10], "texture": "#9"},
				"up": {"uv": [10, 10, 4, 5], "texture": "#9"},
				"down": {"uv": [9.5, 5.5, 6.5, 8], "texture": "#9"}
			}
		},
		{
			"from": [8.4, 11.2, 5],
			"to": [8.9, 16.8, 6],
			"rotation": {"angle": -22.5, "axis": "z", "origin": [6.9, 18, 6]},
			"faces": {
				"north": {"uv": [0, 0, 5.6, 0.5], "rotation": 270, "texture": "#8"},
				"east": {"uv": [0, 0, 1, 5.6], "texture": "#8"},
				"south": {"uv": [0, 0, 5.6, 0.5], "rotation": 90, "texture": "#8"},
				"west": {"uv": [0, 0, 1, 5.6], "rotation": 180, "texture": "#8"},
				"up": {"uv": [0, 0, 1, 0.5], "rotation": 90, "texture": "#8"},
				"down": {"uv": [0, 0, 1, 0.5], "rotation": 90, "texture": "#8"}
			}
		},
		{
			"from": [8.2, 14.2, 5],
			"to": [8.4, 16.8, 6],
			"rotation": {"angle": -22.5, "axis": "z", "origin": [6.9, 18, 6]},
			"faces": {
				"north": {"uv": [0, 0, 2.6, 0.2], "rotation": 270, "texture": "#8"},
				"east": {"uv": [0, 0, 1, 2.6], "texture": "#8"},
				"south": {"uv": [0, 0, 2.6, 0.2], "rotation": 90, "texture": "#8"},
				"west": {"uv": [0, 0, 1, 2.6], "rotation": 180, "texture": "#8"},
				"up": {"uv": [0, 0, 1, 0.2], "rotation": 90, "texture": "#8"},
				"down": {"uv": [0, 0, 1, 0.2], "rotation": 90, "texture": "#8"}
			}
		},
		{
			"from": [8.9, 14.2, 5],
			"to": [9.1, 16.8, 6],
			"rotation": {"angle": -22.5, "axis": "z", "origin": [6.9, 18, 6]},
			"faces": {
				"north": {"uv": [0, 0, 2.6, 0.2], "rotation": 270, "texture": "#8"},
				"east": {"uv": [0, 0, 1, 2.6], "texture": "#8"},
				"south": {"uv": [0, 0, 2.6, 0.2], "rotation": 90, "texture": "#8"},
				"west": {"uv": [0, 0, 1, 2.6], "rotation": 180, "texture": "#8"},
				"up": {"uv": [0, 0, 1, 0.2], "rotation": 90, "texture": "#8"},
				"down": {"uv": [0, 0, 1, 0.2], "rotation": 90, "texture": "#8"}
			}
		},
		{
			"from": [8, 16.8, 4.7],
			"to": [9.3, 17.8, 6.3],
			"rotation": {"angle": -22.5, "axis": "z", "origin": [6.9, 18, 6]},
			"faces": {
				"north": {"uv": [0, 0, 1, 1.3], "rotation": 270, "texture": "#8"},
				"east": {"uv": [0, 0, 1.6, 1], "texture": "#8"},
				"south": {"uv": [0, 0, 1, 1.3], "rotation": 90, "texture": "#8"},
				"west": {"uv": [0, 0, 1.6, 1], "rotation": 180, "texture": "#8"},
				"up": {"uv": [0, 0, 1.6, 1.3], "rotation": 90, "texture": "#8"},
				"down": {"uv": [0, 0, 1.6, 1.3], "rotation": 90, "texture": "#8"}
			}
		},
		{
			"from": [-2.7, 0, 1.35],
			"to": [-0.5, 8, 1.35],
			"rotation": {"angle": 22.5, "axis": "y", "origin": [-0.5, 0, 0]},
			"faces": {
				"north": {"uv": [0, 0, 3, 8], "texture": "#12"},
				"east": {"uv": [0, 0, 0, 8], "texture": "#12"},
				"south": {"uv": [3, 0, 6, 8], "texture": "#12"},
				"west": {"uv": [0, 0, 0, 8], "texture": "#12"},
				"up": {"uv": [3, 0, 0, 0], "texture": "#12"},
				"down": {"uv": [3, 0, 0, 0], "texture": "#12"}
			}
		},
		{
			"from": [1.85, 0, 16.4],
			"to": [1.85, 8, 18.6],
			"rotation": {"angle": 22.5, "axis": "y", "origin": [0.5, 0, 16.4]},
			"faces": {
				"north": {"uv": [0, 0, 0, 8], "texture": "#12"},
				"east": {"uv": [3, 0, 6, 8], "texture": "#12"},
				"south": {"uv": [0, 0, 0, 8], "texture": "#12"},
				"west": {"uv": [0, 0, 3, 8], "texture": "#12"},
				"up": {"uv": [3, 0, 0, 0], "rotation": 270, "texture": "#12"},
				"down": {"uv": [3, 0, 0, 0], "rotation": 90, "texture": "#12"}
			}
		},
		{
			"from": [1.65, 0, -1.5],
			"to": [1.65, 8, 0.7],
			"rotation": {"angle": -22.5, "axis": "y", "origin": [3, 0, 0.7]},
			"faces": {
				"north": {"uv": [0, 0, 0, 8], "texture": "#13"},
				"east": {"uv": [0, 0, 2, 8], "texture": "#13"},
				"south": {"uv": [0, 0, 0, 8], "texture": "#13"},
				"west": {"uv": [2, 0, 4, 8], "texture": "#13"},
				"up": {"uv": [0, 2, 0, 0], "texture": "#13"},
				"down": {"uv": [0, 0, 0, 2], "texture": "#13"}
			}
		},
		{
			"from": [-1.2, 0, 14.35],
			"to": [1, 8, 14.35],
			"rotation": {"angle": -22.5, "axis": "y", "origin": [1, 0, 13]},
			"faces": {
				"north": {"uv": [0, 0, 2, 8], "texture": "#13"},
				"east": {"uv": [0, 0, 0, 8], "texture": "#13"},
				"south": {"uv": [2, 0, 4, 8], "texture": "#13"},
				"west": {"uv": [0, 0, 0, 8], "texture": "#13"},
				"up": {"uv": [0, 2, 0, 0], "rotation": 270, "texture": "#13"},
				"down": {"uv": [0, 0, 0, 2], "rotation": 90, "texture": "#13"}
			}
		},
		{
			"from": [14.15, 0, 16.4],
			"to": [14.15, 8, 18.6],
			"rotation": {"angle": -22.5, "axis": "y", "origin": [15.5, 0, 16.4]},
			"faces": {
				"north": {"uv": [0, 0, 0, 8], "texture": "#12"},
				"east": {"uv": [3, 0, 0, 8], "texture": "#12"},
				"south": {"uv": [0, 0, 0, 8], "texture": "#12"},
				"west": {"uv": [6, 0, 3, 8], "texture": "#12"},
				"up": {"uv": [3, 0, 0, 0], "rotation": 270, "texture": "#12"},
				"down": {"uv": [3, 0, 0, 0], "rotation": 90, "texture": "#12"}
			}
		},
		{
			"from": [15, 0, 14.35],
			"to": [17.2, 8, 14.35],
			"rotation": {"angle": 22.5, "axis": "y", "origin": [15, 0, 13]},
			"faces": {
				"north": {"uv": [2, 0, 0, 8], "texture": "#13"},
				"east": {"uv": [0, 0, 0, 8], "texture": "#13"},
				"south": {"uv": [4, 0, 2, 8], "texture": "#13"},
				"west": {"uv": [0, 0, 0, 8], "texture": "#13"},
				"up": {"uv": [0, 0, 0, 2], "rotation": 270, "texture": "#13"},
				"down": {"uv": [0, 2, 0, 0], "rotation": 90, "texture": "#13"}
			}
		},
		{
			"from": [16.5, 0, 1.35],
			"to": [18.7, 8, 1.35],
			"rotation": {"angle": -22.5, "axis": "y", "origin": [16.5, 0, 0]},
			"faces": {
				"north": {"uv": [3, 0, 0, 8], "texture": "#12"},
				"east": {"uv": [0, 0, 0, 8], "texture": "#12"},
				"south": {"uv": [6, 0, 3, 8], "texture": "#12"},
				"west": {"uv": [0, 0, 0, 8], "texture": "#12"},
				"up": {"uv": [0, 0, 3, 0], "texture": "#12"},
				"down": {"uv": [0, 0, 3, 0], "texture": "#12"}
			}
		},
		{
			"from": [14.35, 0, -1.5],
			"to": [14.35, 8, 0.7],
			"rotation": {"angle": 22.5, "axis": "y", "origin": [13, 0, 0.7]},
			"faces": {
				"north": {"uv": [0, 0, 0, 8], "texture": "#13"},
				"east": {"uv": [4, 0, 2, 8], "texture": "#13"},
				"south": {"uv": [0, 0, 0, 8], "texture": "#13"},
				"west": {"uv": [2, 0, 0, 8], "texture": "#13"},
				"up": {"uv": [0, 2, 0, 0], "texture": "#13"},
				"down": {"uv": [0, 0, 0, 2], "texture": "#13"}
			}
		},
		{
			"from": [0, 0, 0],
			"to": [16, 1, 16],
			"faces": {
				"north": {"uv": [0, 0, 9, 0.5], "texture": "#7"},
				"east": {"uv": [0, 0, 9, 0.5], "texture": "#7"},
				"south": {"uv": [0, 0, 9, 0.5], "texture": "#7"},
				"west": {"uv": [0, 0, 9, 0.5], "texture": "#7"},
				"up": {"uv": [0, 0, 9, 9], "texture": "#7"},
				"down": {"uv": [0, 0, 9, 9], "texture": "#7"}
			}
		}
	]
}