{
	"credit": "Made with Blockbench",
	"parent": "minecraft:block/button_pressed",
	"textures": {
		"1": "block/stripped_warped_stem",
		"2": "block/warped_stem",
		"particle": "block/stripped_warped_stem"
	},
	"elements": [
		{
			"from": [4.3, -0.7, 6],
			"to": [11.7, 1.3, 10],
			"rotation": {"angle": 0, "axis": "y", "origin": [0, -0.7, 0]},
			"faces": {
				"north": {"uv": [5, 14, 11, 16], "texture": "#1"},
				"east": {"uv": [6, 14, 10, 16], "texture": "#1"},
				"south": {"uv": [5, 14, 11, 16], "texture": "#1"},
				"west": {"uv": [6, 14, 10, 16], "texture": "#1"},
				"up": {"uv": [5, 6, 11, 10], "texture": "#1"},
				"down": {"uv": [5, 6, 11, 10], "texture": "#1", "cullface": "down"}
			}
		},
		{
			"from": [3.3, -2, 4.7],
			"to": [12.7, 1, 11.3],
			"faces": {
				"north": {"uv": [5, 14, 11, 16], "texture": "#2"},
				"east": {"uv": [6, 14, 10, 16], "texture": "#2"},
				"south": {"uv": [5, 14, 11, 16], "texture": "#2"},
				"west": {"uv": [6, 14, 10, 16], "texture": "#2"},
				"up": {"uv": [5, 6, 11, 10], "texture": "#2"},
				"down": {"uv": [5, 6, 11, 10], "texture": "#2", "cullface": "down"}
			}
		}
	]
}