{
	"credit": "Made with Blockbench",
	"texture_size": [8, 8],
	"textures": {
		"6": "block/campfire_log",
		"10": "block/anvil",
		"11": "block/cauldron_side",
		"12": "block/cauldron_top",
		"19": "block/brewing_cauldron_chain",
		"particle": "block/dark_oak_log"
	},
	"elements": [
		{
			"from": [3.98, 0, 9.46],
			"to": [12.18, 2.15, 11.56],
			"rotation": {"angle": 45, "axis": "y", "origin": [5.58, 0, 9.96]},
			"faces": {
				"north": {"uv": [0, 2, 7, 4], "texture": "#6"},
				"east": {"uv": [0, 4, 3, 7], "texture": "#6"},
				"south": {"uv": [0, 2, 7, 4], "texture": "#6"},
				"west": {"uv": [0, 4, 3, 7], "texture": "#6"},
				"up": {"uv": [0, 2, 7, 4], "texture": "#6"},
				"down": {"uv": [0, 2, 7, 4], "texture": "#6"}
			}
		},
		{
			"from": [3.38, 0, 8.76],
			"to": [11.58, 2.1, 10.86],
			"rotation": {"angle": -22.5, "axis": "y", "origin": [9.98, 0, 10.36]},
			"faces": {
				"north": {"uv": [0, 0, 7, 2], "texture": "#6"},
				"east": {"uv": [0, 5, 3, 8], "texture": "#6"},
				"south": {"uv": [0, 0, 7, 2], "texture": "#6"},
				"west": {"uv": [1, 5, 4, 8], "texture": "#6"},
				"up": {"uv": [2, 1, 9, 3], "texture": "#6"},
				"down": {"uv": [0, 0, 7, 2], "texture": "#6"}
			}
		},
		{
			"from": [7.68, 0, 4.66],
			"to": [9.78, 2.075, 12.86],
			"rotation": {"angle": 22.5, "axis": "y", "origin": [8.18, 0, 11.26]},
			"faces": {
				"north": {"uv": [0, 4, 3, 7], "texture": "#6"},
				"east": {"uv": [0, 2, 7, 4], "texture": "#6"},
				"south": {"uv": [0, 4, 3, 7], "texture": "#6"},
				"west": {"uv": [0, 0, 7, 2], "texture": "#6"},
				"up": {"uv": [0, 1, 6, 3], "rotation": 90, "texture": "#6"},
				"down": {"uv": [0, 2, 7, 4], "texture": "#6"}
			}
		},
		{
			"from": [1.9, 0, 7.4],
			"to": [3.1, 9, 8.6],
			"rotation": {"angle": 0, "axis": "y", "origin": [1.5, 0, 7]},
			"faces": {
				"north": {"uv": [0, 0, 2, 16], "texture": "#particle"},
				"east": {"uv": [0, 0, 2, 16], "texture": "#particle"},
				"south": {"uv": [0, 0, 2, 16], "texture": "#particle"},
				"west": {"uv": [0, 0, 2, 16], "texture": "#particle"},
				"up": {"uv": [0, 0, 2, 2], "texture": "#particle"},
				"down": {"uv": [0, 0, 2, 2], "texture": "#particle"}
			}
		},
		{
			"from": [1.9, 9, 7.4],
			"to": [3.1, 18, 8.6],
			"rotation": {"angle": 0, "axis": "y", "origin": [1.5, 9, 7]},
			"faces": {
				"north": {"uv": [0, 0, 2, 16], "texture": "#particle"},
				"east": {"uv": [0, 0, 2, 16], "texture": "#particle"},
				"south": {"uv": [0, 0, 2, 16], "texture": "#particle"},
				"west": {"uv": [0, 0, 2, 16], "texture": "#particle"},
				"up": {"uv": [0, 0, 2, 2], "texture": "#particle"},
				"down": {"uv": [0, 0, 2, 2], "texture": "#particle"}
			}
		},
		{
			"from": [12.9, 0, 7.4],
			"to": [14.1, 9, 8.6],
			"rotation": {"angle": 0, "axis": "y", "origin": [12.5, 0, 7]},
			"faces": {
				"north": {"uv": [0, 0, 2, 16], "texture": "#particle"},
				"east": {"uv": [0, 0, 2, 16], "texture": "#particle"},
				"south": {"uv": [0, 0, 2, 16], "texture": "#particle"},
				"west": {"uv": [0, 0, 2, 16], "texture": "#particle"},
				"up": {"uv": [0, 0, 2, 2], "texture": "#particle"},
				"down": {"uv": [0, 0, 2, 2], "texture": "#particle"}
			}
		},
		{
			"from": [12.9, 9, 7.4],
			"to": [14.1, 18, 8.6],
			"rotation": {"angle": 0, "axis": "y", "origin": [12.5, 9, 7]},
			"faces": {
				"north": {"uv": [0, 0, 2, 16], "texture": "#particle"},
				"east": {"uv": [0, 0, 2, 16], "texture": "#particle"},
				"south": {"uv": [0, 0, 2, 16], "texture": "#particle"},
				"west": {"uv": [0, 0, 2, 16], "texture": "#particle"},
				"up": {"uv": [0, 0, 2, 2], "texture": "#particle"},
				"down": {"uv": [0, 0, 2, 2], "texture": "#particle"}
			}
		},
		{
			"from": [3.1, 15.4, 7.4],
			"to": [12.9, 16.6, 8.6],
			"rotation": {"angle": 0, "axis": "z", "origin": [12.9, 15, 7]},
			"faces": {
				"north": {"uv": [0, 0, 2, 16], "rotation": 90, "texture": "#particle"},
				"east": {"uv": [0, 0, 2, 2], "rotation": 270, "texture": "#particle"},
				"south": {"uv": [0, 0, 2, 16], "rotation": 270, "texture": "#particle"},
				"west": {"uv": [0, 0, 2, 2], "rotation": 270, "texture": "#particle"},
				"up": {"uv": [0, 0, 2, 16], "rotation": 270, "texture": "#particle"},
				"down": {"uv": [0, 0, 2, 16], "rotation": 270, "texture": "#particle"}
			}
		},
		{
			"from": [17.1, 15.6, 7.8],
			"to": [17.7, 21.4, 8.2],
			"rotation": {"angle": 45, "axis": "z", "origin": [20.5, 6.6, 6.4]},
			"faces": {
				"north": {"uv": [1.2, 0.1, 1.8, 5.9], "texture": "#10"},
				"east": {"uv": [0.4, 0, 0.8, 5.8], "texture": "#10"},
				"south": {"uv": [1.2, 0.1, 1.8, 5.9], "texture": "#10"},
				"west": {"uv": [0.4, 0, 0.8, 5.8], "texture": "#10"},
				"up": {"uv": [0.6, 0, 1.2, 0.4], "texture": "#10"},
				"down": {"uv": [0.6, 0, 1.2, 0.4], "texture": "#10"}
			}
		},
		{
			"from": [17.1, 12.4, 8.4],
			"to": [17.8, 13.2, 8.8],
			"rotation": {"angle": 22.5, "axis": "z", "origin": [20.5, -1.8, 7]},
			"faces": {
				"north": {"uv": [0.6, 0, 1.3, 0.8], "texture": "#10"},
				"east": {"uv": [0.4, 0, 0.8, 0.8], "texture": "#10"},
				"south": {"uv": [0.6, 0, 1.3, 0.8], "texture": "#10"},
				"west": {"uv": [0.4, 0, 0.8, 0.8], "texture": "#10"},
				"up": {"uv": [0.6, 0, 1.3, 0.4], "texture": "#10"},
				"down": {"uv": [0.6, 0, 1.3, 0.4], "texture": "#10"}
			}
		},
		{
			"from": [-1.6, 15.6, 7.8],
			"to": [-1, 21.4, 8.2],
			"rotation": {"angle": -45, "axis": "z", "origin": [-4.4, 6.6, 6.4]},
			"faces": {
				"north": {"uv": [1.2, 0, 1.8, 5.8], "texture": "#10"},
				"east": {"uv": [0.8, 0, 1.2, 5.8], "texture": "#10"},
				"south": {"uv": [1.2, 0, 1.8, 5.8], "texture": "#10"},
				"west": {"uv": [0.8, 0, 1.2, 5.8], "texture": "#10"},
				"up": {"uv": [1.2, 0, 1.8, 0.4], "texture": "#10"},
				"down": {"uv": [1.2, 0, 1.8, 0.4], "texture": "#10"}
			}
		},
		{
			"from": [-1.7, 12.4, 8.4],
			"to": [-1, 13.2, 8.8],
			"rotation": {"angle": -22.5, "axis": "z", "origin": [-4.4, -1.8, 7]},
			"faces": {
				"north": {"uv": [1.3, 0, 2, 0.8], "texture": "#10"},
				"east": {"uv": [0.8, 0, 1.2, 0.8], "texture": "#10"},
				"south": {"uv": [1.3, 0, 2, 0.8], "texture": "#10"},
				"west": {"uv": [0.8, 0, 1.2, 0.8], "texture": "#10"},
				"up": {"uv": [1.3, 0, 2, 0.4], "texture": "#10"},
				"down": {"uv": [1.3, 0, 2, 0.4], "texture": "#10"}
			}
		},
		{
			"from": [5.1, 10, 11],
			"to": [11.1, 11, 12],
			"rotation": {"angle": 0, "axis": "y", "origin": [8.5, 2, 8.4]},
			"faces": {
				"north": {"uv": [1, 1, 7, 2], "texture": "#12"},
				"east": {"uv": [2, 1, 3, 2], "texture": "#12"},
				"south": {"uv": [1, 1, 7, 2], "texture": "#12"},
				"west": {"uv": [2, 1, 3, 2], "texture": "#12"},
				"up": {"uv": [1, 1, 2, 7], "rotation": 90, "texture": "#12"},
				"down": {"uv": [1, 1, 2, 7], "rotation": 270, "texture": "#12"}
			}
		},
		{
			"from": [4.1, 10, 5],
			"to": [5.1, 11, 11],
			"rotation": {"angle": 0, "axis": "y", "origin": [7.7, 2, 8.4]},
			"faces": {
				"north": {"uv": [2, 1, 3, 2], "texture": "#12"},
				"east": {"uv": [1, 1, 7, 2], "texture": "#12"},
				"south": {"uv": [2, 1, 3, 2], "texture": "#12"},
				"west": {"uv": [1, 1, 7, 2], "texture": "#12"},
				"up": {"uv": [1, 1, 2, 7], "rotation": 180, "texture": "#12"},
				"down": {"uv": [1, 1, 2, 7], "rotation": 180, "texture": "#12"}
			}
		},
		{
			"from": [11.1, 10, 5],
			"to": [12.1, 11, 11],
			"rotation": {"angle": 0, "axis": "y", "origin": [14.7, 2, 8.4]},
			"faces": {
				"north": {"uv": [2, 1, 3, 2], "texture": "#12"},
				"east": {"uv": [1, 1, 7, 2], "texture": "#12"},
				"south": {"uv": [2, 1, 3, 2], "texture": "#12"},
				"west": {"uv": [1, 1, 7, 2], "texture": "#12"},
				"up": {"uv": [1, 1, 2, 7], "rotation": 180, "texture": "#12"},
				"down": {"uv": [1, 1, 2, 7], "rotation": 180, "texture": "#12"}
			}
		},
		{
			"from": [5.1, 10, 4],
			"to": [11.1, 11, 5],
			"rotation": {"angle": 0, "axis": "y", "origin": [8.5, 2, 1.4]},
			"faces": {
				"north": {"uv": [1, 1, 7, 2], "texture": "#12"},
				"east": {"uv": [2, 1, 3, 2], "texture": "#12"},
				"south": {"uv": [1, 1, 7, 2], "texture": "#12"},
				"west": {"uv": [2, 1, 3, 2], "texture": "#12"},
				"up": {"uv": [1, 1, 2, 7], "rotation": 90, "texture": "#12"},
				"down": {"uv": [1, 1, 2, 7], "rotation": 270, "texture": "#12"}
			}
		},
		{
			"from": [5.1, 9, 6],
			"to": [6.1, 10, 10],
			"rotation": {"angle": 0, "axis": "y", "origin": [2.5, 1, 6.4]},
			"faces": {
				"north": {"uv": [0, 0, 1, 1], "texture": "#12"},
				"east": {"uv": [1, 1, 5, 2], "texture": "#12"},
				"south": {"uv": [0, 0, 1, 1], "texture": "#12"},
				"west": {"uv": [1, 0, 5, 1], "texture": "#12"},
				"up": {"uv": [1, 1, 2, 5], "texture": "#12"},
				"down": {"uv": [0, 1, 1, 5], "texture": "#12"}
			}
		},
		{
			"from": [10.1, 9, 6],
			"to": [11.1, 10, 10],
			"rotation": {"angle": 0, "axis": "y", "origin": [7.5, 1, 6.4]},
			"faces": {
				"north": {"uv": [0, 0, 1, 1], "rotation": 270, "texture": "#12"},
				"east": {"uv": [1, 0, 5, 1], "texture": "#12"},
				"south": {"uv": [0, 0, 1, 1], "texture": "#12"},
				"west": {"uv": [1, 1, 5, 2], "texture": "#12"},
				"up": {"uv": [1, 1, 2, 5], "texture": "#12"},
				"down": {"uv": [0, 1, 1, 5], "texture": "#12"}
			}
		},
		{
			"from": [5.1, 4, 5],
			"to": [11.1, 5, 11],
			"rotation": {"angle": 0, "axis": "y", "origin": [8.5, -1, 8.4]},
			"faces": {
				"north": {"uv": [0, 0, 6, 1], "texture": "#11"},
				"east": {"uv": [0, 0, 6, 1], "texture": "#11"},
				"south": {"uv": [0, 0, 6, 1], "texture": "#11"},
				"west": {"uv": [0, 0, 6, 1], "texture": "#11"},
				"up": {"uv": [6, 5, 12, 11], "rotation": 90, "texture": "#11"},
				"down": {"uv": [6, 5, 12, 11], "rotation": 270, "texture": "#11"}
			}
		},
		{
			"from": [5.1, 9, 5],
			"to": [11.1, 10, 6],
			"rotation": {"angle": 0, "axis": "y", "origin": [8.5, 1, 2.4]},
			"faces": {
				"north": {"uv": [1, 0, 7, 1], "texture": "#12"},
				"east": {"uv": [0, 0, 1, 1], "texture": "#12"},
				"south": {"uv": [1, 1, 7, 2], "texture": "#12"},
				"west": {"uv": [0, 0, 1, 1], "texture": "#12"},
				"up": {"uv": [1, 1, 2, 7], "rotation": 90, "texture": "#12"},
				"down": {"uv": [0, 1, 1, 7], "rotation": 270, "texture": "#12"}
			}
		},
		{
			"from": [5.1, 9, 10],
			"to": [11.1, 10, 11],
			"rotation": {"angle": 0, "axis": "y", "origin": [8.5, 1, 7.4]},
			"faces": {
				"north": {"uv": [1, 1, 7, 2], "texture": "#12"},
				"east": {"uv": [0, 0, 1, 1], "texture": "#12"},
				"south": {"uv": [1, 0, 7, 1], "texture": "#12"},
				"west": {"uv": [0, 0, 1, 1], "texture": "#12"},
				"up": {"uv": [1, 1, 2, 7], "rotation": 90, "texture": "#12"},
				"down": {"uv": [0, 1, 1, 7], "rotation": 270, "texture": "#12"}
			}
		},
		{
			"from": [5.1, 5, 4],
			"to": [11.1, 9, 5],
			"rotation": {"angle": 0, "axis": "y", "origin": [8.5, 0, 1.4]},
			"faces": {
				"north": {"uv": [5, 1, 11, 5], "texture": "#11"},
				"east": {"uv": [5, 1, 6, 5], "texture": "#11"},
				"south": {"uv": [5, 1, 11, 5], "texture": "#11"},
				"west": {"uv": [10, 1, 11, 5], "texture": "#11"},
				"up": {"uv": [11, 1, 5, 2], "rotation": 90, "texture": "#11"},
				"down": {"uv": [11, 4, 5, 5], "rotation": 270, "texture": "#11"}
			}
		},
		{
			"from": [5.1, 5, 11],
			"to": [11.1, 9, 12],
			"rotation": {"angle": 0, "axis": "y", "origin": [8.5, 0, 8.4]},
			"faces": {
				"north": {"uv": [5, 1, 11, 5], "texture": "#11"},
				"east": {"uv": [5, 1, 6, 5], "texture": "#11"},
				"south": {"uv": [5, 1, 11, 5], "texture": "#11"},
				"west": {"uv": [10, 1, 11, 5], "texture": "#11"},
				"up": {"uv": [11, 1, 5, 2], "rotation": 90, "texture": "#11"},
				"down": {"uv": [11, 4, 5, 5], "rotation": 270, "texture": "#11"}
			}
		},
		{
			"from": [4.1, 5, 5],
			"to": [5.1, 9, 11],
			"rotation": {"angle": 0, "axis": "y", "origin": [7.7, 0, 8.4]},
			"faces": {
				"north": {"uv": [10, 1, 11, 5], "texture": "#11"},
				"east": {"uv": [5, 1, 11, 5], "texture": "#11"},
				"south": {"uv": [5, 1, 6, 5], "texture": "#11"},
				"west": {"uv": [5, 1, 11, 5], "texture": "#11"},
				"up": {"uv": [11, 1, 5, 2], "rotation": 180, "texture": "#11"},
				"down": {"uv": [11, 4, 5, 5], "rotation": 180, "texture": "#11"}
			}
		},
		{
			"from": [11.1, 5, 5],
			"to": [12.1, 9, 11],
			"rotation": {"angle": 0, "axis": "y", "origin": [14.7, 0, 8.4]},
			"faces": {
				"north": {"uv": [10, 1, 11, 5], "texture": "#11"},
				"east": {"uv": [5, 1, 11, 5], "texture": "#11"},
				"south": {"uv": [5, 1, 6, 5], "texture": "#11"},
				"west": {"uv": [5, 1, 11, 5], "texture": "#11"},
				"up": {"uv": [11, 1, 5, 2], "rotation": 180, "texture": "#11"},
				"down": {"uv": [11, 4, 5, 5], "rotation": 180, "texture": "#11"}
			}
		},
		{
			"from": [7.1, 14, 8],
			"to": [8.9, 16, 8],
			"rotation": {"angle": 0, "axis": "y", "origin": [12.5, 0, 7]},
			"faces": {
				"north": {"uv": [0, 0, 4, 4], "texture": "#19"},
				"east": {"uv": [0, 0, 0, 4], "texture": "#19"},
				"south": {"uv": [0, 4, 4, 8], "texture": "#19"},
				"west": {"uv": [0, 0, 0, 4], "texture": "#19"},
				"up": {"uv": [4, 0, 0, 0], "texture": "#19"},
				"down": {"uv": [4, 0, 0, 0], "texture": "#19"}
			}
		}
	],
	"display": {
		"thirdperson_righthand": {
			"rotation": [75, 45, 0],
			"translation": [0, 2.5, 0],
			"scale": [0.375, 0.375, 0.375]
		},
		"thirdperson_lefthand": {
			"rotation": [75, 45, 0],
			"translation": [0, 2.5, 0],
			"scale": [0.375, 0.375, 0.375]
		},
		"firstperson_righthand": {
			"rotation": [0, 45, 0],
			"translation": [0, 3.75, 0],
			"scale": [0.44, 0.44, 0.44]
		},
		"firstperson_lefthand": {
			"rotation": [0, 45, 0],
			"translation": [0, 3.75, 0],
			"scale": [0.44, 0.44, 0.44]
		},
		"ground": {
			"translation": [0, 3, 0],
			"scale": [0.38, 0.38, 0.38]
		},
		"gui": {
			"rotation": [30, 225, 0],
			"translation": [0, -0.5, 0],
			"scale": [0.79, 0.79, 0.79]
		},
		"head": {
			"translation": [0, 14.25, 0]
		},
		"fixed": {
			"rotation": [-90, 0, 0],
			"translation": [0, 0, -7.25]
		}
	},
	"groups": [
		{
			"name": "Glass",
			"origin": [9.6, 7, 6.4],
			"color": 0,
			"children": []
		},
		{
			"name": "Glass",
			"origin": [9.6, 7, 6.4],
			"color": 0,
			"children": []
		},
		{
			"name": "Glass",
			"origin": [9.6, 7, 6.4],
			"color": 0,
			"children": []
		},
		{
			"name": "Glass",
			"origin": [9.6, 7, 6.4],
			"color": 0,
			"children": []
		},
		{
			"name": "Glass",
			"origin": [9.6, 7, 6.4],
			"color": 0,
			"children": []
		},
		{
			"name": "Glass",
			"origin": [9.6, 7, 6.4],
			"color": 0,
			"children": []
		},
		{
			"name": "Glass",
			"origin": [9.6, 7, 6.4],
			"color": 0,
			"children": [
				{
					"name": "group",
					"origin": [2.8, 1, 12.4],
					"color": 0,
					"children": [
						{
							"name": "group",
							"origin": [2.8, 1, 12.4],
							"color": 0,
							"children": []
						},
						{
							"name": "group",
							"origin": [2.8, 1, 12.4],
							"color": 0,
							"children": [
								{
									"name": "group",
									"origin": [2.8, 1, 12.4],
									"color": 0,
									"children": []
								}
							]
						}
					]
				}
			]
		},
		{
			"name": "Glass",
			"origin": [9.6, 7, 6.4],
			"color": 0,
			"children": [
				{
					"name": "group",
					"origin": [5.6, 16.7, 4.9],
					"color": 0,
					"children": []
				},
				{
					"name": "group",
					"origin": [5.6, 16.7, 4.9],
					"color": 0,
					"children": []
				}
			]
		},
		{
			"name": "Glass",
			"origin": [9.6, 7, 6.4],
			"color": 0,
			"children": [
				{
					"name": "group",
					"origin": [5.6, 16.7, 4.9],
					"color": 0,
					"children": []
				},
				{
					"name": "group",
					"origin": [5.6, 16.7, 4.9],
					"color": 0,
					"children": []
				}
			]
		},
		{
			"name": "Glass",
			"origin": [9.6, 7, 6.4],
			"color": 0,
			"children": [
				{
					"name": "group",
					"origin": [12, 13, 10.4],
					"color": 0,
					"children": []
				},
				{
					"name": "group",
					"origin": [12, 13, 10.4],
					"color": 0,
					"children": []
				}
			]
		},
		{
			"name": "Glass",
			"origin": [9.6, 7, 6.4],
			"color": 0,
			"children": [
				{
					"name": "group",
					"origin": [12, 13, 10.4],
					"color": 0,
					"children": []
				},
				{
					"name": "group",
					"origin": [12, 13, 10.4],
					"color": 0,
					"children": []
				}
			]
		},
		{
			"name": "Glass",
			"origin": [9.6, 7, 6.4],
			"color": 0,
			"children": [
				{
					"name": "group",
					"origin": [12, 13, 10.4],
					"color": 0,
					"children": []
				},
				{
					"name": "group",
					"origin": [12, 13, 10.4],
					"color": 0,
					"children": []
				}
			]
		},
		{
			"name": "candle",
			"origin": [10, 16, 15.5],
			"color": 0,
			"children": []
		},
		{
			"name": "candle",
			"origin": [10, 16, 15.5],
			"color": 0,
			"children": []
		},
		{
			"name": "SIDES",
			"origin": [0, 0, 0],
			"color": 0,
			"children": []
		},
		{
			"name": "FRONT",
			"origin": [-13, 0, 0],
			"color": 0,
			"children": []
		},
		{
			"name": "INTERIOR",
			"origin": [0, -0.75, 30],
			"color": 0,
			"children": [
				{
					"name": "LOGS",
					"origin": [6.1, 4, 6.2],
					"color": 0,
					"children": [0, 1, 2]
				}
			]
		},
		{
			"name": "TOP",
			"origin": [0, 0, 30],
			"color": 0,
			"children": []
		},
		{
			"name": "EXTRAS",
			"origin": [0, 0, -14],
			"color": 0,
			"children": [
				{
					"name": "Tongs",
					"origin": [8, 8, 8],
					"color": 0,
					"children": [
						{
							"name": "first",
							"origin": [4.7, 16, 0.95],
							"color": 0,
							"children": []
						},
						{
							"name": "second",
							"origin": [4.7, 16, 0.95],
							"color": 0,
							"children": []
						}
					]
				},
				{
					"name": "Chimney",
					"origin": [19, 0, -1],
					"color": 0,
					"children": []
				}
			]
		},
		{
			"name": "BOTTOM",
			"origin": [0, 0, 0],
			"color": 0,
			"children": []
		},
		3,
		4,
		5,
		6,
		7,
		8,
		9,
		10,
		11,
		12,
		13,
		14,
		15,
		16,
		17,
		18,
		19,
		20,
		21,
		22,
		23,
		24,
		25,
		{
			"name": "bottle",
			"origin": [12.5, 4.1, 7.5],
			"color": 0,
			"children": []
		}
	]
}